condition_name,experiment_type,seed,selection_criteria,isolation_fraction,isolation_duration,isolation_frequency,no_return,num_generations,steps_per_generation,food_initial,food_max,ctrl_avg_fitness,treat_avg_fitness,fitness_impact,ctrl_alive_final,treat_alive_final,treat_extinct,ctrl_extinction_step,treat_extinction_step,ctrl_total_food,treat_total_food,food_reduction_pct,ctrl_diversity_final,treat_diversity_final,total_isolations,total_returns
mech_md00_ppoff_r05,mechanism_sweep,1000,adventurousness,0.05,50,50,False,5,1000,,,0.5052200000000001,0.6119600000000001,0.10673999999999995,5,24,False,1970,,242,680,-180.99,0.1985,0.2324,87,77
mech_md00_ppoff_r05,mechanism_sweep,1137,adventurousness,0.05,50,50,False,5,1000,,,0.6675199999999999,0.40381999999999996,-0.26369999999999993,2,2,True,,955,371,106,71.43,0.1709,0.2345,44,35
mech_md00_ppoff_r05,mechanism_sweep,1274,adventurousness,0.05,50,50,False,5,1000,,,0.50666,0.6054999999999999,0.09883999999999993,0,1,False,4740,,200,673,-236.5,0,0.0,84,78
mech_md00_ppoff_r05,mechanism_sweep,1411,adventurousness,0.05,50,50,False,5,1000,,,0.5096999999999999,0.67988,0.1701800000000001,1,1,False,3995,,212,365,-72.17,0.0,0.0,49,43
mech_md00_ppoff_r05,mechanism_sweep,1548,adventurousness,0.05,50,50,False,5,1000,,,0.6309199999999999,0.6779999999999999,0.04708000000000001,1,26,False,,,222,788,-254.95,0.0,0.1999,84,76
mech_md00_ppoff_r05,mechanism_sweep,1685,adventurousness,0.05,50,50,False,5,1000,,,0.57816,0.60762,0.02946000000000004,2,1,False,,,706,206,70.82,0.0329,0.0,57,51
mech_md00_ppoff_r05,mechanism_sweep,1822,adventurousness,0.05,50,50,False,5,1000,,,0.52042,0.66856,0.14814000000000005,1,6,False,,,243,280,-15.23,0.0,0.2255,60,52
mech_md00_ppoff_r05,mechanism_sweep,1959,adventurousness,0.05,50,50,False,5,1000,,,0.6042799999999999,0.55486,-0.04941999999999991,10,24,False,,,642,667,-3.89,0.1686,0.144,101,91
mech_md00_ppoff_r05,mechanism_sweep,2096,adventurousness,0.05,50,50,False,5,1000,,,0.61922,0.6551400000000001,0.03592000000000006,3,4,False,,,333,574,-72.37,0.3595,0.214,53,51
mech_md00_ppoff_r05,mechanism_sweep,2233,adventurousness,0.05,50,50,False,5,1000,,,0.46342,0.51954,0.05612,11,0,True,1978,4975,317,303,4.42,0.2327,0,69,65
mech_md00_ppoff_r05,mechanism_sweep,2370,adventurousness,0.05,50,50,False,5,1000,,,0.6038,0.60188,-0.0019200000000000328,6,7,False,,,644,485,24.69,0.2273,0.2434,61,59
mech_md00_ppoff_r05,mechanism_sweep,2507,adventurousness,0.05,50,50,False,5,1000,,,0.66184,0.6138600000000001,-0.04797999999999991,1,2,False,,,450,370,17.78,0.0,0.0647,62,60
mech_md00_ppoff_r05,mechanism_sweep,2644,adventurousness,0.05,50,50,False,5,1000,,,0.5058400000000001,0.38398,-0.12186000000000008,0,1,True,4900,2956,165,60,63.64,0,0.0,40,36
mech_md00_ppoff_r05,mechanism_sweep,2781,adventurousness,0.05,50,50,False,5,1000,,,0.69938,0.66382,-0.035560000000000036,3,15,False,,,438,925,-111.19,0.3218,0.2785,72,66
mech_md00_ppoff_r05,mechanism_sweep,2918,adventurousness,0.05,50,50,False,5,1000,,,0.51832,0.62568,0.10736000000000001,8,2,False,,,801,314,60.8,0.0966,0.3557,50,44
mech_md00_ppoff_r05,mechanism_sweep,3055,adventurousness,0.05,50,50,False,5,1000,,,0.40568,0.6052799999999999,0.19959999999999994,4,13,False,2969,,422,821,-94.55,0.2716,0.2129,73,68
mech_md00_ppoff_r05,mechanism_sweep,3192,adventurousness,0.05,50,50,False,5,1000,,,0.49184,0.45298,-0.038860000000000006,4,0,True,3000,4850,254,139,45.28,0.113,0,58,55
mech_md00_ppoff_r05,mechanism_sweep,3329,adventurousness,0.05,50,50,False,5,1000,,,0.62232,0.39754000000000006,-0.22477999999999992,1,0,True,,3717,317,99,68.77,0.0,0,51,44
mech_md00_ppoff_r05,mechanism_sweep,3466,adventurousness,0.05,50,50,False,5,1000,,,0.51648,0.3854,-0.13108000000000003,11,0,True,,2750,832,197,76.32,0.1648,0,48,44
mech_md00_ppoff_r05,mechanism_sweep,3603,adventurousness,0.05,50,50,False,5,1000,,,0.65438,0.57668,-0.07769999999999999,3,2,False,,,334,291,12.87,0.1169,0.1265,74,67
mech_md00_ppoff_r05,mechanism_sweep,3740,adventurousness,0.05,50,50,False,5,1000,,,0.69278,0.60542,-0.08736,2,12,False,,,496,604,-21.77,0.2647,0.1956,59,52
mech_md00_ppoff_r05,mechanism_sweep,3877,adventurousness,0.05,50,50,False,5,1000,,,0.5939800000000001,0.24276,-0.3512200000000001,3,0,True,,1847,392,81,79.34,0.1318,0,59,54
mech_md00_ppoff_r05,mechanism_sweep,4014,adventurousness,0.05,50,50,False,5,1000,,,0.5856199999999999,0.34476,-0.2408599999999999,12,0,True,,3875,1341,237,82.33,0.1733,0,51,49
mech_md00_ppoff_r05,mechanism_sweep,4151,adventurousness,0.05,50,50,False,5,1000,,,0.5128999999999999,0.49478,-0.018119999999999914,2,0,True,2847,4756,229,559,-144.1,0.2304,0,74,69
mech_md00_ppoff_r05,mechanism_sweep,4288,adventurousness,0.05,50,50,False,5,1000,,,0.62658,0.6138199999999999,-0.012760000000000105,6,2,False,,,597,423,29.15,0.3221,0.201,63,62
mech_md00_ppoff_r05,mechanism_sweep,4425,adventurousness,0.05,50,50,False,5,1000,,,0.5837600000000001,0.63238,0.04862,13,5,False,,,511,565,-10.57,0.2041,0.3121,64,60
mech_md00_ppoff_r05,mechanism_sweep,4562,adventurousness,0.05,50,50,False,5,1000,,,0.53024,0.47794,-0.05230000000000007,0,0,True,4875,4992,204,227,-11.27,0,0,59,55
mech_md00_ppoff_r05,mechanism_sweep,4699,adventurousness,0.05,50,50,False,5,1000,,,0.63632,0.62104,-0.01527999999999996,7,5,False,,,318,684,-115.09,0.1842,0.2673,63,61
mech_md00_ppoff_r05,mechanism_sweep,4836,adventurousness,0.05,50,50,False,5,1000,,,0.50918,0.58836,0.07918000000000003,1,6,False,3935,,273,732,-168.13,0.0,0.2662,71,65
mech_md00_ppoff_r05,mechanism_sweep,4973,adventurousness,0.05,50,50,False,5,1000,,,0.5577,0.5958,0.03810000000000002,9,5,False,,,734,426,41.96,0.2373,0.1042,82,75
mech_md00_ppoff_r10,mechanism_sweep,1000,adventurousness,0.1,50,50,False,5,1000,,,0.5052200000000001,0.55694,0.05171999999999988,5,11,False,1970,,242,775,-220.25,0.1985,0.1302,295,270
mech_md00_ppoff_r10,mechanism_sweep,1137,adventurousness,0.1,50,50,False,5,1000,,,0.6675199999999999,0.62266,-0.0448599999999999,2,12,False,,,371,379,-2.16,0.1709,0.1759,180,155
mech_md00_ppoff_r10,mechanism_sweep,1274,adventurousness,0.1,50,50,False,5,1000,,,0.50666,0.5998600000000001,0.09320000000000006,0,5,False,4740,,200,479,-139.5,0,0.176,148,135
mech_md00_ppoff_r10,mechanism_sweep,1411,adventurousness,0.1,50,50,False,5,1000,,,0.5096999999999999,0.63758,0.1278800000000001,1,2,False,3995,,212,275,-29.72,0.0,0.2507,175,166
mech_md00_ppoff_r10,mechanism_sweep,1548,adventurousness,0.1,50,50,False,5,1000,,,0.6309199999999999,0.6556,0.024680000000000035,1,7,False,,,222,529,-138.29,0.0,0.2556,148,133
mech_md00_ppoff_r10,mechanism_sweep,1685,adventurousness,0.1,50,50,False,5,1000,,,0.57816,0.6557999999999999,0.07763999999999993,2,4,False,,,706,699,0.99,0.0329,0.3189,185,176
mech_md00_ppoff_r10,mechanism_sweep,1822,adventurousness,0.1,50,50,False,5,1000,,,0.52042,0.42544000000000004,-0.09497999999999995,1,0,True,,4924,243,146,39.92,0.0,0,166,154
mech_md00_ppoff_r10,mechanism_sweep,1959,adventurousness,0.1,50,50,False,5,1000,,,0.6042799999999999,0.55448,-0.049799999999999955,10,12,False,,,642,997,-55.3,0.1686,0.2404,272,241
mech_md00_ppoff_r10,mechanism_sweep,2096,adventurousness,0.1,50,50,False,5,1000,,,0.61922,0.6549400000000001,0.035720000000000085,3,3,False,,,333,641,-92.49,0.3595,0.061,170,164
mech_md00_ppoff_r10,mechanism_sweep,2233,adventurousness,0.1,50,50,False,5,1000,,,0.46342,0.63642,0.173,11,3,False,1978,,317,277,12.62,0.2327,0.3659,154,138
mech_md00_ppoff_r10,mechanism_sweep,2370,adventurousness,0.1,50,50,False,5,1000,,,0.6038,0.6601600000000001,0.05636000000000008,6,2,False,,,644,326,49.38,0.2273,0.2502,144,135
mech_md00_ppoff_r10,mechanism_sweep,2507,adventurousness,0.1,50,50,False,5,1000,,,0.66184,0.6171,-0.04474,1,3,False,,,450,322,28.44,0.0,0.3425,150,138
mech_md00_ppoff_r10,mechanism_sweep,2644,adventurousness,0.1,50,50,False,5,1000,,,0.5058400000000001,0.51556,0.009719999999999951,0,0,True,4900,4806,165,293,-77.58,0,0,152,140
mech_md00_ppoff_r10,mechanism_sweep,2781,adventurousness,0.1,50,50,False,5,1000,,,0.69938,0.6508399999999999,-0.04854000000000014,3,2,False,,,438,388,11.42,0.3218,0.3789,120,107
mech_md00_ppoff_r10,mechanism_sweep,2918,adventurousness,0.1,50,50,False,5,1000,,,0.51832,0.6363,0.11797999999999997,8,11,False,,,801,651,18.73,0.0966,0.221,246,218
mech_md00_ppoff_r10,mechanism_sweep,3055,adventurousness,0.1,50,50,False,5,1000,,,0.40568,0.48106,0.07538,4,4,True,2969,1937,422,179,57.58,0.2716,0.1824,130,121
mech_md00_ppoff_r10,mechanism_sweep,3192,adventurousness,0.1,50,50,False,5,1000,,,0.49184,0.46763999999999994,-0.024200000000000055,4,13,True,3000,1800,254,423,-66.54,0.113,0.269,183,166
mech_md00_ppoff_r10,mechanism_sweep,3329,adventurousness,0.1,50,50,False,5,1000,,,0.62232,0.6745,0.052180000000000004,1,4,False,,,317,228,28.08,0.0,0.2869,129,119
mech_md00_ppoff_r10,mechanism_sweep,3466,adventurousness,0.1,50,50,False,5,1000,,,0.51648,0.68808,0.17159999999999997,11,1,False,,,832,463,44.35,0.1648,0.0,179,158
mech_md00_ppoff_r10,mechanism_sweep,3603,adventurousness,0.1,50,50,False,5,1000,,,0.65438,0.65002,-0.0043599999999999195,3,1,False,,,334,300,10.18,0.1169,0.0,134,123
mech_md00_ppoff_r10,mechanism_sweep,3740,adventurousness,0.1,50,50,False,5,1000,,,0.69278,0.6230800000000001,-0.06969999999999987,2,4,False,,,496,756,-52.42,0.2647,0.2828,189,177
mech_md00_ppoff_r10,mechanism_sweep,3877,adventurousness,0.1,50,50,False,5,1000,,,0.5939800000000001,0.44864,-0.14534000000000008,3,1,True,,2985,392,189,51.79,0.1318,0.0,138,127
mech_md00_ppoff_r10,mechanism_sweep,4014,adventurousness,0.1,50,50,False,5,1000,,,0.5856199999999999,0.3365,-0.2491199999999999,12,0,True,,3752,1341,330,75.39,0.1733,0,149,136
mech_md00_ppoff_r10,mechanism_sweep,4151,adventurousness,0.1,50,50,False,5,1000,,,0.5128999999999999,0.517,0.0041000000000001036,2,29,False,2847,,229,913,-298.69,0.2304,0.2619,223,211
mech_md00_ppoff_r10,mechanism_sweep,4288,adventurousness,0.1,50,50,False,5,1000,,,0.62658,0.6533,0.026719999999999966,6,4,False,,,597,847,-41.88,0.3221,0.3192,218,198
mech_md00_ppoff_r10,mechanism_sweep,4425,adventurousness,0.1,50,50,False,5,1000,,,0.5837600000000001,0.60346,0.01969999999999994,13,4,False,,,511,526,-2.94,0.2041,0.1943,178,163
mech_md00_ppoff_r10,mechanism_sweep,4562,adventurousness,0.1,50,50,False,5,1000,,,0.53024,0.48572,-0.04452000000000006,0,6,True,4875,2824,204,436,-113.73,0,0.2764,173,162
mech_md00_ppoff_r10,mechanism_sweep,4699,adventurousness,0.1,50,50,False,5,1000,,,0.63632,0.55762,-0.07869999999999999,7,9,False,,,318,768,-141.51,0.1842,0.2161,249,230
mech_md00_ppoff_r10,mechanism_sweep,4836,adventurousness,0.1,50,50,False,5,1000,,,0.50918,0.66926,0.16008,1,3,False,3935,,273,641,-134.8,0.0,0.3119,171,159
mech_md00_ppoff_r10,mechanism_sweep,4973,adventurousness,0.1,50,50,False,5,1000,,,0.5577,0.5920599999999999,0.034359999999999946,9,6,False,,,734,788,-7.36,0.2373,0.1988,232,216
mech_md00_ppoff_r20,mechanism_sweep,1000,adventurousness,0.2,50,50,False,5,1000,,,0.5052200000000001,0.5896,0.0843799999999999,5,30,False,1970,,242,1329,-449.17,0.1985,0.2033,574,522
mech_md00_ppoff_r20,mechanism_sweep,1137,adventurousness,0.2,50,50,False,5,1000,,,0.6675199999999999,0.6583,-0.009219999999999895,2,5,False,,,371,479,-29.11,0.1709,0.2652,404,372
mech_md00_ppoff_r20,mechanism_sweep,1274,adventurousness,0.2,50,50,False,5,1000,,,0.50666,0.60052,0.09386000000000005,0,3,False,4740,,200,851,-325.5,0,0.2814,413,374
mech_md00_ppoff_r20,mechanism_sweep,1411,adventurousness,0.2,50,50,False,5,1000,,,0.5096999999999999,0.6446599999999999,0.13495999999999997,1,13,False,3995,,212,835,-293.87,0.0,0.2406,445,402
mech_md00_ppoff_r20,mechanism_sweep,1548,adventurousness,0.2,50,50,False,5,1000,,,0.6309199999999999,0.65306,0.02214000000000005,1,4,False,,,222,507,-128.38,0.0,0.2664,367,342
mech_md00_ppoff_r20,mechanism_sweep,1685,adventurousness,0.2,50,50,False,5,1000,,,0.57816,0.6819199999999999,0.10375999999999985,2,7,False,,,706,482,31.73,0.0329,0.2475,352,330
mech_md00_ppoff_r20,mechanism_sweep,1822,adventurousness,0.2,50,50,False,5,1000,,,0.52042,0.5875,0.06708000000000003,1,3,False,,,243,408,-67.9,0.0,0.2376,385,356
mech_md00_ppoff_r20,mechanism_sweep,1959,adventurousness,0.2,50,50,False,5,1000,,,0.6042799999999999,0.5902200000000001,-0.01405999999999985,10,16,False,,,642,1074,-67.29,0.1686,0.2682,501,468
mech_md00_ppoff_r20,mechanism_sweep,2096,adventurousness,0.2,50,50,False,5,1000,,,0.61922,0.63364,0.014419999999999988,3,5,False,,,333,439,-31.83,0.3595,0.216,341,312
mech_md00_ppoff_r20,mechanism_sweep,2233,adventurousness,0.2,50,50,False,5,1000,,,0.46342,0.6497399999999999,0.18631999999999987,11,7,False,1978,,317,663,-109.15,0.2327,0.2179,384,349
mech_md00_ppoff_r20,mechanism_sweep,2370,adventurousness,0.2,50,50,False,5,1000,,,0.6038,0.63656,0.03276000000000001,6,9,False,,,644,888,-37.89,0.2273,0.2241,461,422
mech_md00_ppoff_r20,mechanism_sweep,2507,adventurousness,0.2,50,50,False,5,1000,,,0.66184,0.54908,-0.11275999999999997,1,3,True,,1933,450,305,32.22,0.0,0.2648,337,296
mech_md00_ppoff_r20,mechanism_sweep,2644,adventurousness,0.2,50,50,False,5,1000,,,0.5058400000000001,0.22644000000000003,-0.27940000000000004,0,0,True,4900,2980,165,156,5.45,0,0,285,256
mech_md00_ppoff_r20,mechanism_sweep,2781,adventurousness,0.2,50,50,False,5,1000,,,0.69938,0.64924,-0.05013999999999996,3,43,False,,,438,1479,-237.67,0.3218,0.2436,509,475
mech_md00_ppoff_r20,mechanism_sweep,2918,adventurousness,0.2,50,50,False,5,1000,,,0.51832,0.5531599999999999,0.03483999999999987,8,5,True,,1800,801,284,64.54,0.0966,0.3235,293,267
mech_md00_ppoff_r20,mechanism_sweep,3055,adventurousness,0.2,50,50,False,5,1000,,,0.40568,0.71964,0.31395999999999996,4,4,False,2969,,422,388,8.06,0.2716,0.209,338,318
mech_md00_ppoff_r20,mechanism_sweep,3192,adventurousness,0.2,50,50,False,5,1000,,,0.49184,0.62302,0.13118000000000002,4,11,False,3000,,254,562,-121.26,0.113,0.3215,389,361
mech_md00_ppoff_r20,mechanism_sweep,3329,adventurousness,0.2,50,50,False,5,1000,,,0.62232,0.32904000000000005,-0.29327999999999993,1,0,True,,1953,317,249,21.45,0.0,0,441,397
mech_md00_ppoff_r20,mechanism_sweep,3466,adventurousness,0.2,50,50,False,5,1000,,,0.51648,0.6420600000000001,0.12558000000000002,11,4,False,,,832,510,38.7,0.1648,0.0451,356,313
mech_md00_ppoff_r20,mechanism_sweep,3603,adventurousness,0.2,50,50,False,5,1000,,,0.65438,0.59892,-0.055459999999999954,3,7,False,,,334,745,-123.05,0.1169,0.2062,431,397
mech_md00_ppoff_r20,mechanism_sweep,3740,adventurousness,0.2,50,50,False,5,1000,,,0.69278,0.68772,-0.005059999999999953,2,7,False,,,496,713,-43.75,0.2647,0.2458,379,339
mech_md00_ppoff_r20,mechanism_sweep,3877,adventurousness,0.2,50,50,False,5,1000,,,0.5939800000000001,0.45084,-0.14314000000000004,3,0,True,,4871,392,171,56.38,0.1318,0,337,296
mech_md00_ppoff_r20,mechanism_sweep,4014,adventurousness,0.2,50,50,False,5,1000,,,0.5856199999999999,0.70278,0.11716000000000004,12,3,False,,,1341,527,60.7,0.1733,0.0567,447,414
mech_md00_ppoff_r20,mechanism_sweep,4151,adventurousness,0.2,50,50,False,5,1000,,,0.5128999999999999,0.6120800000000001,0.09918000000000016,2,9,False,2847,,229,967,-322.27,0.2304,0.2151,422,395
mech_md00_ppoff_r20,mechanism_sweep,4288,adventurousness,0.2,50,50,False,5,1000,,,0.62658,0.6693800000000001,0.04280000000000006,6,5,False,,,597,493,17.42,0.3221,0.2616,364,333
mech_md00_ppoff_r20,mechanism_sweep,4425,adventurousness,0.2,50,50,False,5,1000,,,0.5837600000000001,0.60948,0.025719999999999965,13,11,False,,,511,1329,-160.08,0.2041,0.2142,485,436
mech_md00_ppoff_r20,mechanism_sweep,4562,adventurousness,0.2,50,50,False,5,1000,,,0.53024,0.6138399999999999,0.0835999999999999,0,1,False,4875,,204,559,-174.02,0,0.0,338,308
mech_md00_ppoff_r20,mechanism_sweep,4699,adventurousness,0.2,50,50,False,5,1000,,,0.63632,0.60028,-0.03603999999999996,7,7,False,,,318,1375,-332.39,0.1842,0.2568,569,514
mech_md00_ppoff_r20,mechanism_sweep,4836,adventurousness,0.2,50,50,False,5,1000,,,0.50918,0.6377599999999999,0.12857999999999992,1,22,False,3935,,273,1350,-394.51,0.0,0.2085,480,449
mech_md00_ppoff_r20,mechanism_sweep,4973,adventurousness,0.2,50,50,False,5,1000,,,0.5577,0.63216,0.07446000000000008,9,19,False,,,734,1296,-76.57,0.2373,0.234,459,417
mech_md00_ppoff_r30,mechanism_sweep,1000,adventurousness,0.3,50,50,False,5,1000,,,0.5052200000000001,0.5821799999999999,0.0769599999999998,5,12,False,1970,,242,1143,-372.31,0.1985,0.1889,773,701
mech_md00_ppoff_r30,mechanism_sweep,1137,adventurousness,0.3,50,50,False,5,1000,,,0.6675199999999999,0.58158,-0.0859399999999999,2,3,False,,,371,610,-64.42,0.1709,0.239,623,576
mech_md00_ppoff_r30,mechanism_sweep,1274,adventurousness,0.3,50,50,False,5,1000,,,0.50666,0.685,0.17834000000000005,0,11,False,4740,,200,759,-279.5,0,0.1175,602,548
mech_md00_ppoff_r30,mechanism_sweep,1411,adventurousness,0.3,50,50,False,5,1000,,,0.5096999999999999,0.6672399999999999,0.15754,1,7,False,3995,,212,809,-281.6,0.0,0.2314,583,541
mech_md00_ppoff_r30,mechanism_sweep,1548,adventurousness,0.3,50,50,False,5,1000,,,0.6309199999999999,0.5697599999999999,-0.06115999999999999,1,7,False,,,222,587,-164.41,0.0,0.1539,659,593
mech_md00_ppoff_r30,mechanism_sweep,1685,adventurousness,0.3,50,50,False,5,1000,,,0.57816,0.6101599999999999,0.03199999999999992,2,11,False,,,706,958,-35.69,0.0329,0.2912,662,610
mech_md00_ppoff_r30,mechanism_sweep,1822,adventurousness,0.3,50,50,False,5,1000,,,0.52042,0.6272,0.10677999999999999,1,2,False,,,243,333,-37.04,0.0,0.3592,543,499
mech_md00_ppoff_r30,mechanism_sweep,1959,adventurousness,0.3,50,50,False,5,1000,,,0.6042799999999999,0.6124,0.008120000000000127,10,12,False,,,642,1290,-100.93,0.1686,0.2747,678,618
mech_md00_ppoff_r30,mechanism_sweep,2096,adventurousness,0.3,50,50,False,5,1000,,,0.61922,0.65232,0.03310000000000002,3,9,False,,,333,917,-175.38,0.3595,0.2574,598,544
mech_md00_ppoff_r30,mechanism_sweep,2233,adventurousness,0.3,50,50,False,5,1000,,,0.46342,0.6394599999999999,0.17603999999999992,11,5,False,1978,,317,803,-153.31,0.2327,0.26,625,582
mech_md00_ppoff_r30,mechanism_sweep,2370,adventurousness,0.3,50,50,False,5,1000,,,0.6038,0.57336,-0.030440000000000023,6,23,False,,,644,1127,-75.0,0.2273,0.1904,737,669
mech_md00_ppoff_r30,mechanism_sweep,2507,adventurousness,0.3,50,50,False,5,1000,,,0.66184,0.69564,0.03380000000000005,1,3,False,,,450,474,-5.33,0.0,0.3075,471,415
mech_md00_ppoff_r30,mechanism_sweep,2644,adventurousness,0.3,50,50,False,5,1000,,,0.5058400000000001,0.6378800000000001,0.13204000000000005,0,12,False,4900,,165,1016,-515.76,0,0.2303,594,550
mech_md00_ppoff_r30,mechanism_sweep,2781,adventurousness,0.3,50,50,False,5,1000,,,0.69938,0.6557000000000001,-0.04367999999999994,3,3,False,,,438,562,-28.31,0.3218,0.1463,533,483
mech_md00_ppoff_r30,mechanism_sweep,2918,adventurousness,0.3,50,50,False,5,1000,,,0.51832,0.62036,0.10204000000000002,8,4,False,,,801,307,61.67,0.0966,0.2206,532,493
mech_md00_ppoff_r30,mechanism_sweep,3055,adventurousness,0.3,50,50,False,5,1000,,,0.40568,0.66008,0.2544,4,5,False,2969,,422,1153,-173.22,0.2716,0.3065,623,570
mech_md00_ppoff_r30,mechanism_sweep,3192,adventurousness,0.3,50,50,False,5,1000,,,0.49184,0.57606,0.08422000000000002,4,13,False,3000,,254,568,-123.62,0.113,0.2684,675,615
mech_md00_ppoff_r30,mechanism_sweep,3329,adventurousness,0.3,50,50,False,5,1000,,,0.62232,0.59744,-0.024880000000000013,1,9,False,,,317,794,-150.47,0.0,0.2534,622,570
mech_md00_ppoff_r30,mechanism_sweep,3466,adventurousness,0.3,50,50,False,5,1000,,,0.51648,0.6551400000000001,0.13866,11,4,False,,,832,972,-16.83,0.1648,0.2404,602,550
mech_md00_ppoff_r30,mechanism_sweep,3603,adventurousness,0.3,50,50,False,5,1000,,,0.65438,0.6371600000000001,-0.017219999999999902,3,6,False,,,334,965,-188.92,0.1169,0.1734,566,532
mech_md00_ppoff_r30,mechanism_sweep,3740,adventurousness,0.3,50,50,False,5,1000,,,0.69278,0.6877799999999998,-0.0050000000000001155,2,7,False,,,496,878,-77.02,0.2647,0.2723,565,535
mech_md00_ppoff_r30,mechanism_sweep,3877,adventurousness,0.3,50,50,False,5,1000,,,0.5939800000000001,0.62408,0.030099999999999905,3,2,False,,,392,668,-70.41,0.1318,0.3656,545,498
mech_md00_ppoff_r30,mechanism_sweep,4014,adventurousness,0.3,50,50,False,5,1000,,,0.5856199999999999,0.6011399999999999,0.015519999999999978,12,11,False,,,1341,1165,13.12,0.1733,0.2354,652,606
mech_md00_ppoff_r30,mechanism_sweep,4151,adventurousness,0.3,50,50,False,5,1000,,,0.5128999999999999,0.6281599999999999,0.11526000000000003,2,3,False,2847,,229,580,-153.28,0.2304,0.3473,584,539
mech_md00_ppoff_r30,mechanism_sweep,4288,adventurousness,0.3,50,50,False,5,1000,,,0.62658,0.5157400000000001,-0.11083999999999994,6,0,True,,4963,597,608,-1.84,0.3221,0,601,530
mech_md00_ppoff_r30,mechanism_sweep,4425,adventurousness,0.3,50,50,False,5,1000,,,0.5837600000000001,0.63334,0.04957999999999996,13,11,False,,,511,895,-75.15,0.2041,0.2808,621,568
mech_md00_ppoff_r30,mechanism_sweep,4562,adventurousness,0.3,50,50,False,5,1000,,,0.53024,0.56884,0.03859999999999997,0,51,False,4875,,204,1499,-634.8,0,0.1964,871,801
mech_md00_ppoff_r30,mechanism_sweep,4699,adventurousness,0.3,50,50,False,5,1000,,,0.63632,0.64464,0.008319999999999994,7,13,False,,,318,1134,-256.6,0.1842,0.218,692,625
mech_md00_ppoff_r30,mechanism_sweep,4836,adventurousness,0.3,50,50,False,5,1000,,,0.50918,0.5919399999999999,0.08275999999999994,1,7,False,3935,,273,792,-190.11,0.0,0.2793,631,570
mech_md00_ppoff_r30,mechanism_sweep,4973,adventurousness,0.3,50,50,False,5,1000,,,0.5577,0.59626,0.03856000000000004,9,5,False,,,734,932,-26.98,0.2373,0.2595,559,510
mech_md00_ppon_r05,mechanism_sweep,1000,adventurousness,0.05,50,50,False,5,1000,,,0.5052200000000001,0.64322,0.1379999999999999,5,8,False,1970,,242,405,-67.36,0.1985,0.2137,81,72
mech_md00_ppon_r05,mechanism_sweep,1137,adventurousness,0.05,50,50,False,5,1000,,,0.6675199999999999,0.40862,-0.2588999999999999,2,0,True,,800,371,135,63.61,0.1709,0,59,56
mech_md00_ppon_r05,mechanism_sweep,1274,adventurousness,0.05,50,50,False,5,1000,,,0.50666,0.46776,-0.03889999999999999,0,1,True,4740,3960,200,378,-89.0,0,0.0,71,69
mech_md00_ppon_r05,mechanism_sweep,1411,adventurousness,0.05,50,50,False,5,1000,,,0.5096999999999999,0.39184,-0.11785999999999991,1,0,True,3995,2950,212,150,29.25,0.0,0,63,59
mech_md00_ppon_r05,mechanism_sweep,1548,adventurousness,0.05,50,50,False,5,1000,,,0.6309199999999999,0.69726,0.06634000000000007,1,14,False,,,222,632,-184.68,0.0,0.2448,81,77
mech_md00_ppon_r05,mechanism_sweep,1685,adventurousness,0.05,50,50,False,5,1000,,,0.57816,0.6841600000000001,0.1060000000000001,2,1,False,,,706,331,53.12,0.0329,0.0,53,48
mech_md00_ppon_r05,mechanism_sweep,1822,adventurousness,0.05,50,50,False,5,1000,,,0.52042,0.6414600000000001,0.12104000000000015,1,3,False,,,243,517,-112.76,0.0,0.3305,69,66
mech_md00_ppon_r05,mechanism_sweep,1959,adventurousness,0.05,50,50,False,5,1000,,,0.6042799999999999,0.5642400000000001,-0.040039999999999853,10,1,False,,,642,376,41.43,0.1686,0.0,67,62
mech_md00_ppon_r05,mechanism_sweep,2096,adventurousness,0.05,50,50,False,5,1000,,,0.61922,0.6309,0.011680000000000024,3,3,False,,,333,402,-20.72,0.3595,0.3321,51,51
mech_md00_ppon_r05,mechanism_sweep,2233,adventurousness,0.05,50,50,False,5,1000,,,0.46342,0.64726,0.18383999999999995,11,1,False,1978,,317,202,36.28,0.2327,0.0,50,47
mech_md00_ppon_r05,mechanism_sweep,2370,adventurousness,0.05,50,50,False,5,1000,,,0.6038,0.59316,-0.010639999999999983,6,5,False,,,644,547,15.06,0.2273,0.2536,58,57
mech_md00_ppon_r05,mechanism_sweep,2507,adventurousness,0.05,50,50,False,5,1000,,,0.66184,0.53642,-0.12541999999999998,1,0,True,,4948,450,347,22.89,0.0,0,61,58
mech_md00_ppon_r05,mechanism_sweep,2644,adventurousness,0.05,50,50,False,5,1000,,,0.5058400000000001,0.47417999999999993,-0.03166000000000013,0,0,True,4900,4900,165,257,-55.76,0,0,37,37
mech_md00_ppon_r05,mechanism_sweep,2781,adventurousness,0.05,50,50,False,5,1000,,,0.69938,0.67874,-0.02063999999999999,3,2,False,,,438,584,-33.33,0.3218,0.3498,58,54
mech_md00_ppon_r05,mechanism_sweep,2918,adventurousness,0.05,50,50,False,5,1000,,,0.51832,0.64616,0.12783999999999995,8,1,False,,,801,298,62.8,0.0966,0.0,52,49
mech_md00_ppon_r05,mechanism_sweep,3055,adventurousness,0.05,50,50,False,5,1000,,,0.40568,0.60322,0.19754,4,3,False,2969,,422,332,21.33,0.2716,0.2729,57,55
mech_md00_ppon_r05,mechanism_sweep,3192,adventurousness,0.05,50,50,False,5,1000,,,0.49184,0.60338,0.11154000000000003,4,1,False,3000,,254,170,33.07,0.113,0.0,57,56
mech_md00_ppon_r05,mechanism_sweep,3329,adventurousness,0.05,50,50,False,5,1000,,,0.62232,0.57824,-0.04408000000000001,1,4,False,,,317,375,-18.3,0.0,0.4075,74,72
mech_md00_ppon_r05,mechanism_sweep,3466,adventurousness,0.05,50,50,False,5,1000,,,0.51648,0.51142,-0.0050600000000000644,11,2,True,,2750,832,255,69.35,0.1648,0.307,45,42
mech_md00_ppon_r05,mechanism_sweep,3603,adventurousness,0.05,50,50,False,5,1000,,,0.65438,0.5461400000000001,-0.10823999999999989,3,11,False,,,334,376,-12.57,0.1169,0.2013,84,81
mech_md00_ppon_r05,mechanism_sweep,3740,adventurousness,0.05,50,50,False,5,1000,,,0.69278,0.5950399999999998,-0.09774000000000016,2,8,False,,,496,641,-29.23,0.2647,0.2411,73,67
mech_md00_ppon_r05,mechanism_sweep,3877,adventurousness,0.05,50,50,False,5,1000,,,0.5939800000000001,0.53636,-0.057620000000000116,3,1,True,,3850,392,180,54.08,0.1318,0.0,48,43
mech_md00_ppon_r05,mechanism_sweep,4014,adventurousness,0.05,50,50,False,5,1000,,,0.5856199999999999,0.34476,-0.2408599999999999,12,0,True,,3950,1341,237,82.33,0.1733,0,53,52
mech_md00_ppon_r05,mechanism_sweep,4151,adventurousness,0.05,50,50,False,5,1000,,,0.5128999999999999,0.59492,0.08202000000000009,2,7,False,2847,,229,1019,-344.98,0.2304,0.2137,91,91
mech_md00_ppon_r05,mechanism_sweep,4288,adventurousness,0.05,50,50,False,5,1000,,,0.62658,0.5769,-0.04968000000000006,6,3,False,,,597,508,14.91,0.3221,0.1841,66,63
mech_md00_ppon_r05,mechanism_sweep,4425,adventurousness,0.05,50,50,False,5,1000,,,0.5837600000000001,0.6782400000000001,0.09448000000000001,13,1,False,,,511,345,32.49,0.2041,0.0,57,49
mech_md00_ppon_r05,mechanism_sweep,4562,adventurousness,0.05,50,50,False,5,1000,,,0.53024,0.47919999999999996,-0.051040000000000085,0,20,True,4875,996,204,529,-159.31,0,0.1564,80,74
mech_md00_ppon_r05,mechanism_sweep,4699,adventurousness,0.05,50,50,False,5,1000,,,0.63632,0.6619,0.025580000000000047,7,1,False,,,318,484,-52.2,0.1842,0.0,68,65
mech_md00_ppon_r05,mechanism_sweep,4836,adventurousness,0.05,50,50,False,5,1000,,,0.50918,0.60654,0.09736,1,17,False,3935,,273,538,-97.07,0.0,0.2807,82,75
mech_md00_ppon_r05,mechanism_sweep,4973,adventurousness,0.05,50,50,False,5,1000,,,0.5577,0.54094,-0.016759999999999997,9,17,False,,,734,583,20.57,0.2373,0.1779,78,75
mech_md00_ppon_r10,mechanism_sweep,1000,adventurousness,0.1,50,50,False,5,1000,,,0.5052200000000001,0.5704,0.0651799999999999,5,7,False,1970,,242,566,-133.88,0.1985,0.248,251,241
mech_md00_ppon_r10,mechanism_sweep,1137,adventurousness,0.1,50,50,False,5,1000,,,0.6675199999999999,0.6482600000000001,-0.019259999999999833,2,5,False,,,371,421,-13.48,0.1709,0.3143,156,150
mech_md00_ppon_r10,mechanism_sweep,1274,adventurousness,0.1,50,50,False,5,1000,,,0.50666,0.5431199999999999,0.03645999999999994,0,3,False,4740,,200,606,-203.0,0,0.0859,210,195
mech_md00_ppon_r10,mechanism_sweep,1411,adventurousness,0.1,50,50,False,5,1000,,,0.5096999999999999,0.47451999999999994,-0.03517999999999999,1,2,True,3995,1950,212,236,-11.32,0.0,0.2421,156,148
mech_md00_ppon_r10,mechanism_sweep,1548,adventurousness,0.1,50,50,False,5,1000,,,0.6309199999999999,0.64632,0.01540000000000008,1,6,False,,,222,613,-176.13,0.0,0.2761,155,146
mech_md00_ppon_r10,mechanism_sweep,1685,adventurousness,0.1,50,50,False,5,1000,,,0.57816,0.49402,-0.08413999999999999,2,8,True,,2910,706,462,34.56,0.0329,0.2819,160,152
mech_md00_ppon_r10,mechanism_sweep,1822,adventurousness,0.1,50,50,False,5,1000,,,0.52042,0.58992,0.0695,1,1,False,,,243,160,34.16,0.0,0.0,158,148
mech_md00_ppon_r10,mechanism_sweep,1959,adventurousness,0.1,50,50,False,5,1000,,,0.6042799999999999,0.5978,-0.00647999999999993,10,10,False,,,642,674,-4.98,0.1686,0.1955,200,189
mech_md00_ppon_r10,mechanism_sweep,2096,adventurousness,0.1,50,50,False,5,1000,,,0.61922,0.5951000000000001,-0.02411999999999992,3,5,False,,,333,716,-115.02,0.3595,0.3019,188,182
mech_md00_ppon_r10,mechanism_sweep,2233,adventurousness,0.1,50,50,False,5,1000,,,0.46342,0.542,0.07858000000000004,11,2,False,1978,,317,454,-43.22,0.2327,0.3067,180,169
mech_md00_ppon_r10,mechanism_sweep,2370,adventurousness,0.1,50,50,False,5,1000,,,0.6038,0.64752,0.04371999999999998,6,1,False,,,644,470,27.02,0.2273,0.0,182,177
mech_md00_ppon_r10,mechanism_sweep,2507,adventurousness,0.1,50,50,False,5,1000,,,0.66184,0.52928,-0.13256,1,1,True,,2874,450,174,61.33,0.0,0.0,164,153
mech_md00_ppon_r10,mechanism_sweep,2644,adventurousness,0.1,50,50,False,5,1000,,,0.5058400000000001,0.6506000000000001,0.14476,0,3,False,4900,,165,326,-97.58,0,0.264,166,159
mech_md00_ppon_r10,mechanism_sweep,2781,adventurousness,0.1,50,50,False,5,1000,,,0.69938,0.70402,0.0046399999999999775,3,14,False,,,438,1018,-132.42,0.3218,0.1807,208,196
mech_md00_ppon_r10,mechanism_sweep,2918,adventurousness,0.1,50,50,False,5,1000,,,0.51832,0.6305,0.11217999999999995,8,3,False,,,801,231,71.16,0.0966,0.1579,130,125
mech_md00_ppon_r10,mechanism_sweep,3055,adventurousness,0.1,50,50,False,5,1000,,,0.40568,0.59094,0.18526000000000004,4,12,False,2969,,422,743,-76.07,0.2716,0.1715,223,208
mech_md00_ppon_r10,mechanism_sweep,3192,adventurousness,0.1,50,50,False,5,1000,,,0.49184,0.64614,0.15430000000000005,4,6,False,3000,,254,417,-64.17,0.113,0.2571,171,166
mech_md00_ppon_r10,mechanism_sweep,3329,adventurousness,0.1,50,50,False,5,1000,,,0.62232,0.64768,0.02536000000000005,1,5,False,,,317,445,-40.38,0.0,0.2435,169,163
mech_md00_ppon_r10,mechanism_sweep,3466,adventurousness,0.1,50,50,False,5,1000,,,0.51648,0.70186,0.18538,11,2,False,,,832,468,43.75,0.1648,0.3948,143,137
mech_md00_ppon_r10,mechanism_sweep,3603,adventurousness,0.1,50,50,False,5,1000,,,0.65438,0.6234200000000001,-0.030959999999999877,3,2,False,,,334,279,16.47,0.1169,0.0071,133,126
mech_md00_ppon_r10,mechanism_sweep,3740,adventurousness,0.1,50,50,False,5,1000,,,0.69278,0.57842,-0.1143599999999999,2,2,False,,,496,506,-2.02,0.2647,0.3382,183,163
mech_md00_ppon_r10,mechanism_sweep,3877,adventurousness,0.1,50,50,False,5,1000,,,0.5939800000000001,0.24345999999999995,-0.3505200000000001,3,0,True,,2700,392,196,50.0,0.1318,0,145,143
mech_md00_ppon_r10,mechanism_sweep,4014,adventurousness,0.1,50,50,False,5,1000,,,0.5856199999999999,0.5893,0.0036800000000001276,12,1,False,,,1341,401,70.1,0.1733,0.0,157,148
mech_md00_ppon_r10,mechanism_sweep,4151,adventurousness,0.1,50,50,False,5,1000,,,0.5128999999999999,0.59168,0.07878000000000007,2,17,False,2847,,229,867,-278.6,0.2304,0.2669,221,214
mech_md00_ppon_r10,mechanism_sweep,4288,adventurousness,0.1,50,50,False,5,1000,,,0.62658,0.62154,-0.0050400000000000444,6,10,False,,,597,1238,-107.37,0.3221,0.194,230,224
mech_md00_ppon_r10,mechanism_sweep,4425,adventurousness,0.1,50,50,False,5,1000,,,0.5837600000000001,0.5807599999999999,-0.0030000000000001137,13,7,False,,,511,661,-29.35,0.2041,0.092,208,187
mech_md00_ppon_r10,mechanism_sweep,4562,adventurousness,0.1,50,50,False,5,1000,,,0.53024,0.48406000000000005,-0.04618,0,0,True,4875,4915,204,344,-68.63,0,0,152,142
mech_md00_ppon_r10,mechanism_sweep,4699,adventurousness,0.1,50,50,False,5,1000,,,0.63632,0.5839399999999999,-0.05238000000000009,7,11,False,,,318,682,-114.47,0.1842,0.1535,235,227
mech_md00_ppon_r10,mechanism_sweep,4836,adventurousness,0.1,50,50,False,5,1000,,,0.50918,0.5916,0.08242000000000005,1,5,False,3935,,273,894,-227.47,0.0,0.3376,225,216
mech_md00_ppon_r10,mechanism_sweep,4973,adventurousness,0.1,50,50,False,5,1000,,,0.5577,0.5845,0.026800000000000046,9,29,False,,,734,859,-17.03,0.2373,0.1998,243,235
mech_md00_ppon_r20,mechanism_sweep,1000,adventurousness,0.2,50,50,False,5,1000,,,0.5052200000000001,0.5845,0.0792799999999999,5,2,False,1970,,242,994,-310.74,0.1985,0.3833,522,481
mech_md00_ppon_r20,mechanism_sweep,1137,adventurousness,0.2,50,50,False,5,1000,,,0.6675199999999999,0.6145799999999999,-0.05293999999999999,2,2,False,,,371,459,-23.72,0.1709,0.163,375,354
mech_md00_ppon_r20,mechanism_sweep,1274,adventurousness,0.2,50,50,False,5,1000,,,0.50666,0.6262800000000001,0.11962000000000006,0,20,False,4740,,200,1111,-455.5,0,0.1764,472,449
mech_md00_ppon_r20,mechanism_sweep,1411,adventurousness,0.2,50,50,False,5,1000,,,0.5096999999999999,0.62966,0.11996000000000007,1,49,False,3995,,212,1168,-450.94,0.0,0.2486,555,531
mech_md00_ppon_r20,mechanism_sweep,1548,adventurousness,0.2,50,50,False,5,1000,,,0.6309199999999999,0.6212000000000001,-0.00971999999999984,1,8,False,,,222,816,-267.57,0.0,0.2726,454,426
mech_md00_ppon_r20,mechanism_sweep,1685,adventurousness,0.2,50,50,False,5,1000,,,0.57816,0.57472,-0.0034399999999999986,2,13,False,,,706,605,14.31,0.0329,0.1908,446,410
mech_md00_ppon_r20,mechanism_sweep,1822,adventurousness,0.2,50,50,False,5,1000,,,0.52042,0.6183799999999999,0.09795999999999994,1,6,False,,,243,684,-181.48,0.0,0.2612,457,438
mech_md00_ppon_r20,mechanism_sweep,1959,adventurousness,0.2,50,50,False,5,1000,,,0.6042799999999999,0.62144,0.017160000000000064,10,2,False,,,642,453,29.44,0.1686,0.3868,418,405
mech_md00_ppon_r20,mechanism_sweep,2096,adventurousness,0.2,50,50,False,5,1000,,,0.61922,0.6313000000000001,0.01208000000000009,3,14,False,,,333,824,-147.45,0.3595,0.1684,384,368
mech_md00_ppon_r20,mechanism_sweep,2233,adventurousness,0.2,50,50,False,5,1000,,,0.46342,0.60034,0.13692,11,18,False,1978,,317,688,-117.03,0.2327,0.2618,453,436
mech_md00_ppon_r20,mechanism_sweep,2370,adventurousness,0.2,50,50,False,5,1000,,,0.6038,0.6504,0.046599999999999975,6,3,False,,,644,749,-16.3,0.2273,0.3017,359,348
mech_md00_ppon_r20,mechanism_sweep,2507,adventurousness,0.2,50,50,False,5,1000,,,0.66184,0.35544000000000003,-0.30639999999999995,1,0,True,,3797,450,258,42.67,0.0,0,313,298
mech_md00_ppon_r20,mechanism_sweep,2644,adventurousness,0.2,50,50,False,5,1000,,,0.5058400000000001,0.51054,0.0046999999999999265,0,0,True,4900,4936,165,402,-143.64,0,0,307,290
mech_md00_ppon_r20,mechanism_sweep,2781,adventurousness,0.2,50,50,False,5,1000,,,0.69938,0.70318,0.0038000000000000256,3,8,False,,,438,801,-82.88,0.3218,0.3009,385,358
mech_md00_ppon_r20,mechanism_sweep,2918,adventurousness,0.2,50,50,False,5,1000,,,0.51832,0.5704,0.052080000000000015,8,16,False,,,801,795,0.75,0.0966,0.2666,445,418
mech_md00_ppon_r20,mechanism_sweep,3055,adventurousness,0.2,50,50,False,5,1000,,,0.40568,0.65136,0.24568000000000006,4,11,False,2969,,422,594,-40.76,0.2716,0.2292,393,369
mech_md00_ppon_r20,mechanism_sweep,3192,adventurousness,0.2,50,50,False,5,1000,,,0.49184,0.6277799999999999,0.1359399999999999,4,3,False,3000,,254,717,-182.28,0.113,0.2526,472,457
mech_md00_ppon_r20,mechanism_sweep,3329,adventurousness,0.2,50,50,False,5,1000,,,0.62232,0.59444,-0.027880000000000016,1,35,False,,,317,1352,-326.5,0.0,0.2116,486,455
mech_md00_ppon_r20,mechanism_sweep,3466,adventurousness,0.2,50,50,False,5,1000,,,0.51648,0.53496,0.01847999999999994,11,2,False,,,832,236,71.63,0.1648,0.2753,341,314
mech_md00_ppon_r20,mechanism_sweep,3603,adventurousness,0.2,50,50,False,5,1000,,,0.65438,0.60686,-0.04752000000000001,3,8,False,,,334,1055,-215.87,0.1169,0.2408,421,398
mech_md00_ppon_r20,mechanism_sweep,3740,adventurousness,0.2,50,50,False,5,1000,,,0.69278,0.59714,-0.09563999999999995,2,22,False,,,496,1195,-140.93,0.2647,0.2008,509,485
mech_md00_ppon_r20,mechanism_sweep,3877,adventurousness,0.2,50,50,False,5,1000,,,0.5939800000000001,0.6286799999999999,0.03469999999999984,3,3,False,,,392,333,15.05,0.1318,0.2562,288,280
mech_md00_ppon_r20,mechanism_sweep,4014,adventurousness,0.2,50,50,False,5,1000,,,0.5856199999999999,0.67228,0.08666000000000007,12,1,False,,,1341,260,80.61,0.1733,0.0,397,376
mech_md00_ppon_r20,mechanism_sweep,4151,adventurousness,0.2,50,50,False,5,1000,,,0.5128999999999999,0.6404,0.12750000000000006,2,12,False,2847,,229,1140,-397.82,0.2304,0.2347,500,475
mech_md00_ppon_r20,mechanism_sweep,4288,adventurousness,0.2,50,50,False,5,1000,,,0.62658,0.6495200000000001,0.02294000000000007,6,20,False,,,597,1478,-147.57,0.3221,0.199,512,485
mech_md00_ppon_r20,mechanism_sweep,4425,adventurousness,0.2,50,50,False,5,1000,,,0.5837600000000001,0.50646,-0.07730000000000004,13,2,True,,3937,511,406,20.55,0.2041,0.1586,405,375
mech_md00_ppon_r20,mechanism_sweep,4562,adventurousness,0.2,50,50,False,5,1000,,,0.53024,0.62146,0.09121999999999997,0,7,False,4875,,204,782,-283.33,0,0.265,376,360
mech_md00_ppon_r20,mechanism_sweep,4699,adventurousness,0.2,50,50,False,5,1000,,,0.63632,0.66772,0.031399999999999983,7,17,False,,,318,870,-173.58,0.1842,0.203,453,430
mech_md00_ppon_r20,mechanism_sweep,4836,adventurousness,0.2,50,50,False,5,1000,,,0.50918,0.64432,0.13514000000000004,1,13,False,3935,,273,784,-187.18,0.0,0.2358,432,424
mech_md00_ppon_r20,mechanism_sweep,4973,adventurousness,0.2,50,50,False,5,1000,,,0.5577,0.63358,0.07588000000000006,9,3,False,,,734,1121,-52.72,0.2373,0.3165,501,475
mech_md00_ppon_r30,mechanism_sweep,1000,adventurousness,0.3,50,50,False,5,1000,,,0.5052200000000001,0.6152,0.10997999999999986,5,27,False,1970,,242,1188,-390.91,0.1985,0.2876,744,705
mech_md00_ppon_r30,mechanism_sweep,1137,adventurousness,0.3,50,50,False,5,1000,,,0.6675199999999999,0.66008,-0.007439999999999891,2,7,False,,,371,1105,-197.84,0.1709,0.2025,702,674
mech_md00_ppon_r30,mechanism_sweep,1274,adventurousness,0.3,50,50,False,5,1000,,,0.50666,0.59812,0.09145999999999999,0,12,False,4740,,200,894,-347.0,0,0.1271,614,577
mech_md00_ppon_r30,mechanism_sweep,1411,adventurousness,0.3,50,50,False,5,1000,,,0.5096999999999999,0.6081,0.09840000000000004,1,30,False,3995,,212,1296,-511.32,0.0,0.2332,749,713
mech_md00_ppon_r30,mechanism_sweep,1548,adventurousness,0.3,50,50,False,5,1000,,,0.6309199999999999,0.6050000000000001,-0.025919999999999832,1,18,False,,,222,937,-322.07,0.0,0.236,708,680
mech_md00_ppon_r30,mechanism_sweep,1685,adventurousness,0.3,50,50,False,5,1000,,,0.57816,0.6196600000000001,0.04150000000000009,2,10,False,,,706,848,-20.11,0.0329,0.2111,633,596
mech_md00_ppon_r30,mechanism_sweep,1822,adventurousness,0.3,50,50,False,5,1000,,,0.52042,0.5219799999999999,0.0015599999999998948,1,10,False,,,243,724,-197.94,0.0,0.2539,647,608
mech_md00_ppon_r30,mechanism_sweep,1959,adventurousness,0.3,50,50,False,5,1000,,,0.6042799999999999,0.53122,-0.0730599999999999,10,61,False,,,642,2237,-248.44,0.1686,0.2355,1014,946
mech_md00_ppon_r30,mechanism_sweep,2096,adventurousness,0.3,50,50,False,5,1000,,,0.61922,0.6487400000000001,0.0295200000000001,3,9,False,,,333,1034,-210.51,0.3595,0.224,570,539
mech_md00_ppon_r30,mechanism_sweep,2233,adventurousness,0.3,50,50,False,5,1000,,,0.46342,0.6777999999999998,0.21437999999999985,11,4,False,1978,,317,424,-33.75,0.2327,0.0691,512,483
mech_md00_ppon_r30,mechanism_sweep,2370,adventurousness,0.3,50,50,False,5,1000,,,0.6038,0.63582,0.03202000000000005,6,5,False,,,644,835,-29.66,0.2273,0.3234,616,588
mech_md00_ppon_r30,mechanism_sweep,2507,adventurousness,0.3,50,50,False,5,1000,,,0.66184,0.6504,-0.011440000000000006,1,3,False,,,450,562,-24.89,0.0,0.3581,551,520
mech_md00_ppon_r30,mechanism_sweep,2644,adventurousness,0.3,50,50,False,5,1000,,,0.5058400000000001,0.6157999999999999,0.10995999999999984,0,21,False,4900,,165,1430,-766.67,0,0.2749,714,678
mech_md00_ppon_r30,mechanism_sweep,2781,adventurousness,0.3,50,50,False,5,1000,,,0.69938,0.66248,-0.036900000000000044,3,9,False,,,438,1517,-246.35,0.3218,0.2478,692,645
mech_md00_ppon_r30,mechanism_sweep,2918,adventurousness,0.3,50,50,False,5,1000,,,0.51832,0.65256,0.13424000000000003,8,4,False,,,801,538,32.83,0.0966,0.1137,550,529
mech_md00_ppon_r30,mechanism_sweep,3055,adventurousness,0.3,50,50,False,5,1000,,,0.40568,0.63952,0.23384,4,13,False,2969,,422,1429,-238.63,0.2716,0.2595,684,650
mech_md00_ppon_r30,mechanism_sweep,3192,adventurousness,0.3,50,50,False,5,1000,,,0.49184,0.49368,0.0018400000000000083,4,0,True,3000,4863,254,575,-126.38,0.113,0,620,593
mech_md00_ppon_r30,mechanism_sweep,3329,adventurousness,0.3,50,50,False,5,1000,,,0.62232,0.65342,0.031100000000000017,1,6,False,,,317,715,-125.55,0.0,0.2732,561,539
mech_md00_ppon_r30,mechanism_sweep,3466,adventurousness,0.3,50,50,False,5,1000,,,0.51648,0.6803600000000001,0.16388000000000003,11,3,False,,,832,549,34.01,0.1648,0.251,452,417
mech_md00_ppon_r30,mechanism_sweep,3603,adventurousness,0.3,50,50,False,5,1000,,,0.65438,0.6273399999999999,-0.027040000000000064,3,3,False,,,334,727,-117.66,0.1169,0.1137,602,581
mech_md00_ppon_r30,mechanism_sweep,3740,adventurousness,0.3,50,50,False,5,1000,,,0.69278,0.6613,-0.03147999999999995,2,19,False,,,496,1386,-179.44,0.2647,0.2505,750,708
mech_md00_ppon_r30,mechanism_sweep,3877,adventurousness,0.3,50,50,False,5,1000,,,0.5939800000000001,0.57694,-0.017040000000000055,3,6,False,,,392,863,-120.15,0.1318,0.2537,549,529
mech_md00_ppon_r30,mechanism_sweep,4014,adventurousness,0.3,50,50,False,5,1000,,,0.5856199999999999,0.64354,0.05792000000000008,12,9,False,,,1341,1122,16.33,0.1733,0.261,639,609
mech_md00_ppon_r30,mechanism_sweep,4151,adventurousness,0.3,50,50,False,5,1000,,,0.5128999999999999,0.64768,0.13478000000000012,2,5,False,2847,,229,592,-158.52,0.2304,0.1093,609,570
mech_md00_ppon_r30,mechanism_sweep,4288,adventurousness,0.3,50,50,False,5,1000,,,0.62658,0.59358,-0.03300000000000003,6,5,False,,,597,1008,-68.84,0.3221,0.2938,626,587
mech_md00_ppon_r30,mechanism_sweep,4425,adventurousness,0.3,50,50,False,5,1000,,,0.5837600000000001,0.57404,-0.009720000000000062,13,8,False,,,511,729,-42.66,0.2041,0.2528,621,592
mech_md00_ppon_r30,mechanism_sweep,4562,adventurousness,0.3,50,50,False,5,1000,,,0.53024,0.63574,0.10549999999999993,0,9,False,4875,,204,853,-318.14,0,0.2418,651,615
mech_md00_ppon_r30,mechanism_sweep,4699,adventurousness,0.3,50,50,False,5,1000,,,0.63632,0.5932600000000001,-0.043059999999999876,7,13,False,,,318,1244,-291.19,0.1842,0.2554,740,698
mech_md00_ppon_r30,mechanism_sweep,4836,adventurousness,0.3,50,50,False,5,1000,,,0.50918,0.6395,0.13032,1,3,False,3935,,273,864,-216.48,0.0,0.1898,632,596
mech_md00_ppon_r30,mechanism_sweep,4973,adventurousness,0.3,50,50,False,5,1000,,,0.5577,0.54562,-0.01207999999999998,9,46,False,,,734,1505,-105.04,0.2373,0.231,827,780
mech_md25_ppoff_r05,mechanism_sweep,1000,adventurousness,0.05,50,50,False,5,1000,,,0.5052200000000001,0.5123599999999999,0.007139999999999813,5,12,False,1970,,242,773,-219.42,0.1985,0.2443,109,101
mech_md25_ppoff_r05,mechanism_sweep,1137,adventurousness,0.05,50,50,False,5,1000,,,0.6675199999999999,0.5467000000000001,-0.12081999999999982,2,1,False,,,371,135,63.61,0.1709,0.0,60,55
mech_md25_ppoff_r05,mechanism_sweep,1274,adventurousness,0.05,50,50,False,5,1000,,,0.50666,0.6595,0.15283999999999998,0,1,False,4740,,200,203,-1.5,0,0.0,61,58
mech_md25_ppoff_r05,mechanism_sweep,1411,adventurousness,0.05,50,50,False,5,1000,,,0.5096999999999999,0.6612600000000001,0.15156000000000014,1,1,False,3995,,212,227,-7.08,0.0,0.0,52,48
mech_md25_ppoff_r05,mechanism_sweep,1548,adventurousness,0.05,50,50,False,5,1000,,,0.6309199999999999,0.5012000000000001,-0.12971999999999984,1,0,True,,4850,222,282,-27.03,0.0,0,38,32
mech_md25_ppoff_r05,mechanism_sweep,1685,adventurousness,0.05,50,50,False,5,1000,,,0.57816,0.6471,0.06894,2,2,False,,,706,461,34.7,0.0329,0.2863,68,67
mech_md25_ppoff_r05,mechanism_sweep,1822,adventurousness,0.05,50,50,False,5,1000,,,0.52042,0.35209999999999997,-0.16832000000000003,1,0,True,,3884,243,248,-2.06,0.0,0,66,62
mech_md25_ppoff_r05,mechanism_sweep,1959,adventurousness,0.05,50,50,False,5,1000,,,0.6042799999999999,0.5955,-0.008779999999999899,10,1,False,,,642,345,46.26,0.1686,0.0,74,71
mech_md25_ppoff_r05,mechanism_sweep,2096,adventurousness,0.05,50,50,False,5,1000,,,0.61922,0.6378600000000001,0.0186400000000001,3,2,False,,,333,249,25.23,0.3595,0.2727,54,45
mech_md25_ppoff_r05,mechanism_sweep,2233,adventurousness,0.05,50,50,False,5,1000,,,0.46342,0.57736,0.11393999999999999,11,1,False,1978,,317,213,32.81,0.2327,0.0,70,68
mech_md25_ppoff_r05,mechanism_sweep,2370,adventurousness,0.05,50,50,False,5,1000,,,0.6038,0.6235600000000001,0.01976000000000011,6,5,False,,,644,453,29.66,0.2273,0.2148,65,62
mech_md25_ppoff_r05,mechanism_sweep,2507,adventurousness,0.05,50,50,False,5,1000,,,0.66184,0.65144,-0.010399999999999965,1,3,False,,,450,376,16.44,0.0,0.2442,56,52
mech_md25_ppoff_r05,mechanism_sweep,2644,adventurousness,0.05,50,50,False,5,1000,,,0.5058400000000001,0.66106,0.1552199999999999,0,4,False,4900,,165,371,-124.85,0,0.2464,63,57
mech_md25_ppoff_r05,mechanism_sweep,2781,adventurousness,0.05,50,50,False,5,1000,,,0.69938,0.6096600000000001,-0.08971999999999991,3,9,False,,,438,1063,-142.69,0.3218,0.1865,110,103
mech_md25_ppoff_r05,mechanism_sweep,2918,adventurousness,0.05,50,50,False,5,1000,,,0.51832,0.5754,0.05708000000000002,8,6,False,,,801,509,36.45,0.0966,0.2618,81,73
mech_md25_ppoff_r05,mechanism_sweep,3055,adventurousness,0.05,50,50,False,5,1000,,,0.40568,0.6579200000000001,0.2522400000000001,4,1,False,2969,,422,396,6.16,0.2716,0.0,57,53
mech_md25_ppoff_r05,mechanism_sweep,3192,adventurousness,0.05,50,50,False,5,1000,,,0.49184,0.43006,-0.06178,4,3,True,3000,3726,254,388,-52.76,0.113,0.2014,88,74
mech_md25_ppoff_r05,mechanism_sweep,3329,adventurousness,0.05,50,50,False,5,1000,,,0.62232,0.5886799999999999,-0.033640000000000114,1,4,False,,,317,386,-21.77,0.0,0.2566,77,76
mech_md25_ppoff_r05,mechanism_sweep,3466,adventurousness,0.05,50,50,False,5,1000,,,0.51648,0.63226,0.11578,11,10,False,,,832,420,49.52,0.1648,0.1827,49,45
mech_md25_ppoff_r05,mechanism_sweep,3603,adventurousness,0.05,50,50,False,5,1000,,,0.65438,0.61604,-0.03833999999999993,3,3,False,,,334,166,50.3,0.1169,0.2811,58,51
mech_md25_ppoff_r05,mechanism_sweep,3740,adventurousness,0.05,50,50,False,5,1000,,,0.69278,0.61054,-0.08223999999999998,2,3,False,,,496,568,-14.52,0.2647,0.2864,65,58
mech_md25_ppoff_r05,mechanism_sweep,3877,adventurousness,0.05,50,50,False,5,1000,,,0.5939800000000001,0.5023,-0.0916800000000001,3,5,True,,1904,392,224,42.86,0.1318,0.0969,41,32
mech_md25_ppoff_r05,mechanism_sweep,4014,adventurousness,0.05,50,50,False,5,1000,,,0.5856199999999999,0.47840000000000005,-0.10721999999999987,12,0,True,,4806,1341,372,72.26,0.1733,0,40,36
mech_md25_ppoff_r05,mechanism_sweep,4151,adventurousness,0.05,50,50,False,5,1000,,,0.5128999999999999,0.6309600000000001,0.11806000000000016,2,1,False,2847,,229,535,-133.62,0.2304,0.0,70,66
mech_md25_ppoff_r05,mechanism_sweep,4288,adventurousness,0.05,50,50,False,5,1000,,,0.62658,0.62124,-0.005340000000000011,6,5,False,,,597,349,41.54,0.3221,0.215,60,54
mech_md25_ppoff_r05,mechanism_sweep,4425,adventurousness,0.05,50,50,False,5,1000,,,0.5837600000000001,0.57024,-0.013520000000000088,13,8,False,,,511,638,-24.85,0.2041,0.1162,67,55
mech_md25_ppoff_r05,mechanism_sweep,4562,adventurousness,0.05,50,50,False,5,1000,,,0.53024,0.63642,0.10617999999999994,0,2,False,4875,,204,338,-65.69,0,0.3985,68,65
mech_md25_ppoff_r05,mechanism_sweep,4699,adventurousness,0.05,50,50,False,5,1000,,,0.63632,0.4877999999999999,-0.1485200000000001,7,0,True,,4875,318,540,-69.81,0.1842,0,80,75
mech_md25_ppoff_r05,mechanism_sweep,4836,adventurousness,0.05,50,50,False,5,1000,,,0.50918,0.67002,0.16083999999999998,1,4,False,3935,,273,593,-117.22,0.0,0.2074,72,70
mech_md25_ppoff_r05,mechanism_sweep,4973,adventurousness,0.05,50,50,False,5,1000,,,0.5577,0.59064,0.03294000000000008,9,4,False,,,734,759,-3.41,0.2373,0.2452,129,121
mech_md25_ppoff_r10,mechanism_sweep,1000,adventurousness,0.1,50,50,False,5,1000,,,0.5052200000000001,0.58726,0.08203999999999989,5,35,False,1970,,242,1209,-399.59,0.1985,0.2176,289,265
mech_md25_ppoff_r10,mechanism_sweep,1137,adventurousness,0.1,50,50,False,5,1000,,,0.6675199999999999,0.66154,-0.005979999999999874,2,3,False,,,371,561,-51.21,0.1709,0.2379,209,188
mech_md25_ppoff_r10,mechanism_sweep,1274,adventurousness,0.1,50,50,False,5,1000,,,0.50666,0.64972,0.14305999999999996,0,3,False,4740,,200,868,-334.0,0,0.3272,211,201
mech_md25_ppoff_r10,mechanism_sweep,1411,adventurousness,0.1,50,50,False,5,1000,,,0.5096999999999999,0.5376799999999999,0.027980000000000005,1,3,True,3995,3948,212,299,-41.04,0.0,0.2481,156,140
mech_md25_ppoff_r10,mechanism_sweep,1548,adventurousness,0.1,50,50,False,5,1000,,,0.6309199999999999,0.608,-0.02291999999999994,1,4,False,,,222,254,-14.41,0.0,0.3702,139,126
mech_md25_ppoff_r10,mechanism_sweep,1685,adventurousness,0.1,50,50,False,5,1000,,,0.57816,0.64306,0.06489999999999996,2,8,False,,,706,568,19.55,0.0329,0.2732,176,164
mech_md25_ppoff_r10,mechanism_sweep,1822,adventurousness,0.1,50,50,False,5,1000,,,0.52042,0.34778000000000003,-0.17263999999999996,1,0,True,,3929,243,128,47.33,0.0,0,170,160
mech_md25_ppoff_r10,mechanism_sweep,1959,adventurousness,0.1,50,50,False,5,1000,,,0.6042799999999999,0.52504,-0.07923999999999998,10,22,False,,,642,882,-37.38,0.1686,0.2548,282,258
mech_md25_ppoff_r10,mechanism_sweep,2096,adventurousness,0.1,50,50,False,5,1000,,,0.61922,0.65976,0.04054000000000002,3,7,False,,,333,500,-50.15,0.3595,0.2309,183,177
mech_md25_ppoff_r10,mechanism_sweep,2233,adventurousness,0.1,50,50,False,5,1000,,,0.46342,0.5088600000000001,0.04544000000000009,11,0,True,1978,4899,317,226,28.71,0.2327,0,151,144
mech_md25_ppoff_r10,mechanism_sweep,2370,adventurousness,0.1,50,50,False,5,1000,,,0.6038,0.63552,0.03171999999999997,6,7,False,,,644,935,-45.19,0.2273,0.2612,241,228
mech_md25_ppoff_r10,mechanism_sweep,2507,adventurousness,0.1,50,50,False,5,1000,,,0.66184,0.22352,-0.43832,1,2,True,,1961,450,102,77.33,0.0,0.1873,155,147
mech_md25_ppoff_r10,mechanism_sweep,2644,adventurousness,0.1,50,50,False,5,1000,,,0.5058400000000001,0.1341,-0.37174000000000007,0,0,True,4900,1870,165,93,43.64,0,0,146,134
mech_md25_ppoff_r10,mechanism_sweep,2781,adventurousness,0.1,50,50,False,5,1000,,,0.69938,0.62804,-0.07133999999999996,3,2,False,,,438,542,-23.74,0.3218,0.129,136,126
mech_md25_ppoff_r10,mechanism_sweep,2918,adventurousness,0.1,50,50,False,5,1000,,,0.51832,0.3517,-0.16662,8,10,True,,2992,801,436,45.57,0.0966,0.2548,225,209
mech_md25_ppoff_r10,mechanism_sweep,3055,adventurousness,0.1,50,50,False,5,1000,,,0.40568,0.55094,0.14526,4,3,False,2969,,422,203,51.9,0.2716,0.2958,157,144
mech_md25_ppoff_r10,mechanism_sweep,3192,adventurousness,0.1,50,50,False,5,1000,,,0.49184,0.64686,0.15502,4,1,False,3000,,254,329,-29.53,0.113,0.0,134,128
mech_md25_ppoff_r10,mechanism_sweep,3329,adventurousness,0.1,50,50,False,5,1000,,,0.62232,0.5698000000000001,-0.0525199999999999,1,12,False,,,317,549,-73.19,0.0,0.2754,248,228
mech_md25_ppoff_r10,mechanism_sweep,3466,adventurousness,0.1,50,50,False,5,1000,,,0.51648,0.5994200000000001,0.08294000000000001,11,0,True,,4783,832,311,62.62,0.1648,0,142,125
mech_md25_ppoff_r10,mechanism_sweep,3603,adventurousness,0.1,50,50,False,5,1000,,,0.65438,0.5522600000000001,-0.10211999999999988,3,2,False,,,334,315,5.69,0.1169,0.1106,191,171
mech_md25_ppoff_r10,mechanism_sweep,3740,adventurousness,0.1,50,50,False,5,1000,,,0.69278,0.6247400000000001,-0.06803999999999988,2,16,False,,,496,687,-38.51,0.2647,0.2175,185,174
mech_md25_ppoff_r10,mechanism_sweep,3877,adventurousness,0.1,50,50,False,5,1000,,,0.5939800000000001,0.50858,-0.08540000000000003,3,0,True,,4974,392,139,64.54,0.1318,0,125,110
mech_md25_ppoff_r10,mechanism_sweep,4014,adventurousness,0.1,50,50,False,5,1000,,,0.5856199999999999,0.56838,-0.017239999999999922,12,2,False,,,1341,192,85.68,0.1733,0.2079,145,136
mech_md25_ppoff_r10,mechanism_sweep,4151,adventurousness,0.1,50,50,False,5,1000,,,0.5128999999999999,0.5972,0.08430000000000004,2,5,False,2847,,229,653,-185.15,0.2304,0.2415,203,193
mech_md25_ppoff_r10,mechanism_sweep,4288,adventurousness,0.1,50,50,False,5,1000,,,0.62658,0.5635399999999999,-0.0630400000000001,6,3,False,,,597,327,45.23,0.3221,0.2152,182,167
mech_md25_ppoff_r10,mechanism_sweep,4425,adventurousness,0.1,50,50,False,5,1000,,,0.5837600000000001,0.63158,0.047819999999999974,13,3,False,,,511,346,32.29,0.2041,0.1923,139,125
mech_md25_ppoff_r10,mechanism_sweep,4562,adventurousness,0.1,50,50,False,5,1000,,,0.53024,0.5316799999999999,0.0014399999999998858,0,4,True,4875,3782,204,356,-74.51,0,0.1705,147,134
mech_md25_ppoff_r10,mechanism_sweep,4699,adventurousness,0.1,50,50,False,5,1000,,,0.63632,0.60278,-0.033540000000000014,7,19,False,,,318,1013,-218.55,0.1842,0.248,216,204
mech_md25_ppoff_r10,mechanism_sweep,4836,adventurousness,0.1,50,50,False,5,1000,,,0.50918,0.63476,0.12558000000000002,1,4,False,3935,,273,473,-73.26,0.0,0.2411,162,153
mech_md25_ppoff_r10,mechanism_sweep,4973,adventurousness,0.1,50,50,False,5,1000,,,0.5577,0.63536,0.07766000000000006,9,4,False,,,734,569,22.48,0.2373,0.152,173,163
mech_md25_ppoff_r20,mechanism_sweep,1000,adventurousness,0.2,50,50,False,5,1000,,,0.5052200000000001,0.61402,0.1087999999999999,5,13,False,1970,,242,1195,-393.8,0.1985,0.2692,514,476
mech_md25_ppoff_r20,mechanism_sweep,1137,adventurousness,0.2,50,50,False,5,1000,,,0.6675199999999999,0.5840799999999999,-0.08343999999999996,2,12,False,,,371,838,-125.88,0.1709,0.2498,430,394
mech_md25_ppoff_r20,mechanism_sweep,1274,adventurousness,0.2,50,50,False,5,1000,,,0.50666,0.66458,0.15791999999999995,0,4,False,4740,,200,743,-271.5,0,0.2001,378,354
mech_md25_ppoff_r20,mechanism_sweep,1411,adventurousness,0.2,50,50,False,5,1000,,,0.5096999999999999,0.63542,0.12572000000000005,1,2,False,3995,,212,459,-116.51,0.0,0.3249,335,308
mech_md25_ppoff_r20,mechanism_sweep,1548,adventurousness,0.2,50,50,False,5,1000,,,0.6309199999999999,0.61434,-0.016579999999999928,1,1,False,,,222,397,-78.83,0.0,0.0,312,283
mech_md25_ppoff_r20,mechanism_sweep,1685,adventurousness,0.2,50,50,False,5,1000,,,0.57816,0.61818,0.040019999999999945,2,4,False,,,706,302,57.22,0.0329,0.139,311,292
mech_md25_ppoff_r20,mechanism_sweep,1822,adventurousness,0.2,50,50,False,5,1000,,,0.52042,0.5672400000000001,0.046820000000000084,1,15,False,,,243,820,-237.45,0.0,0.2648,487,450
mech_md25_ppoff_r20,mechanism_sweep,1959,adventurousness,0.2,50,50,False,5,1000,,,0.6042799999999999,0.6563800000000001,0.052100000000000146,10,16,False,,,642,1056,-64.49,0.1686,0.1709,452,427
mech_md25_ppoff_r20,mechanism_sweep,2096,adventurousness,0.2,50,50,False,5,1000,,,0.61922,0.39572,-0.22349999999999998,3,0,True,,3963,333,231,30.63,0.3595,0,272,246
mech_md25_ppoff_r20,mechanism_sweep,2233,adventurousness,0.2,50,50,False,5,1000,,,0.46342,0.5694800000000001,0.1060600000000001,11,8,False,1978,,317,618,-94.95,0.2327,0.2381,495,459
mech_md25_ppoff_r20,mechanism_sweep,2370,adventurousness,0.2,50,50,False,5,1000,,,0.6038,0.5962799999999999,-0.007520000000000082,6,7,False,,,644,837,-29.97,0.2273,0.2604,412,378
mech_md25_ppoff_r20,mechanism_sweep,2507,adventurousness,0.2,50,50,False,5,1000,,,0.66184,0.62252,-0.03932000000000002,1,8,False,,,450,660,-46.67,0.0,0.2528,415,373
mech_md25_ppoff_r20,mechanism_sweep,2644,adventurousness,0.2,50,50,False,5,1000,,,0.5058400000000001,0.6504800000000001,0.14464,0,16,False,4900,,165,966,-485.45,0,0.2344,441,414
mech_md25_ppoff_r20,mechanism_sweep,2781,adventurousness,0.2,50,50,False,5,1000,,,0.69938,0.6323799999999999,-0.06700000000000006,3,6,False,,,438,790,-80.37,0.3218,0.2184,375,349
mech_md25_ppoff_r20,mechanism_sweep,2918,adventurousness,0.2,50,50,False,5,1000,,,0.51832,0.60168,0.08335999999999999,8,2,False,,,801,392,51.06,0.0966,0.2877,433,402
mech_md25_ppoff_r20,mechanism_sweep,3055,adventurousness,0.2,50,50,False,5,1000,,,0.40568,0.61194,0.20626000000000005,4,4,False,2969,,422,540,-27.96,0.2716,0.2905,407,367
mech_md25_ppoff_r20,mechanism_sweep,3192,adventurousness,0.2,50,50,False,5,1000,,,0.49184,0.5896399999999999,0.09779999999999994,4,2,False,3000,,254,341,-34.25,0.113,0.3186,379,346
mech_md25_ppoff_r20,mechanism_sweep,3329,adventurousness,0.2,50,50,False,5,1000,,,0.62232,0.59836,-0.02395999999999998,1,7,False,,,317,700,-120.82,0.0,0.2854,402,364
mech_md25_ppoff_r20,mechanism_sweep,3466,adventurousness,0.2,50,50,False,5,1000,,,0.51648,0.6368199999999999,0.12033999999999989,11,3,False,,,832,441,47.0,0.1648,0.3068,429,389
mech_md25_ppoff_r20,mechanism_sweep,3603,adventurousness,0.2,50,50,False,5,1000,,,0.65438,0.58136,-0.07301999999999997,3,13,False,,,334,572,-71.26,0.1169,0.1897,484,452
mech_md25_ppoff_r20,mechanism_sweep,3740,adventurousness,0.2,50,50,False,5,1000,,,0.69278,0.5618399999999999,-0.13094000000000006,2,3,False,,,496,342,31.05,0.2647,0.3249,390,356
mech_md25_ppoff_r20,mechanism_sweep,3877,adventurousness,0.2,50,50,False,5,1000,,,0.5939800000000001,0.64898,0.05499999999999994,3,2,False,,,392,316,19.39,0.1318,0.403,289,270
mech_md25_ppoff_r20,mechanism_sweep,4014,adventurousness,0.2,50,50,False,5,1000,,,0.5856199999999999,0.51818,-0.06743999999999994,12,1,True,,3752,1341,254,81.06,0.1733,0.0,307,280
mech_md25_ppoff_r20,mechanism_sweep,4151,adventurousness,0.2,50,50,False,5,1000,,,0.5128999999999999,0.62276,0.10986000000000007,2,10,False,2847,,229,756,-230.13,0.2304,0.2409,400,379
mech_md25_ppoff_r20,mechanism_sweep,4288,adventurousness,0.2,50,50,False,5,1000,,,0.62658,0.6849000000000001,0.05832000000000004,6,3,False,,,597,170,71.52,0.3221,0.2949,335,305
mech_md25_ppoff_r20,mechanism_sweep,4425,adventurousness,0.2,50,50,False,5,1000,,,0.5837600000000001,0.5821,-0.0016600000000001058,13,7,False,,,511,670,-31.12,0.2041,0.2102,408,378
mech_md25_ppoff_r20,mechanism_sweep,4562,adventurousness,0.2,50,50,False,5,1000,,,0.53024,0.64374,0.11349999999999993,0,6,False,4875,,204,556,-172.55,0,0.2972,368,343
mech_md25_ppoff_r20,mechanism_sweep,4699,adventurousness,0.2,50,50,False,5,1000,,,0.63632,0.6072000000000001,-0.029119999999999924,7,6,False,,,318,857,-169.5,0.1842,0.223,451,417
mech_md25_ppoff_r20,mechanism_sweep,4836,adventurousness,0.2,50,50,False,5,1000,,,0.50918,0.61532,0.10614000000000001,1,10,False,3935,,273,1168,-327.84,0.0,0.2469,522,479
mech_md25_ppoff_r20,mechanism_sweep,4973,adventurousness,0.2,50,50,False,5,1000,,,0.5577,0.5382399999999999,-0.019460000000000033,9,14,False,,,734,1443,-96.59,0.2373,0.2027,573,528
mech_md25_ppoff_r30,mechanism_sweep,1000,adventurousness,0.3,50,50,False,5,1000,,,0.5052200000000001,0.5382800000000001,0.03305999999999998,5,21,False,1970,,242,1142,-371.9,0.1985,0.2312,879,813
mech_md25_ppoff_r30,mechanism_sweep,1137,adventurousness,0.3,50,50,False,5,1000,,,0.6675199999999999,0.60168,-0.0658399999999999,2,5,False,,,371,556,-49.87,0.1709,0.2552,535,494
mech_md25_ppoff_r30,mechanism_sweep,1274,adventurousness,0.3,50,50,False,5,1000,,,0.50666,0.6237,0.11704000000000003,0,10,False,4740,,200,1012,-406.0,0,0.2601,623,574
mech_md25_ppoff_r30,mechanism_sweep,1411,adventurousness,0.3,50,50,False,5,1000,,,0.5096999999999999,0.62182,0.11212000000000011,1,6,False,3995,,212,633,-198.58,0.0,0.1036,569,520
mech_md25_ppoff_r30,mechanism_sweep,1548,adventurousness,0.3,50,50,False,5,1000,,,0.6309199999999999,0.65,0.019080000000000097,1,6,False,,,222,304,-36.94,0.0,0.2578,499,442
mech_md25_ppoff_r30,mechanism_sweep,1685,adventurousness,0.3,50,50,False,5,1000,,,0.57816,0.66534,0.08718000000000004,2,4,False,,,706,399,43.48,0.0329,0.2266,467,435
mech_md25_ppoff_r30,mechanism_sweep,1822,adventurousness,0.3,50,50,False,5,1000,,,0.52042,0.6067199999999999,0.08629999999999993,1,8,False,,,243,794,-226.75,0.0,0.2598,634,586
mech_md25_ppoff_r30,mechanism_sweep,1959,adventurousness,0.3,50,50,False,5,1000,,,0.6042799999999999,0.55166,-0.05261999999999989,10,17,False,,,642,1948,-203.43,0.1686,0.1677,905,833
mech_md25_ppoff_r30,mechanism_sweep,2096,adventurousness,0.3,50,50,False,5,1000,,,0.61922,0.5997399999999999,-0.019480000000000053,3,5,False,,,333,767,-130.33,0.3595,0.19,644,602
mech_md25_ppoff_r30,mechanism_sweep,2233,adventurousness,0.3,50,50,False,5,1000,,,0.46342,0.6532199999999999,0.1897999999999999,11,4,False,1978,,317,515,-62.46,0.2327,0.293,511,475
mech_md25_ppoff_r30,mechanism_sweep,2370,adventurousness,0.3,50,50,False,5,1000,,,0.6038,0.66106,0.05725999999999998,6,8,False,,,644,721,-11.96,0.2273,0.1762,564,534
mech_md25_ppoff_r30,mechanism_sweep,2507,adventurousness,0.3,50,50,False,5,1000,,,0.66184,0.6593600000000001,-0.0024799999999999267,1,18,False,,,450,999,-122.0,0.0,0.2137,702,656
mech_md25_ppoff_r30,mechanism_sweep,2644,adventurousness,0.3,50,50,False,5,1000,,,0.5058400000000001,0.6420199999999999,0.13617999999999986,0,6,False,4900,,165,670,-306.06,0,0.2157,610,569
mech_md25_ppoff_r30,mechanism_sweep,2781,adventurousness,0.3,50,50,False,5,1000,,,0.69938,0.60148,-0.09789999999999999,3,3,False,,,438,761,-73.74,0.3218,0.3637,703,648
mech_md25_ppoff_r30,mechanism_sweep,2918,adventurousness,0.3,50,50,False,5,1000,,,0.51832,0.5772600000000001,0.0589400000000001,8,1,False,,,801,372,53.56,0.0966,0.0,543,497
mech_md25_ppoff_r30,mechanism_sweep,3055,adventurousness,0.3,50,50,False,5,1000,,,0.40568,0.61602,0.21034000000000003,4,15,False,2969,,422,1052,-149.29,0.2716,0.2535,691,627
mech_md25_ppoff_r30,mechanism_sweep,3192,adventurousness,0.3,50,50,False,5,1000,,,0.49184,0.62212,0.13028,4,4,False,3000,,254,605,-138.19,0.113,0.2906,549,512
mech_md25_ppoff_r30,mechanism_sweep,3329,adventurousness,0.3,50,50,False,5,1000,,,0.62232,0.62176,-0.0005600000000000049,1,10,False,,,317,840,-164.98,0.0,0.201,626,584
mech_md25_ppoff_r30,mechanism_sweep,3466,adventurousness,0.3,50,50,False,5,1000,,,0.51648,0.60558,0.08909999999999996,11,6,False,,,832,387,53.49,0.1648,0.2773,512,444
mech_md25_ppoff_r30,mechanism_sweep,3603,adventurousness,0.3,50,50,False,5,1000,,,0.65438,0.58094,-0.07343999999999995,3,9,False,,,334,729,-118.26,0.1169,0.2022,657,615
mech_md25_ppoff_r30,mechanism_sweep,3740,adventurousness,0.3,50,50,False,5,1000,,,0.69278,0.6371800000000001,-0.05559999999999987,2,6,False,,,496,1011,-103.83,0.2647,0.256,575,535
mech_md25_ppoff_r30,mechanism_sweep,3877,adventurousness,0.3,50,50,False,5,1000,,,0.5939800000000001,0.6166799999999999,0.02269999999999983,3,2,False,,,392,378,3.57,0.1318,0.0212,452,402
mech_md25_ppoff_r30,mechanism_sweep,4014,adventurousness,0.3,50,50,False,5,1000,,,0.5856199999999999,0.6308200000000002,0.04520000000000024,12,5,False,,,1341,1074,19.91,0.1733,0.3348,682,628
mech_md25_ppoff_r30,mechanism_sweep,4151,adventurousness,0.3,50,50,False,5,1000,,,0.5128999999999999,0.6117,0.09880000000000011,2,28,False,2847,,229,1252,-446.72,0.2304,0.2302,711,650
mech_md25_ppoff_r30,mechanism_sweep,4288,adventurousness,0.3,50,50,False,5,1000,,,0.62658,0.63352,0.006939999999999946,6,6,False,,,597,491,17.76,0.3221,0.1466,467,422
mech_md25_ppoff_r30,mechanism_sweep,4425,adventurousness,0.3,50,50,False,5,1000,,,0.5837600000000001,0.5988,0.015039999999999942,13,1,False,,,511,403,21.14,0.2041,0.0,529,497
mech_md25_ppoff_r30,mechanism_sweep,4562,adventurousness,0.3,50,50,False,5,1000,,,0.53024,0.5663199999999999,0.03607999999999989,0,2,True,4875,2963,204,357,-75.0,0,0.2372,530,474
mech_md25_ppoff_r30,mechanism_sweep,4699,adventurousness,0.3,50,50,False,5,1000,,,0.63632,0.64598,0.009660000000000002,7,10,False,,,318,1196,-276.1,0.1842,0.1653,702,648
mech_md25_ppoff_r30,mechanism_sweep,4836,adventurousness,0.3,50,50,False,5,1000,,,0.50918,0.6148,0.10562000000000005,1,20,False,3935,,273,1017,-272.53,0.0,0.2618,610,568
mech_md25_ppoff_r30,mechanism_sweep,4973,adventurousness,0.3,50,50,False,5,1000,,,0.5577,0.57942,0.021720000000000073,9,8,False,,,734,772,-5.18,0.2373,0.2323,734,672
mech_md25_ppon_r05,mechanism_sweep,1000,adventurousness,0.05,50,50,False,5,1000,,,0.5052200000000001,0.53128,0.02605999999999986,5,3,False,1970,,242,643,-165.7,0.1985,0.2177,104,101
mech_md25_ppon_r05,mechanism_sweep,1137,adventurousness,0.05,50,50,False,5,1000,,,0.6675199999999999,0.49656,-0.1709599999999999,2,2,True,,918,371,333,10.24,0.1709,0.2782,62,57
mech_md25_ppon_r05,mechanism_sweep,1274,adventurousness,0.05,50,50,False,5,1000,,,0.50666,0.6474,0.14073999999999998,0,2,False,4740,,200,156,22.0,0,0.3135,56,54
mech_md25_ppon_r05,mechanism_sweep,1411,adventurousness,0.05,50,50,False,5,1000,,,0.5096999999999999,0.4817,-0.027999999999999914,1,8,True,3995,1820,212,204,3.77,0.0,0.0376,46,42
mech_md25_ppon_r05,mechanism_sweep,1548,adventurousness,0.05,50,50,False,5,1000,,,0.6309199999999999,0.5012000000000001,-0.12971999999999984,1,0,True,,4850,222,282,-27.03,0.0,0,38,32
mech_md25_ppon_r05,mechanism_sweep,1685,adventurousness,0.05,50,50,False,5,1000,,,0.57816,0.49618,-0.08198,2,0,True,,4910,706,369,47.73,0.0329,0,74,71
mech_md25_ppon_r05,mechanism_sweep,1822,adventurousness,0.05,50,50,False,5,1000,,,0.52042,0.4934200000000001,-0.026999999999999913,1,0,True,,4787,243,100,58.85,0.0,0,57,47
mech_md25_ppon_r05,mechanism_sweep,1959,adventurousness,0.05,50,50,False,5,1000,,,0.6042799999999999,0.50054,-0.10373999999999994,10,0,True,,4843,642,338,47.35,0.1686,0,73,70
mech_md25_ppon_r05,mechanism_sweep,2096,adventurousness,0.05,50,50,False,5,1000,,,0.61922,0.6226200000000001,0.0034000000000000696,3,3,False,,,333,343,-3.0,0.3595,0.1862,62,53
mech_md25_ppon_r05,mechanism_sweep,2233,adventurousness,0.05,50,50,False,5,1000,,,0.46342,0.5861000000000001,0.12268000000000007,11,3,False,1978,,317,409,-29.02,0.2327,0.1815,84,84
mech_md25_ppon_r05,mechanism_sweep,2370,adventurousness,0.05,50,50,False,5,1000,,,0.6038,0.36134000000000005,-0.24245999999999995,6,0,True,,3933,644,151,76.55,0.2273,0,45,44
mech_md25_ppon_r05,mechanism_sweep,2507,adventurousness,0.05,50,50,False,5,1000,,,0.66184,0.54964,-0.11219999999999997,1,7,False,,,450,646,-43.56,0.0,0.2421,78,75
mech_md25_ppon_r05,mechanism_sweep,2644,adventurousness,0.05,50,50,False,5,1000,,,0.5058400000000001,0.44744,-0.05840000000000006,0,0,True,4900,4987,165,448,-171.52,0,0,64,62
mech_md25_ppon_r05,mechanism_sweep,2781,adventurousness,0.05,50,50,False,5,1000,,,0.69938,0.6741,-0.02527999999999997,3,9,False,,,438,1093,-149.54,0.3218,0.2679,75,75
mech_md25_ppon_r05,mechanism_sweep,2918,adventurousness,0.05,50,50,False,5,1000,,,0.51832,0.5047200000000001,-0.013599999999999945,8,2,True,,2942,801,302,62.3,0.0966,0.0924,43,41
mech_md25_ppon_r05,mechanism_sweep,3055,adventurousness,0.05,50,50,False,5,1000,,,0.40568,0.64638,0.24069999999999997,4,5,False,2969,,422,495,-17.3,0.2716,0.2159,64,64
mech_md25_ppon_r05,mechanism_sweep,3192,adventurousness,0.05,50,50,False,5,1000,,,0.49184,0.59282,0.10098000000000001,4,1,False,3000,,254,425,-67.32,0.113,0.0,92,86
mech_md25_ppon_r05,mechanism_sweep,3329,adventurousness,0.05,50,50,False,5,1000,,,0.62232,0.67284,0.05052000000000001,1,3,False,,,317,371,-17.03,0.0,0.2681,65,63
mech_md25_ppon_r05,mechanism_sweep,3466,adventurousness,0.05,50,50,False,5,1000,,,0.51648,0.61808,0.10159999999999991,11,4,False,,,832,315,62.14,0.1648,0.2963,60,57
mech_md25_ppon_r05,mechanism_sweep,3603,adventurousness,0.05,50,50,False,5,1000,,,0.65438,0.66492,0.010539999999999994,3,2,False,,,334,470,-40.72,0.1169,0.0597,79,77
mech_md25_ppon_r05,mechanism_sweep,3740,adventurousness,0.05,50,50,False,5,1000,,,0.69278,0.55106,-0.14171999999999996,2,1,True,,3745,496,266,46.37,0.2647,0.0,52,52
mech_md25_ppon_r05,mechanism_sweep,3877,adventurousness,0.05,50,50,False,5,1000,,,0.5939800000000001,0.37182,-0.22216000000000008,3,1,True,,2946,392,52,86.73,0.1318,0.0,49,44
mech_md25_ppon_r05,mechanism_sweep,4014,adventurousness,0.05,50,50,False,5,1000,,,0.5856199999999999,0.2696,-0.3160199999999999,12,0,True,,2700,1341,221,83.52,0.1733,0,42,41
mech_md25_ppon_r05,mechanism_sweep,4151,adventurousness,0.05,50,50,False,5,1000,,,0.5128999999999999,0.42063999999999996,-0.09225999999999995,2,0,True,2847,4922,229,476,-107.86,0.2304,0,73,73
mech_md25_ppon_r05,mechanism_sweep,4288,adventurousness,0.05,50,50,False,5,1000,,,0.62658,0.5781400000000001,-0.04843999999999993,6,1,False,,,597,340,43.05,0.3221,0.0,64,62
mech_md25_ppon_r05,mechanism_sweep,4425,adventurousness,0.05,50,50,False,5,1000,,,0.5837600000000001,0.37336,-0.21040000000000003,13,0,True,,4912,511,198,61.25,0.2041,0,57,51
mech_md25_ppon_r05,mechanism_sweep,4562,adventurousness,0.05,50,50,False,5,1000,,,0.53024,0.48578,-0.044460000000000055,0,6,True,4875,3858,204,358,-75.49,0,0.2709,73,72
mech_md25_ppon_r05,mechanism_sweep,4699,adventurousness,0.05,50,50,False,5,1000,,,0.63632,0.48719999999999997,-0.14912000000000003,7,3,True,,3976,318,352,-10.69,0.1842,0.2745,71,67
mech_md25_ppon_r05,mechanism_sweep,4836,adventurousness,0.05,50,50,False,5,1000,,,0.50918,0.6050000000000001,0.09582000000000013,1,5,False,3935,,273,1029,-276.92,0.0,0.2953,93,92
mech_md25_ppon_r05,mechanism_sweep,4973,adventurousness,0.05,50,50,False,5,1000,,,0.5577,0.54582,-0.011880000000000002,9,79,False,,,734,1378,-87.74,0.2373,0.2287,150,144
mech_md25_ppon_r10,mechanism_sweep,1000,adventurousness,0.1,50,50,False,5,1000,,,0.5052200000000001,0.48956,-0.01566000000000012,5,74,False,1970,,242,2322,-859.5,0.1985,0.2325,402,377
mech_md25_ppon_r10,mechanism_sweep,1137,adventurousness,0.1,50,50,False,5,1000,,,0.6675199999999999,0.48751999999999995,-0.17999999999999994,2,3,True,,950,371,420,-13.21,0.1709,0.2329,140,134
mech_md25_ppon_r10,mechanism_sweep,1274,adventurousness,0.1,50,50,False,5,1000,,,0.50666,0.59776,0.09109999999999996,0,6,False,4740,,200,741,-270.5,0,0.211,206,195
mech_md25_ppon_r10,mechanism_sweep,1411,adventurousness,0.1,50,50,False,5,1000,,,0.5096999999999999,0.48822,-0.021479999999999944,1,0,True,3995,4922,212,545,-157.08,0.0,0,194,183
mech_md25_ppon_r10,mechanism_sweep,1548,adventurousness,0.1,50,50,False,5,1000,,,0.6309199999999999,0.61812,-0.012799999999999923,1,1,False,,,222,205,7.66,0.0,0.0,137,125
mech_md25_ppon_r10,mechanism_sweep,1685,adventurousness,0.1,50,50,False,5,1000,,,0.57816,0.66584,0.08767999999999998,2,1,False,,,706,219,68.98,0.0329,0.0,137,127
mech_md25_ppon_r10,mechanism_sweep,1822,adventurousness,0.1,50,50,False,5,1000,,,0.52042,0.43184000000000006,-0.08857999999999994,1,1,True,,3803,243,370,-52.26,0.0,0.0,159,153
mech_md25_ppon_r10,mechanism_sweep,1959,adventurousness,0.1,50,50,False,5,1000,,,0.6042799999999999,0.54118,-0.06309999999999993,10,9,False,,,642,885,-37.85,0.1686,0.1888,303,289
mech_md25_ppon_r10,mechanism_sweep,2096,adventurousness,0.1,50,50,False,5,1000,,,0.61922,0.6835799999999999,0.06435999999999986,3,3,False,,,333,415,-24.62,0.3595,0.2667,136,132
mech_md25_ppon_r10,mechanism_sweep,2233,adventurousness,0.1,50,50,False,5,1000,,,0.46342,0.26080000000000003,-0.20261999999999997,11,0,True,1978,2862,317,95,70.03,0.2327,0,136,128
mech_md25_ppon_r10,mechanism_sweep,2370,adventurousness,0.1,50,50,False,5,1000,,,0.6038,0.61856,0.014759999999999995,6,15,False,,,644,1020,-58.39,0.2273,0.2975,225,221
mech_md25_ppon_r10,mechanism_sweep,2507,adventurousness,0.1,50,50,False,5,1000,,,0.66184,0.5785,-0.08333999999999997,1,6,False,,,450,578,-28.44,0.0,0.2572,152,147
mech_md25_ppon_r10,mechanism_sweep,2644,adventurousness,0.1,50,50,False,5,1000,,,0.5058400000000001,0.29232,-0.21352000000000004,0,0,True,4900,3970,165,192,-16.36,0,0,149,142
mech_md25_ppon_r10,mechanism_sweep,2781,adventurousness,0.1,50,50,False,5,1000,,,0.69938,0.5346200000000001,-0.1647599999999999,3,2,True,,3886,438,288,34.25,0.3218,0.2788,130,123
mech_md25_ppon_r10,mechanism_sweep,2918,adventurousness,0.1,50,50,False,5,1000,,,0.51832,0.66364,0.14532,8,1,False,,,801,292,63.55,0.0966,0.0,153,150
mech_md25_ppon_r10,mechanism_sweep,3055,adventurousness,0.1,50,50,False,5,1000,,,0.40568,0.53644,0.13076000000000004,4,11,False,2969,,422,811,-92.18,0.2716,0.2291,228,222
mech_md25_ppon_r10,mechanism_sweep,3192,adventurousness,0.1,50,50,False,5,1000,,,0.49184,0.6654800000000001,0.17364000000000007,4,1,False,3000,,254,416,-63.78,0.113,0.0,198,187
mech_md25_ppon_r10,mechanism_sweep,3329,adventurousness,0.1,50,50,False,5,1000,,,0.62232,0.54852,-0.07379999999999998,1,6,True,,2993,317,255,19.56,0.0,0.2416,166,162
mech_md25_ppon_r10,mechanism_sweep,3466,adventurousness,0.1,50,50,False,5,1000,,,0.51648,0.50012,-0.01636000000000004,11,1,True,,3860,832,298,64.18,0.1648,0.0,145,134
mech_md25_ppon_r10,mechanism_sweep,3603,adventurousness,0.1,50,50,False,5,1000,,,0.65438,0.54122,-0.11315999999999993,3,9,False,,,334,303,9.28,0.1169,0.1333,179,171
mech_md25_ppon_r10,mechanism_sweep,3740,adventurousness,0.1,50,50,False,5,1000,,,0.69278,0.5444,-0.14837999999999996,2,3,False,,,496,375,24.4,0.2647,0.2878,183,173
mech_md25_ppon_r10,mechanism_sweep,3877,adventurousness,0.1,50,50,False,5,1000,,,0.5939800000000001,0.62364,0.02965999999999991,3,2,False,,,392,383,2.3,0.1318,0.3238,153,144
mech_md25_ppon_r10,mechanism_sweep,4014,adventurousness,0.1,50,50,False,5,1000,,,0.5856199999999999,0.6104200000000001,0.024800000000000155,12,5,False,,,1341,603,55.03,0.1733,0.1304,195,193
mech_md25_ppon_r10,mechanism_sweep,4151,adventurousness,0.1,50,50,False,5,1000,,,0.5128999999999999,0.22965999999999998,-0.28323999999999994,2,0,True,2847,2992,229,225,1.75,0.2304,0,166,163
mech_md25_ppon_r10,mechanism_sweep,4288,adventurousness,0.1,50,50,False,5,1000,,,0.62658,0.5782,-0.04837999999999998,6,4,False,,,597,906,-51.76,0.3221,0.2543,195,190
mech_md25_ppon_r10,mechanism_sweep,4425,adventurousness,0.1,50,50,False,5,1000,,,0.5837600000000001,0.64286,0.05909999999999993,13,4,False,,,511,555,-8.61,0.2041,0.1969,181,174
mech_md25_ppon_r10,mechanism_sweep,4562,adventurousness,0.1,50,50,False,5,1000,,,0.53024,0.6498,0.11956,0,2,False,4875,,204,427,-109.31,0,0.2449,181,176
mech_md25_ppon_r10,mechanism_sweep,4699,adventurousness,0.1,50,50,False,5,1000,,,0.63632,0.6744199999999999,0.03809999999999991,7,4,False,,,318,607,-90.88,0.1842,0.1318,166,161
mech_md25_ppon_r10,mechanism_sweep,4836,adventurousness,0.1,50,50,False,5,1000,,,0.50918,0.6120000000000001,0.10282000000000013,1,9,False,3935,,273,974,-256.78,0.0,0.2523,217,209
mech_md25_ppon_r10,mechanism_sweep,4973,adventurousness,0.1,50,50,False,5,1000,,,0.5577,0.49982,-0.05787999999999999,9,332,False,,,734,3172,-332.15,0.2373,0.1612,491,443
mech_md25_ppon_r20,mechanism_sweep,1000,adventurousness,0.2,50,50,False,5,1000,,,0.5052200000000001,0.5847,0.07947999999999988,5,22,False,1970,,242,1132,-367.77,0.1985,0.2373,489,467
mech_md25_ppon_r20,mechanism_sweep,1137,adventurousness,0.2,50,50,False,5,1000,,,0.6675199999999999,0.64012,-0.02739999999999987,2,9,False,,,371,678,-82.75,0.1709,0.2735,350,325
mech_md25_ppon_r20,mechanism_sweep,1274,adventurousness,0.2,50,50,False,5,1000,,,0.50666,0.60924,0.10258,0,14,False,4740,,200,1015,-407.5,0,0.2279,496,476
mech_md25_ppon_r20,mechanism_sweep,1411,adventurousness,0.2,50,50,False,5,1000,,,0.5096999999999999,0.599,0.08930000000000005,1,11,False,3995,,212,737,-247.64,0.0,0.1183,415,403
mech_md25_ppon_r20,mechanism_sweep,1548,adventurousness,0.2,50,50,False,5,1000,,,0.6309199999999999,0.6556799999999999,0.024760000000000004,1,5,False,,,222,557,-150.9,0.0,0.2692,281,270
mech_md25_ppon_r20,mechanism_sweep,1685,adventurousness,0.2,50,50,False,5,1000,,,0.57816,0.6798399999999999,0.10167999999999988,2,5,False,,,706,544,22.95,0.0329,0.1851,308,298
mech_md25_ppon_r20,mechanism_sweep,1822,adventurousness,0.2,50,50,False,5,1000,,,0.52042,0.5224,0.0019799999999999818,1,6,False,,,243,363,-49.38,0.0,0.1953,457,437
mech_md25_ppon_r20,mechanism_sweep,1959,adventurousness,0.2,50,50,False,5,1000,,,0.6042799999999999,0.55484,-0.04943999999999993,10,29,False,,,642,1667,-159.66,0.1686,0.2296,625,592
mech_md25_ppon_r20,mechanism_sweep,2096,adventurousness,0.2,50,50,False,5,1000,,,0.61922,0.5996,-0.01961999999999997,3,12,False,,,333,841,-152.55,0.3595,0.2258,407,386
mech_md25_ppon_r20,mechanism_sweep,2233,adventurousness,0.2,50,50,False,5,1000,,,0.46342,0.63364,0.17021999999999998,11,1,False,1978,,317,362,-14.2,0.2327,0.0,328,315
mech_md25_ppon_r20,mechanism_sweep,2370,adventurousness,0.2,50,50,False,5,1000,,,0.6038,0.6114200000000001,0.007620000000000071,6,2,False,,,644,510,20.81,0.2273,0.3375,356,336
mech_md25_ppon_r20,mechanism_sweep,2507,adventurousness,0.2,50,50,False,5,1000,,,0.66184,0.36313999999999996,-0.2987,1,0,True,,3899,450,149,66.89,0.0,0,272,261
mech_md25_ppon_r20,mechanism_sweep,2644,adventurousness,0.2,50,50,False,5,1000,,,0.5058400000000001,0.59576,0.08991999999999989,0,14,False,4900,,165,919,-456.97,0,0.2879,400,377
mech_md25_ppon_r20,mechanism_sweep,2781,adventurousness,0.2,50,50,False,5,1000,,,0.69938,0.70728,0.007900000000000018,3,4,False,,,438,639,-45.89,0.3218,0.2467,333,318
mech_md25_ppon_r20,mechanism_sweep,2918,adventurousness,0.2,50,50,False,5,1000,,,0.51832,0.60746,0.08914,8,3,False,,,801,309,61.42,0.0966,0.2879,357,348
mech_md25_ppon_r20,mechanism_sweep,3055,adventurousness,0.2,50,50,False,5,1000,,,0.40568,0.58172,0.17604000000000003,4,7,False,2969,,422,544,-28.91,0.2716,0.2715,446,422
mech_md25_ppon_r20,mechanism_sweep,3192,adventurousness,0.2,50,50,False,5,1000,,,0.49184,0.49682000000000004,0.00498000000000004,4,2,True,3000,3897,254,285,-12.2,0.113,0.1354,316,296
mech_md25_ppon_r20,mechanism_sweep,3329,adventurousness,0.2,50,50,False,5,1000,,,0.62232,0.6485,0.02617999999999998,1,14,False,,,317,1152,-263.41,0.0,0.2749,450,438
mech_md25_ppon_r20,mechanism_sweep,3466,adventurousness,0.2,50,50,False,5,1000,,,0.51648,0.6612,0.14471999999999996,11,12,False,,,832,559,32.81,0.1648,0.3071,405,388
mech_md25_ppon_r20,mechanism_sweep,3603,adventurousness,0.2,50,50,False,5,1000,,,0.65438,0.64748,-0.006899999999999906,3,7,False,,,334,959,-187.13,0.1169,0.2677,488,472
mech_md25_ppon_r20,mechanism_sweep,3740,adventurousness,0.2,50,50,False,5,1000,,,0.69278,0.56548,-0.12729999999999997,2,8,False,,,496,915,-84.48,0.2647,0.2807,541,516
mech_md25_ppon_r20,mechanism_sweep,3877,adventurousness,0.2,50,50,False,5,1000,,,0.5939800000000001,0.5947399999999999,0.0007599999999998719,3,5,False,,,392,427,-8.93,0.1318,0.3366,336,323
mech_md25_ppon_r20,mechanism_sweep,4014,adventurousness,0.2,50,50,False,5,1000,,,0.5856199999999999,0.5763399999999999,-0.009280000000000066,12,5,False,,,1341,647,51.75,0.1733,0.2936,376,359
mech_md25_ppon_r20,mechanism_sweep,4151,adventurousness,0.2,50,50,False,5,1000,,,0.5128999999999999,0.6162799999999999,0.10338000000000003,2,12,False,2847,,229,923,-303.06,0.2304,0.2817,523,509
mech_md25_ppon_r20,mechanism_sweep,4288,adventurousness,0.2,50,50,False,5,1000,,,0.62658,0.5978199999999999,-0.02876000000000012,6,13,False,,,597,992,-66.16,0.3221,0.232,477,448
mech_md25_ppon_r20,mechanism_sweep,4425,adventurousness,0.2,50,50,False,5,1000,,,0.5837600000000001,0.63754,0.05377999999999994,13,16,False,,,511,1129,-120.94,0.2041,0.1877,445,428
mech_md25_ppon_r20,mechanism_sweep,4562,adventurousness,0.2,50,50,False,5,1000,,,0.53024,0.59712,0.06687999999999994,0,8,False,4875,,204,902,-342.16,0,0.2084,476,457
mech_md25_ppon_r20,mechanism_sweep,4699,adventurousness,0.2,50,50,False,5,1000,,,0.63632,0.6244799999999999,-0.011840000000000073,7,8,False,,,318,784,-146.54,0.1842,0.272,485,465
mech_md25_ppon_r20,mechanism_sweep,4836,adventurousness,0.2,50,50,False,5,1000,,,0.50918,0.56676,0.057580000000000076,1,10,False,3935,,273,796,-191.58,0.0,0.1965,474,462
mech_md25_ppon_r20,mechanism_sweep,4973,adventurousness,0.2,50,50,False,5,1000,,,0.5577,0.56824,0.010539999999999994,9,16,False,,,734,757,-3.13,0.2373,0.2316,483,457
mech_md25_ppon_r30,mechanism_sweep,1000,adventurousness,0.3,50,50,False,5,1000,,,0.5052200000000001,0.59028,0.08505999999999991,5,19,False,1970,,242,1942,-702.48,0.1985,0.2641,890,836
mech_md25_ppon_r30,mechanism_sweep,1137,adventurousness,0.3,50,50,False,5,1000,,,0.6675199999999999,0.61818,-0.04933999999999994,2,9,False,,,371,719,-93.8,0.1709,0.2584,566,539
mech_md25_ppon_r30,mechanism_sweep,1274,adventurousness,0.3,50,50,False,5,1000,,,0.50666,0.63486,0.12819999999999998,0,8,False,4740,,200,887,-343.5,0,0.2072,617,588
mech_md25_ppon_r30,mechanism_sweep,1411,adventurousness,0.3,50,50,False,5,1000,,,0.5096999999999999,0.64518,0.13548000000000004,1,14,False,3995,,212,1422,-570.75,0.0,0.2426,764,741
mech_md25_ppon_r30,mechanism_sweep,1548,adventurousness,0.3,50,50,False,5,1000,,,0.6309199999999999,0.55184,-0.07907999999999993,1,40,False,,,222,1142,-414.41,0.0,0.2181,875,813
mech_md25_ppon_r30,mechanism_sweep,1685,adventurousness,0.3,50,50,False,5,1000,,,0.57816,0.60298,0.024819999999999953,2,19,False,,,706,893,-26.49,0.0329,0.2737,649,623
mech_md25_ppon_r30,mechanism_sweep,1822,adventurousness,0.3,50,50,False,5,1000,,,0.52042,0.6167400000000001,0.09632000000000007,1,1,False,,,243,392,-61.32,0.0,0.0,494,467
mech_md25_ppon_r30,mechanism_sweep,1959,adventurousness,0.3,50,50,False,5,1000,,,0.6042799999999999,0.5771599999999999,-0.027120000000000033,10,14,False,,,642,1709,-166.2,0.1686,0.2383,839,781
mech_md25_ppon_r30,mechanism_sweep,2096,adventurousness,0.3,50,50,False,5,1000,,,0.61922,0.62942,0.010199999999999987,3,5,False,,,333,686,-106.01,0.3595,0.2144,625,592
mech_md25_ppon_r30,mechanism_sweep,2233,adventurousness,0.3,50,50,False,5,1000,,,0.46342,0.63434,0.17092000000000002,11,6,False,1978,,317,482,-52.05,0.2327,0.2316,615,590
mech_md25_ppon_r30,mechanism_sweep,2370,adventurousness,0.3,50,50,False,5,1000,,,0.6038,0.68064,0.07684000000000002,6,6,False,,,644,814,-26.4,0.2273,0.1651,582,562
mech_md25_ppon_r30,mechanism_sweep,2507,adventurousness,0.3,50,50,False,5,1000,,,0.66184,0.5941400000000001,-0.06769999999999987,1,6,False,,,450,816,-81.33,0.0,0.265,697,655
mech_md25_ppon_r30,mechanism_sweep,2644,adventurousness,0.3,50,50,False,5,1000,,,0.5058400000000001,0.58546,0.07961999999999991,0,5,False,4900,,165,1125,-581.82,0,0.2692,674,633
mech_md25_ppon_r30,mechanism_sweep,2781,adventurousness,0.3,50,50,False,5,1000,,,0.69938,0.64836,-0.051019999999999954,3,7,False,,,438,832,-89.95,0.3218,0.2305,546,525
mech_md25_ppon_r30,mechanism_sweep,2918,adventurousness,0.3,50,50,False,5,1000,,,0.51832,0.58414,0.06581999999999999,8,12,False,,,801,841,-4.99,0.0966,0.1789,608,587
mech_md25_ppon_r30,mechanism_sweep,3055,adventurousness,0.3,50,50,False,5,1000,,,0.40568,0.6215999999999999,0.21591999999999995,4,9,False,2969,,422,803,-90.28,0.2716,0.2946,624,592
mech_md25_ppon_r30,mechanism_sweep,3192,adventurousness,0.3,50,50,False,5,1000,,,0.49184,0.56926,0.07741999999999999,4,8,False,3000,,254,554,-118.11,0.113,0.2324,628,594
mech_md25_ppon_r30,mechanism_sweep,3329,adventurousness,0.3,50,50,False,5,1000,,,0.62232,0.67216,0.049839999999999995,1,11,False,,,317,858,-170.66,0.0,0.1539,623,605
mech_md25_ppon_r30,mechanism_sweep,3466,adventurousness,0.3,50,50,False,5,1000,,,0.51648,0.66666,0.15017999999999998,11,8,False,,,832,737,11.42,0.1648,0.2389,519,492
mech_md25_ppon_r30,mechanism_sweep,3603,adventurousness,0.3,50,50,False,5,1000,,,0.65438,0.58936,-0.06501999999999997,3,24,False,,,334,1305,-290.72,0.1169,0.1502,718,690
mech_md25_ppon_r30,mechanism_sweep,3740,adventurousness,0.3,50,50,False,5,1000,,,0.69278,0.6275799999999999,-0.06520000000000004,2,28,False,,,496,1393,-180.85,0.2647,0.2624,718,682
mech_md25_ppon_r30,mechanism_sweep,3877,adventurousness,0.3,50,50,False,5,1000,,,0.5939800000000001,0.65184,0.05785999999999991,3,3,False,,,392,463,-18.11,0.1318,0.2593,591,566
mech_md25_ppon_r30,mechanism_sweep,4014,adventurousness,0.3,50,50,False,5,1000,,,0.5856199999999999,0.65784,0.07222000000000006,12,14,False,,,1341,1362,-1.57,0.1733,0.2019,713,686
mech_md25_ppon_r30,mechanism_sweep,4151,adventurousness,0.3,50,50,False,5,1000,,,0.5128999999999999,0.63276,0.11986000000000008,2,19,False,2847,,229,1386,-505.24,0.2304,0.2572,753,715
mech_md25_ppon_r30,mechanism_sweep,4288,adventurousness,0.3,50,50,False,5,1000,,,0.62658,0.5652,-0.06137999999999999,6,0,True,,4908,597,283,52.6,0.3221,0,446,408
mech_md25_ppon_r30,mechanism_sweep,4425,adventurousness,0.3,50,50,False,5,1000,,,0.5837600000000001,0.5483800000000001,-0.03537999999999997,13,9,False,,,511,665,-30.14,0.2041,0.2663,660,624
mech_md25_ppon_r30,mechanism_sweep,4562,adventurousness,0.3,50,50,False,5,1000,,,0.53024,0.62806,0.09781999999999991,0,11,False,4875,,204,923,-352.45,0,0.234,634,606
mech_md25_ppon_r30,mechanism_sweep,4699,adventurousness,0.3,50,50,False,5,1000,,,0.63632,0.58936,-0.04696,7,4,False,,,318,849,-166.98,0.1842,0.2452,702,666
mech_md25_ppon_r30,mechanism_sweep,4836,adventurousness,0.3,50,50,False,5,1000,,,0.50918,0.6264000000000001,0.1172200000000001,1,3,False,3935,,273,672,-146.15,0.0,0.2999,670,645
mech_md25_ppon_r30,mechanism_sweep,4973,adventurousness,0.3,50,50,False,5,1000,,,0.5577,0.6110599999999999,0.05335999999999996,9,6,False,,,734,1331,-81.34,0.2373,0.3135,747,719
mech_md50_ppoff_r05,mechanism_sweep,1000,adventurousness,0.05,50,50,False,5,1000,,,0.5052200000000001,0.58256,0.07733999999999985,5,12,False,1970,,242,641,-164.88,0.1985,0.2698,88,86
mech_md50_ppoff_r05,mechanism_sweep,1137,adventurousness,0.05,50,50,False,5,1000,,,0.6675199999999999,0.7089,0.04138000000000008,2,1,False,,,371,263,29.11,0.1709,0.0,49,46
mech_md50_ppoff_r05,mechanism_sweep,1274,adventurousness,0.05,50,50,False,5,1000,,,0.50666,0.72418,0.21752000000000005,0,1,False,4740,,200,334,-67.0,0,0.0,56,53
mech_md50_ppoff_r05,mechanism_sweep,1411,adventurousness,0.05,50,50,False,5,1000,,,0.5096999999999999,0.5322,0.022500000000000075,1,1,True,3995,3816,212,198,6.6,0.0,0.0,52,48
mech_md50_ppoff_r05,mechanism_sweep,1548,adventurousness,0.05,50,50,False,5,1000,,,0.6309199999999999,0.48078000000000004,-0.15013999999999988,1,6,True,,2917,222,328,-47.75,0.0,0.2578,55,48
mech_md50_ppoff_r05,mechanism_sweep,1685,adventurousness,0.05,50,50,False,5,1000,,,0.57816,0.58612,0.007959999999999967,2,3,False,,,706,418,40.79,0.0329,0.2741,74,73
mech_md50_ppoff_r05,mechanism_sweep,1822,adventurousness,0.05,50,50,False,5,1000,,,0.52042,0.6045200000000001,0.08410000000000006,1,1,False,,,243,105,56.79,0.0,0.0,52,49
mech_md50_ppoff_r05,mechanism_sweep,1959,adventurousness,0.05,50,50,False,5,1000,,,0.6042799999999999,0.58486,-0.019419999999999882,10,3,False,,,642,675,-5.14,0.1686,0.3282,95,84
mech_md50_ppoff_r05,mechanism_sweep,2096,adventurousness,0.05,50,50,False,5,1000,,,0.61922,0.54778,-0.07143999999999995,3,8,False,,,333,308,7.51,0.3595,0.1915,46,46
mech_md50_ppoff_r05,mechanism_sweep,2233,adventurousness,0.05,50,50,False,5,1000,,,0.46342,0.6533599999999999,0.18993999999999994,11,4,False,1978,,317,309,2.52,0.2327,0.2276,61,57
mech_md50_ppoff_r05,mechanism_sweep,2370,adventurousness,0.05,50,50,False,5,1000,,,0.6038,0.61588,0.01207999999999998,6,3,False,,,644,542,15.84,0.2273,0.2519,67,63
mech_md50_ppoff_r05,mechanism_sweep,2507,adventurousness,0.05,50,50,False,5,1000,,,0.66184,0.35064,-0.3112,1,0,True,,3991,450,230,48.89,0.0,0,53,51
mech_md50_ppoff_r05,mechanism_sweep,2644,adventurousness,0.05,50,50,False,5,1000,,,0.5058400000000001,0.57406,0.06821999999999995,0,9,False,4900,,165,676,-309.7,0,0.1463,63,61
mech_md50_ppoff_r05,mechanism_sweep,2781,adventurousness,0.05,50,50,False,5,1000,,,0.69938,0.7027599999999999,0.0033799999999999386,3,7,False,,,438,483,-10.27,0.3218,0.2346,40,39
mech_md50_ppoff_r05,mechanism_sweep,2918,adventurousness,0.05,50,50,False,5,1000,,,0.51832,0.6157400000000001,0.09742000000000006,8,1,False,,,801,297,62.92,0.0966,0.0,68,63
mech_md50_ppoff_r05,mechanism_sweep,3055,adventurousness,0.05,50,50,False,5,1000,,,0.40568,0.49357999999999996,0.08789999999999998,4,0,True,2969,4937,422,348,17.54,0.2716,0,55,54
mech_md50_ppoff_r05,mechanism_sweep,3192,adventurousness,0.05,50,50,False,5,1000,,,0.49184,0.6200600000000001,0.12822000000000006,4,1,False,3000,,254,292,-14.96,0.113,0.0,53,52
mech_md50_ppoff_r05,mechanism_sweep,3329,adventurousness,0.05,50,50,False,5,1000,,,0.62232,0.54418,-0.07813999999999999,1,0,True,,4939,317,224,29.34,0.0,0,55,52
mech_md50_ppoff_r05,mechanism_sweep,3466,adventurousness,0.05,50,50,False,5,1000,,,0.51648,0.49002,-0.02646000000000004,11,1,True,,3931,832,262,68.51,0.1648,0.0,50,45
mech_md50_ppoff_r05,mechanism_sweep,3603,adventurousness,0.05,50,50,False,5,1000,,,0.65438,0.49592,-0.15845999999999993,3,1,True,,3803,334,278,16.77,0.1169,0.0,60,57
mech_md50_ppoff_r05,mechanism_sweep,3740,adventurousness,0.05,50,50,False,5,1000,,,0.69278,0.6263399999999999,-0.06644000000000005,2,9,False,,,496,1014,-104.44,0.2647,0.1551,116,107
mech_md50_ppoff_r05,mechanism_sweep,3877,adventurousness,0.05,50,50,False,5,1000,,,0.5939800000000001,0.38144,-0.21254000000000006,3,0,True,,3801,392,175,55.36,0.1318,0,55,52
mech_md50_ppoff_r05,mechanism_sweep,4014,adventurousness,0.05,50,50,False,5,1000,,,0.5856199999999999,0.43923999999999996,-0.14637999999999995,12,26,True,,1937,1341,820,38.85,0.1733,0.2024,133,113
mech_md50_ppoff_r05,mechanism_sweep,4151,adventurousness,0.05,50,50,False,5,1000,,,0.5128999999999999,0.56074,0.047840000000000105,2,1,False,2847,,229,376,-64.19,0.2304,0.0,61,58
mech_md50_ppoff_r05,mechanism_sweep,4288,adventurousness,0.05,50,50,False,5,1000,,,0.62658,0.53352,-0.09306000000000003,6,0,True,,4737,597,386,35.34,0.3221,0,54,51
mech_md50_ppoff_r05,mechanism_sweep,4425,adventurousness,0.05,50,50,False,5,1000,,,0.5837600000000001,0.52224,-0.06152000000000002,13,1,False,,,511,246,51.86,0.2041,0.0,54,52
mech_md50_ppoff_r05,mechanism_sweep,4562,adventurousness,0.05,50,50,False,5,1000,,,0.53024,0.53888,0.008639999999999981,0,2,True,4875,1967,204,202,0.98,0,0.2326,60,53
mech_md50_ppoff_r05,mechanism_sweep,4699,adventurousness,0.05,50,50,False,5,1000,,,0.63632,0.52116,-0.11516000000000004,7,3,True,,3950,318,384,-20.75,0.1842,0.284,78,71
mech_md50_ppoff_r05,mechanism_sweep,4836,adventurousness,0.05,50,50,False,5,1000,,,0.50918,0.64564,0.13646000000000003,1,10,False,3935,,273,538,-97.07,0.0,0.2643,66,65
mech_md50_ppoff_r05,mechanism_sweep,4973,adventurousness,0.05,50,50,False,5,1000,,,0.5577,0.51244,-0.04525999999999997,9,0,True,,4770,734,588,19.89,0.2373,0,73,69
mech_md50_ppoff_r10,mechanism_sweep,1000,adventurousness,0.1,50,50,False,5,1000,,,0.5052200000000001,0.5828200000000001,0.0776,5,8,False,1970,,242,934,-285.95,0.1985,0.2515,244,228
mech_md50_ppoff_r10,mechanism_sweep,1137,adventurousness,0.1,50,50,False,5,1000,,,0.6675199999999999,0.38095999999999997,-0.2865599999999999,2,0,True,,3963,371,72,80.59,0.1709,0,139,121
mech_md50_ppoff_r10,mechanism_sweep,1274,adventurousness,0.1,50,50,False,5,1000,,,0.50666,0.5985,0.09184000000000003,0,3,False,4740,,200,364,-82.0,0,0.2959,143,136
mech_md50_ppoff_r10,mechanism_sweep,1411,adventurousness,0.1,50,50,False,5,1000,,,0.5096999999999999,0.6706000000000001,0.16090000000000015,1,2,False,3995,,212,225,-6.13,0.0,0.1591,154,141
mech_md50_ppoff_r10,mechanism_sweep,1548,adventurousness,0.1,50,50,False,5,1000,,,0.6309199999999999,0.56538,-0.06553999999999993,1,0,True,,4856,222,275,-23.87,0.0,0,150,139
mech_md50_ppoff_r10,mechanism_sweep,1685,adventurousness,0.1,50,50,False,5,1000,,,0.57816,0.55602,-0.02214000000000005,2,4,True,,2931,706,195,72.38,0.0329,0.2492,145,134
mech_md50_ppoff_r10,mechanism_sweep,1822,adventurousness,0.1,50,50,False,5,1000,,,0.52042,0.4729,-0.04752000000000001,1,1,True,,3999,243,162,33.33,0.0,0.0,151,141
mech_md50_ppoff_r10,mechanism_sweep,1959,adventurousness,0.1,50,50,False,5,1000,,,0.6042799999999999,0.60798,0.0037000000000000366,10,21,False,,,642,753,-17.29,0.1686,0.2524,241,224
mech_md50_ppoff_r10,mechanism_sweep,2096,adventurousness,0.1,50,50,False,5,1000,,,0.61922,0.5856600000000001,-0.03355999999999992,3,8,False,,,333,317,4.8,0.3595,0.2795,173,159
mech_md50_ppoff_r10,mechanism_sweep,2233,adventurousness,0.1,50,50,False,5,1000,,,0.46342,0.61582,0.15240000000000004,11,9,False,1978,,317,381,-20.19,0.2327,0.115,183,163
mech_md50_ppoff_r10,mechanism_sweep,2370,adventurousness,0.1,50,50,False,5,1000,,,0.6038,0.6333,0.02949999999999997,6,2,False,,,644,579,10.09,0.2273,0.1125,160,153
mech_md50_ppoff_r10,mechanism_sweep,2507,adventurousness,0.1,50,50,False,5,1000,,,0.66184,0.33571999999999996,-0.32612,1,0,True,,3794,450,172,61.78,0.0,0,133,124
mech_md50_ppoff_r10,mechanism_sweep,2644,adventurousness,0.1,50,50,False,5,1000,,,0.5058400000000001,0.5905600000000001,0.08472000000000002,0,3,False,4900,,165,308,-86.67,0,0.4003,176,164
mech_md50_ppoff_r10,mechanism_sweep,2781,adventurousness,0.1,50,50,False,5,1000,,,0.69938,0.611,-0.08838000000000001,3,9,False,,,438,909,-107.53,0.3218,0.247,220,197
mech_md50_ppoff_r10,mechanism_sweep,2918,adventurousness,0.1,50,50,False,5,1000,,,0.51832,0.6103599999999999,0.0920399999999999,8,1,False,,,801,310,61.3,0.0966,0.0,152,142
mech_md50_ppoff_r10,mechanism_sweep,3055,adventurousness,0.1,50,50,False,5,1000,,,0.40568,0.65244,0.24676000000000003,4,7,False,2969,,422,563,-33.41,0.2716,0.3075,162,153
mech_md50_ppoff_r10,mechanism_sweep,3192,adventurousness,0.1,50,50,False,5,1000,,,0.49184,0.20734,-0.2845,4,0,True,3000,2858,254,227,10.63,0.113,0,160,144
mech_md50_ppoff_r10,mechanism_sweep,3329,adventurousness,0.1,50,50,False,5,1000,,,0.62232,0.66364,0.04132000000000002,1,7,False,,,317,413,-30.28,0.0,0.1787,130,116
mech_md50_ppoff_r10,mechanism_sweep,3466,adventurousness,0.1,50,50,False,5,1000,,,0.51648,0.6970799999999999,0.18059999999999987,11,2,False,,,832,452,45.67,0.1648,0.1881,152,135
mech_md50_ppoff_r10,mechanism_sweep,3603,adventurousness,0.1,50,50,False,5,1000,,,0.65438,0.61848,-0.03589999999999993,3,1,False,,,334,357,-6.89,0.1169,0.0,166,157
mech_md50_ppoff_r10,mechanism_sweep,3740,adventurousness,0.1,50,50,False,5,1000,,,0.69278,0.6176999999999999,-0.07508000000000004,2,7,False,,,496,781,-57.46,0.2647,0.2857,194,177
mech_md50_ppoff_r10,mechanism_sweep,3877,adventurousness,0.1,50,50,False,5,1000,,,0.5939800000000001,0.58208,-0.011900000000000022,3,5,True,,799,392,317,19.13,0.1318,0.2898,133,124
mech_md50_ppoff_r10,mechanism_sweep,4014,adventurousness,0.1,50,50,False,5,1000,,,0.5856199999999999,0.57974,-0.005879999999999885,12,2,False,,,1341,399,70.25,0.1733,0.3355,172,158
mech_md50_ppoff_r10,mechanism_sweep,4151,adventurousness,0.1,50,50,False,5,1000,,,0.5128999999999999,0.6808,0.16790000000000005,2,9,False,2847,,229,608,-165.5,0.2304,0.2072,187,177
mech_md50_ppoff_r10,mechanism_sweep,4288,adventurousness,0.1,50,50,False,5,1000,,,0.62658,0.67822,0.05164000000000002,6,3,False,,,597,360,39.7,0.3221,0.1284,170,159
mech_md50_ppoff_r10,mechanism_sweep,4425,adventurousness,0.1,50,50,False,5,1000,,,0.5837600000000001,0.45284,-0.13092000000000004,13,0,True,,4686,511,552,-8.02,0.2041,0,159,144
mech_md50_ppoff_r10,mechanism_sweep,4562,adventurousness,0.1,50,50,False,5,1000,,,0.53024,0.53252,0.0022799999999999487,0,4,False,4875,,204,439,-115.2,0,0.1848,217,204
mech_md50_ppoff_r10,mechanism_sweep,4699,adventurousness,0.1,50,50,False,5,1000,,,0.63632,0.68732,0.051000000000000045,7,2,False,,,318,568,-78.62,0.1842,0.1155,146,134
mech_md50_ppoff_r10,mechanism_sweep,4836,adventurousness,0.1,50,50,False,5,1000,,,0.50918,0.50076,-0.008419999999999983,1,0,True,3935,4875,273,224,17.95,0.0,0,163,151
mech_md50_ppoff_r10,mechanism_sweep,4973,adventurousness,0.1,50,50,False,5,1000,,,0.5577,0.6325,0.07479999999999998,9,6,False,,,734,503,31.47,0.2373,0.3014,201,190
mech_md50_ppoff_r20,mechanism_sweep,1000,adventurousness,0.2,50,50,False,5,1000,,,0.5052200000000001,0.4933599999999999,-0.011860000000000204,5,10,False,1970,,242,865,-257.44,0.1985,0.207,596,547
mech_md50_ppoff_r20,mechanism_sweep,1137,adventurousness,0.2,50,50,False,5,1000,,,0.6675199999999999,0.6684,0.0008800000000001029,2,2,False,,,371,498,-34.23,0.1709,0.1686,257,229
mech_md50_ppoff_r20,mechanism_sweep,1274,adventurousness,0.2,50,50,False,5,1000,,,0.50666,0.57784,0.07118000000000002,0,5,False,4740,,200,777,-288.5,0,0.2275,406,369
mech_md50_ppoff_r20,mechanism_sweep,1411,adventurousness,0.2,50,50,False,5,1000,,,0.5096999999999999,0.6669,0.15720000000000012,1,7,False,3995,,212,689,-225.0,0.0,0.3018,355,322
mech_md50_ppoff_r20,mechanism_sweep,1548,adventurousness,0.2,50,50,False,5,1000,,,0.6309199999999999,0.63574,0.0048200000000000465,1,9,False,,,222,890,-300.9,0.0,0.2993,356,329
mech_md50_ppoff_r20,mechanism_sweep,1685,adventurousness,0.2,50,50,False,5,1000,,,0.57816,0.51644,-0.06172,2,2,True,,3875,706,364,48.44,0.0329,0.3508,323,310
mech_md50_ppoff_r20,mechanism_sweep,1822,adventurousness,0.2,50,50,False,5,1000,,,0.52042,0.60868,0.08826,1,1,False,,,243,489,-101.23,0.0,0.0,440,408
mech_md50_ppoff_r20,mechanism_sweep,1959,adventurousness,0.2,50,50,False,5,1000,,,0.6042799999999999,0.5626599999999999,-0.04161999999999999,10,5,False,,,642,370,42.37,0.1686,0.2186,372,348
mech_md50_ppoff_r20,mechanism_sweep,2096,adventurousness,0.2,50,50,False,5,1000,,,0.61922,0.62248,0.0032600000000000406,3,4,False,,,333,663,-99.1,0.3595,0.2172,375,345
mech_md50_ppoff_r20,mechanism_sweep,2233,adventurousness,0.2,50,50,False,5,1000,,,0.46342,0.56142,0.09800000000000003,11,2,False,1978,,317,511,-61.2,0.2327,0.2665,388,358
mech_md50_ppoff_r20,mechanism_sweep,2370,adventurousness,0.2,50,50,False,5,1000,,,0.6038,0.66328,0.05947999999999998,6,8,False,,,644,970,-50.62,0.2273,0.2591,430,394
mech_md50_ppoff_r20,mechanism_sweep,2507,adventurousness,0.2,50,50,False,5,1000,,,0.66184,0.6001,-0.06174000000000002,1,4,False,,,450,340,24.44,0.0,0.308,415,378
mech_md50_ppoff_r20,mechanism_sweep,2644,adventurousness,0.2,50,50,False,5,1000,,,0.5058400000000001,0.5647800000000001,0.05893999999999999,0,1,False,4900,,165,377,-128.48,0,0.0,364,338
mech_md50_ppoff_r20,mechanism_sweep,2781,adventurousness,0.2,50,50,False,5,1000,,,0.69938,0.69226,-0.007120000000000015,3,2,False,,,438,530,-21.0,0.3218,0.3363,321,301
mech_md50_ppoff_r20,mechanism_sweep,2918,adventurousness,0.2,50,50,False,5,1000,,,0.51832,0.6634800000000001,0.14516000000000007,8,4,False,,,801,267,66.67,0.0966,0.1411,314,296
mech_md50_ppoff_r20,mechanism_sweep,3055,adventurousness,0.2,50,50,False,5,1000,,,0.40568,0.62706,0.22137999999999997,4,3,False,2969,,422,420,0.47,0.2716,0.2828,362,338
mech_md50_ppoff_r20,mechanism_sweep,3192,adventurousness,0.2,50,50,False,5,1000,,,0.49184,0.51402,0.022180000000000033,4,1,False,3000,,254,315,-24.02,0.113,0.0,393,353
mech_md50_ppoff_r20,mechanism_sweep,3329,adventurousness,0.2,50,50,False,5,1000,,,0.62232,0.5692600000000001,-0.053059999999999885,1,3,False,,,317,536,-69.09,0.0,0.2937,409,365
mech_md50_ppoff_r20,mechanism_sweep,3466,adventurousness,0.2,50,50,False,5,1000,,,0.51648,0.64384,0.12735999999999992,11,5,False,,,832,619,25.6,0.1648,0.2302,336,303
mech_md50_ppoff_r20,mechanism_sweep,3603,adventurousness,0.2,50,50,False,5,1000,,,0.65438,0.5982999999999999,-0.05608000000000002,3,9,False,,,334,644,-92.81,0.1169,0.2495,405,377
mech_md50_ppoff_r20,mechanism_sweep,3740,adventurousness,0.2,50,50,False,5,1000,,,0.69278,0.62328,-0.0695,2,11,False,,,496,1224,-146.77,0.2647,0.2206,490,442
mech_md50_ppoff_r20,mechanism_sweep,3877,adventurousness,0.2,50,50,False,5,1000,,,0.5939800000000001,0.68484,0.09085999999999994,3,1,False,,,392,198,49.49,0.1318,0.0,289,256
mech_md50_ppoff_r20,mechanism_sweep,4014,adventurousness,0.2,50,50,False,5,1000,,,0.5856199999999999,0.49882,-0.08679999999999993,12,0,True,,4804,1341,377,71.89,0.1733,0,342,295
mech_md50_ppoff_r20,mechanism_sweep,4151,adventurousness,0.2,50,50,False,5,1000,,,0.5128999999999999,0.59256,0.07966000000000006,2,4,False,2847,,229,478,-108.73,0.2304,0.3237,431,393
mech_md50_ppoff_r20,mechanism_sweep,4288,adventurousness,0.2,50,50,False,5,1000,,,0.62658,0.50638,-0.12019999999999997,6,0,True,,4852,597,281,52.93,0.3221,0,389,340
mech_md50_ppoff_r20,mechanism_sweep,4425,adventurousness,0.2,50,50,False,5,1000,,,0.5837600000000001,0.6275,0.04373999999999989,13,3,False,,,511,446,12.72,0.2041,0.2455,364,332
mech_md50_ppoff_r20,mechanism_sweep,4562,adventurousness,0.2,50,50,False,5,1000,,,0.53024,0.64614,0.1159,0,3,False,4875,,204,331,-62.25,0,0.1088,324,292
mech_md50_ppoff_r20,mechanism_sweep,4699,adventurousness,0.2,50,50,False,5,1000,,,0.63632,0.6048199999999999,-0.031500000000000083,7,2,False,,,318,577,-81.45,0.1842,0.3787,425,404
mech_md50_ppoff_r20,mechanism_sweep,4836,adventurousness,0.2,50,50,False,5,1000,,,0.50918,0.5356599999999999,0.026479999999999948,1,6,False,3935,,273,469,-71.79,0.0,0.2667,374,343
mech_md50_ppoff_r20,mechanism_sweep,4973,adventurousness,0.2,50,50,False,5,1000,,,0.5577,0.5982200000000001,0.04052000000000011,9,10,False,,,734,1128,-53.68,0.2373,0.2664,490,459
mech_md50_ppoff_r30,mechanism_sweep,1000,adventurousness,0.3,50,50,False,5,1000,,,0.5052200000000001,0.55614,0.050919999999999854,5,55,False,1970,,242,1904,-686.78,0.1985,0.229,1030,929
mech_md50_ppoff_r30,mechanism_sweep,1137,adventurousness,0.3,50,50,False,5,1000,,,0.6675199999999999,0.6073000000000001,-0.06021999999999983,2,19,False,,,371,726,-95.69,0.1709,0.1704,613,563
mech_md50_ppoff_r30,mechanism_sweep,1274,adventurousness,0.3,50,50,False,5,1000,,,0.50666,0.6003000000000001,0.09364000000000006,0,16,False,4740,,200,864,-332.0,0,0.1846,585,541
mech_md50_ppoff_r30,mechanism_sweep,1411,adventurousness,0.3,50,50,False,5,1000,,,0.5096999999999999,0.5473399999999999,0.03764000000000001,1,3,False,3995,,212,393,-85.38,0.0,0.2129,591,543
mech_md50_ppoff_r30,mechanism_sweep,1548,adventurousness,0.3,50,50,False,5,1000,,,0.6309199999999999,0.59266,-0.03825999999999996,1,9,False,,,222,618,-178.38,0.0,0.2988,560,507
mech_md50_ppoff_r30,mechanism_sweep,1685,adventurousness,0.3,50,50,False,5,1000,,,0.57816,0.62744,0.04927999999999999,2,4,False,,,706,605,14.31,0.0329,0.1388,653,591
mech_md50_ppoff_r30,mechanism_sweep,1822,adventurousness,0.3,50,50,False,5,1000,,,0.52042,0.57332,0.05290000000000006,1,4,False,,,243,714,-193.83,0.0,0.2851,720,657
mech_md50_ppoff_r30,mechanism_sweep,1959,adventurousness,0.3,50,50,False,5,1000,,,0.6042799999999999,0.5189999999999999,-0.08528000000000002,10,21,False,,,642,1142,-77.88,0.1686,0.2478,840,776
mech_md50_ppoff_r30,mechanism_sweep,2096,adventurousness,0.3,50,50,False,5,1000,,,0.61922,0.64322,0.02400000000000002,3,9,False,,,333,985,-195.8,0.3595,0.2686,597,559
mech_md50_ppoff_r30,mechanism_sweep,2233,adventurousness,0.3,50,50,False,5,1000,,,0.46342,0.61356,0.15014,11,10,False,1978,,317,734,-131.55,0.2327,0.3023,617,572
mech_md50_ppoff_r30,mechanism_sweep,2370,adventurousness,0.3,50,50,False,5,1000,,,0.6038,0.6914800000000001,0.08768000000000009,6,4,False,,,644,611,5.12,0.2273,0.2489,460,424
mech_md50_ppoff_r30,mechanism_sweep,2507,adventurousness,0.3,50,50,False,5,1000,,,0.66184,0.64056,-0.021279999999999966,1,7,False,,,450,650,-44.44,0.0,0.1345,552,518
mech_md50_ppoff_r30,mechanism_sweep,2644,adventurousness,0.3,50,50,False,5,1000,,,0.5058400000000001,0.57778,0.07193999999999989,0,2,False,4900,,165,478,-189.7,0,0.3094,492,459
mech_md50_ppoff_r30,mechanism_sweep,2781,adventurousness,0.3,50,50,False,5,1000,,,0.69938,0.59346,-0.10592000000000001,3,11,False,,,438,1094,-149.77,0.3218,0.1939,708,646
mech_md50_ppoff_r30,mechanism_sweep,2918,adventurousness,0.3,50,50,False,5,1000,,,0.51832,0.56452,0.04620000000000002,8,12,False,,,801,620,22.6,0.0966,0.2243,749,689
mech_md50_ppoff_r30,mechanism_sweep,3055,adventurousness,0.3,50,50,False,5,1000,,,0.40568,0.6591,0.25342000000000003,4,3,False,2969,,422,446,-5.69,0.2716,0.3681,644,603
mech_md50_ppoff_r30,mechanism_sweep,3192,adventurousness,0.3,50,50,False,5,1000,,,0.49184,0.627,0.13516,4,2,False,3000,,254,453,-78.35,0.113,0.3114,534,489
mech_md50_ppoff_r30,mechanism_sweep,3329,adventurousness,0.3,50,50,False,5,1000,,,0.62232,0.6122799999999999,-0.010040000000000049,1,5,False,,,317,535,-68.77,0.0,0.3702,571,521
mech_md50_ppoff_r30,mechanism_sweep,3466,adventurousness,0.3,50,50,False,5,1000,,,0.51648,0.6385,0.1220199999999999,11,2,False,,,832,385,53.73,0.1648,0.2495,478,430
mech_md50_ppoff_r30,mechanism_sweep,3603,adventurousness,0.3,50,50,False,5,1000,,,0.65438,0.49082,-0.16355999999999998,3,1,True,,3927,334,365,-9.28,0.1169,0.0,523,490
mech_md50_ppoff_r30,mechanism_sweep,3740,adventurousness,0.3,50,50,False,5,1000,,,0.69278,0.65308,-0.03969999999999996,2,18,False,,,496,1435,-189.31,0.2647,0.2383,707,663
mech_md50_ppoff_r30,mechanism_sweep,3877,adventurousness,0.3,50,50,False,5,1000,,,0.5939800000000001,0.38858,-0.20540000000000008,3,0,True,,2904,392,316,19.39,0.1318,0,488,447
mech_md50_ppoff_r30,mechanism_sweep,4014,adventurousness,0.3,50,50,False,5,1000,,,0.5856199999999999,0.5508599999999999,-0.03476000000000001,12,2,False,,,1341,388,71.07,0.1733,0.3023,497,467
mech_md50_ppoff_r30,mechanism_sweep,4151,adventurousness,0.3,50,50,False,5,1000,,,0.5128999999999999,0.59512,0.08222000000000007,2,6,False,2847,,229,1231,-437.55,0.2304,0.3046,682,643
mech_md50_ppoff_r30,mechanism_sweep,4288,adventurousness,0.3,50,50,False,5,1000,,,0.62658,0.7013999999999999,0.07481999999999989,6,2,False,,,597,563,5.7,0.3221,0.3148,485,440
mech_md50_ppoff_r30,mechanism_sweep,4425,adventurousness,0.3,50,50,False,5,1000,,,0.5837600000000001,0.6405000000000001,0.05674000000000001,13,3,False,,,511,483,5.48,0.2041,0.1861,559,515
mech_md50_ppoff_r30,mechanism_sweep,4562,adventurousness,0.3,50,50,False,5,1000,,,0.53024,0.6464399999999999,0.11619999999999986,0,12,False,4875,,204,983,-381.86,0,0.251,620,583
mech_md50_ppoff_r30,mechanism_sweep,4699,adventurousness,0.3,50,50,False,5,1000,,,0.63632,0.6779,0.04157999999999995,7,13,False,,,318,867,-172.64,0.1842,0.2586,579,542
mech_md50_ppoff_r30,mechanism_sweep,4836,adventurousness,0.3,50,50,False,5,1000,,,0.50918,0.59636,0.08718000000000004,1,9,False,3935,,273,730,-167.4,0.0,0.2698,583,542
mech_md50_ppoff_r30,mechanism_sweep,4973,adventurousness,0.3,50,50,False,5,1000,,,0.5577,0.5901200000000001,0.032420000000000115,9,20,False,,,734,1228,-67.3,0.2373,0.2657,682,626
mech_md50_ppon_r05,mechanism_sweep,1000,adventurousness,0.05,50,50,False,5,1000,,,0.5052200000000001,0.48556,-0.019660000000000122,5,40,True,1970,957,242,667,-175.62,0.1985,0.2142,98,92
mech_md50_ppon_r05,mechanism_sweep,1137,adventurousness,0.05,50,50,False,5,1000,,,0.6675199999999999,0.5159,-0.15161999999999987,2,0,True,,4955,371,142,61.73,0.1709,0,62,56
mech_md50_ppon_r05,mechanism_sweep,1274,adventurousness,0.05,50,50,False,5,1000,,,0.50666,0.65076,0.1441,0,5,False,4740,,200,706,-253.0,0,0.2068,82,79
mech_md50_ppon_r05,mechanism_sweep,1411,adventurousness,0.05,50,50,False,5,1000,,,0.5096999999999999,0.49382000000000004,-0.015879999999999894,1,1,True,3995,3964,212,189,10.85,0.0,0.0,56,55
mech_md50_ppon_r05,mechanism_sweep,1548,adventurousness,0.05,50,50,False,5,1000,,,0.6309199999999999,0.6519600000000001,0.02104000000000017,1,2,False,,,222,296,-33.33,0.0,0.3324,55,53
mech_md50_ppon_r05,mechanism_sweep,1685,adventurousness,0.05,50,50,False,5,1000,,,0.57816,0.6514599999999999,0.07329999999999992,2,4,False,,,706,323,54.25,0.0329,0.2903,51,50
mech_md50_ppon_r05,mechanism_sweep,1822,adventurousness,0.05,50,50,False,5,1000,,,0.52042,0.36748000000000003,-0.15293999999999996,1,0,True,,3772,243,79,67.49,0.0,0,56,52
mech_md50_ppon_r05,mechanism_sweep,1959,adventurousness,0.05,50,50,False,5,1000,,,0.6042799999999999,0.5555000000000001,-0.048779999999999824,10,7,False,,,642,553,13.86,0.1686,0.2757,74,71
mech_md50_ppon_r05,mechanism_sweep,2096,adventurousness,0.05,50,50,False,5,1000,,,0.61922,0.54778,-0.07143999999999995,3,8,False,,,333,308,7.51,0.3595,0.1915,46,46
mech_md50_ppon_r05,mechanism_sweep,2233,adventurousness,0.05,50,50,False,5,1000,,,0.46342,0.6648799999999999,0.20145999999999992,11,2,False,1978,,317,312,1.58,0.2327,0.0177,59,57
mech_md50_ppon_r05,mechanism_sweep,2370,adventurousness,0.05,50,50,False,5,1000,,,0.6038,0.62106,0.017259999999999942,6,5,False,,,644,663,-2.95,0.2273,0.248,80,76
mech_md50_ppon_r05,mechanism_sweep,2507,adventurousness,0.05,50,50,False,5,1000,,,0.66184,0.35064,-0.3112,1,0,True,,3991,450,230,48.89,0.0,0,53,52
mech_md50_ppon_r05,mechanism_sweep,2644,adventurousness,0.05,50,50,False,5,1000,,,0.5058400000000001,0.61794,0.11209999999999998,0,2,False,4900,,165,475,-187.88,0,0.2024,48,47
mech_md50_ppon_r05,mechanism_sweep,2781,adventurousness,0.05,50,50,False,5,1000,,,0.69938,0.7027599999999999,0.0033799999999999386,3,7,False,,,438,483,-10.27,0.3218,0.2346,40,39
mech_md50_ppon_r05,mechanism_sweep,2918,adventurousness,0.05,50,50,False,5,1000,,,0.51832,0.36248,-0.15583999999999998,8,0,True,,3716,801,94,88.26,0.0966,0,51,50
mech_md50_ppon_r05,mechanism_sweep,3055,adventurousness,0.05,50,50,False,5,1000,,,0.40568,0.6181599999999999,0.21247999999999995,4,7,False,2969,,422,474,-12.32,0.2716,0.3256,59,59
mech_md50_ppon_r05,mechanism_sweep,3192,adventurousness,0.05,50,50,False,5,1000,,,0.49184,0.49085999999999996,-0.0009800000000000364,4,0,True,3000,5000,254,309,-21.65,0.113,0,55,55
mech_md50_ppon_r05,mechanism_sweep,3329,adventurousness,0.05,50,50,False,5,1000,,,0.62232,0.5709799999999999,-0.05134000000000005,1,7,False,,,317,442,-39.43,0.0,0.134,89,88
mech_md50_ppon_r05,mechanism_sweep,3466,adventurousness,0.05,50,50,False,5,1000,,,0.51648,0.6367,0.12022,11,1,False,,,832,296,64.42,0.1648,0.0,53,50
mech_md50_ppon_r05,mechanism_sweep,3603,adventurousness,0.05,50,50,False,5,1000,,,0.65438,0.5699399999999999,-0.08444000000000007,3,2,False,,,334,239,28.44,0.1169,0.1824,55,55
mech_md50_ppon_r05,mechanism_sweep,3740,adventurousness,0.05,50,50,False,5,1000,,,0.69278,0.5571999999999999,-0.13558000000000003,2,9,False,,,496,713,-43.75,0.2647,0.2702,90,85
mech_md50_ppon_r05,mechanism_sweep,3877,adventurousness,0.05,50,50,False,5,1000,,,0.5939800000000001,0.41068,-0.18330000000000007,3,1,True,,2950,392,159,59.44,0.1318,0.0,51,45
mech_md50_ppon_r05,mechanism_sweep,4014,adventurousness,0.05,50,50,False,5,1000,,,0.5856199999999999,0.65102,0.06540000000000012,12,2,False,,,1341,682,49.14,0.1733,0.402,82,80
mech_md50_ppon_r05,mechanism_sweep,4151,adventurousness,0.05,50,50,False,5,1000,,,0.5128999999999999,0.53782,0.024920000000000053,2,0,True,2847,4901,229,448,-95.63,0.2304,0,84,83
mech_md50_ppon_r05,mechanism_sweep,4288,adventurousness,0.05,50,50,False,5,1000,,,0.62658,0.51284,-0.11374000000000006,6,1,True,,3704,597,269,54.94,0.3221,0.0,57,51
mech_md50_ppon_r05,mechanism_sweep,4425,adventurousness,0.05,50,50,False,5,1000,,,0.5837600000000001,0.5495599999999999,-0.03420000000000012,13,3,False,,,511,325,36.4,0.2041,0.1596,55,53
mech_md50_ppon_r05,mechanism_sweep,4562,adventurousness,0.05,50,50,False,5,1000,,,0.53024,0.62422,0.09397999999999995,0,1,False,4875,,204,269,-31.86,0,0.0,61,60
mech_md50_ppon_r05,mechanism_sweep,4699,adventurousness,0.05,50,50,False,5,1000,,,0.63632,0.52424,-0.11207999999999996,7,34,False,,,318,1002,-215.09,0.1842,0.2209,101,99
mech_md50_ppon_r05,mechanism_sweep,4836,adventurousness,0.05,50,50,False,5,1000,,,0.50918,0.60912,0.09994000000000003,1,12,False,3935,,273,787,-188.28,0.0,0.2137,72,72
mech_md50_ppon_r05,mechanism_sweep,4973,adventurousness,0.05,50,50,False,5,1000,,,0.5577,0.6133,0.05559999999999998,9,12,False,,,734,830,-13.08,0.2373,0.2386,91,89
mech_md50_ppon_r10,mechanism_sweep,1000,adventurousness,0.1,50,50,False,5,1000,,,0.5052200000000001,0.56694,0.061719999999999886,5,10,False,1970,,242,686,-183.47,0.1985,0.2843,224,219
mech_md50_ppon_r10,mechanism_sweep,1137,adventurousness,0.1,50,50,False,5,1000,,,0.6675199999999999,0.64548,-0.022039999999999837,2,6,False,,,371,814,-119.41,0.1709,0.2486,171,163
mech_md50_ppon_r10,mechanism_sweep,1274,adventurousness,0.1,50,50,False,5,1000,,,0.50666,0.48550000000000004,-0.021159999999999957,0,6,False,4740,,200,310,-55.0,0,0.1536,149,138
mech_md50_ppon_r10,mechanism_sweep,1411,adventurousness,0.1,50,50,False,5,1000,,,0.5096999999999999,0.60562,0.09592000000000012,1,15,False,3995,,212,727,-242.92,0.0,0.2806,231,224
mech_md50_ppon_r10,mechanism_sweep,1548,adventurousness,0.1,50,50,False,5,1000,,,0.6309199999999999,0.64774,0.016820000000000057,1,4,False,,,222,446,-100.9,0.0,0.3268,128,126
mech_md50_ppon_r10,mechanism_sweep,1685,adventurousness,0.1,50,50,False,5,1000,,,0.57816,0.5996,0.021440000000000015,2,16,False,,,706,393,44.33,0.0329,0.2402,192,180
mech_md50_ppon_r10,mechanism_sweep,1822,adventurousness,0.1,50,50,False,5,1000,,,0.52042,0.6203800000000002,0.09996000000000016,1,1,False,,,243,351,-44.44,0.0,0.0,172,160
mech_md50_ppon_r10,mechanism_sweep,1959,adventurousness,0.1,50,50,False,5,1000,,,0.6042799999999999,0.63034,0.026060000000000083,10,11,False,,,642,962,-49.84,0.1686,0.2645,270,259
mech_md50_ppon_r10,mechanism_sweep,2096,adventurousness,0.1,50,50,False,5,1000,,,0.61922,0.5906800000000001,-0.0285399999999999,3,2,False,,,333,198,40.54,0.3595,0.2717,150,147
mech_md50_ppon_r10,mechanism_sweep,2233,adventurousness,0.1,50,50,False,5,1000,,,0.46342,0.67956,0.21614000000000005,11,5,False,1978,,317,353,-11.36,0.2327,0.1569,181,176
mech_md50_ppon_r10,mechanism_sweep,2370,adventurousness,0.1,50,50,False,5,1000,,,0.6038,0.5918599999999999,-0.011940000000000062,6,6,False,,,644,459,28.73,0.2273,0.2382,177,170
mech_md50_ppon_r10,mechanism_sweep,2507,adventurousness,0.1,50,50,False,5,1000,,,0.66184,0.48634000000000005,-0.17549999999999993,1,0,True,,4994,450,350,22.22,0.0,0,145,141
mech_md50_ppon_r10,mechanism_sweep,2644,adventurousness,0.1,50,50,False,5,1000,,,0.5058400000000001,0.67232,0.16647999999999996,0,1,False,4900,,165,289,-75.15,0,0.0,156,146
mech_md50_ppon_r10,mechanism_sweep,2781,adventurousness,0.1,50,50,False,5,1000,,,0.69938,0.6563800000000001,-0.04299999999999993,3,5,False,,,438,810,-84.93,0.3218,0.2704,170,163
mech_md50_ppon_r10,mechanism_sweep,2918,adventurousness,0.1,50,50,False,5,1000,,,0.51832,0.5304399999999999,0.012119999999999909,8,1,True,,1992,801,209,73.91,0.0966,0.0,113,108
mech_md50_ppon_r10,mechanism_sweep,3055,adventurousness,0.1,50,50,False,5,1000,,,0.40568,0.52692,0.12124000000000007,4,4,False,2969,,422,318,24.64,0.2716,0.1111,178,174
mech_md50_ppon_r10,mechanism_sweep,3192,adventurousness,0.1,50,50,False,5,1000,,,0.49184,0.2584,-0.23343999999999998,4,0,True,3000,2775,254,161,36.61,0.113,0,144,137
mech_md50_ppon_r10,mechanism_sweep,3329,adventurousness,0.1,50,50,False,5,1000,,,0.62232,0.6148199999999999,-0.007500000000000062,1,4,False,,,317,349,-10.09,0.0,0.1162,170,166
mech_md50_ppon_r10,mechanism_sweep,3466,adventurousness,0.1,50,50,False,5,1000,,,0.51648,0.60764,0.09115999999999991,11,21,False,,,832,929,-11.66,0.1648,0.232,218,203
mech_md50_ppon_r10,mechanism_sweep,3603,adventurousness,0.1,50,50,False,5,1000,,,0.65438,0.5736,-0.08077999999999996,3,6,False,,,334,469,-40.42,0.1169,0.2248,194,192
mech_md50_ppon_r10,mechanism_sweep,3740,adventurousness,0.1,50,50,False,5,1000,,,0.69278,0.5876000000000001,-0.10517999999999983,2,2,False,,,496,585,-17.94,0.2647,0.2728,197,192
mech_md50_ppon_r10,mechanism_sweep,3877,adventurousness,0.1,50,50,False,5,1000,,,0.5939800000000001,0.13644,-0.45754000000000006,3,0,True,,799,392,41,89.54,0.1318,0,132,129
mech_md50_ppon_r10,mechanism_sweep,4014,adventurousness,0.1,50,50,False,5,1000,,,0.5856199999999999,0.50966,-0.07595999999999992,12,1,True,,1846,1341,289,78.45,0.1733,0.0,173,168
mech_md50_ppon_r10,mechanism_sweep,4151,adventurousness,0.1,50,50,False,5,1000,,,0.5128999999999999,0.5877000000000001,0.0748000000000002,2,11,False,2847,,229,695,-203.49,0.2304,0.2546,229,224
mech_md50_ppon_r10,mechanism_sweep,4288,adventurousness,0.1,50,50,False,5,1000,,,0.62658,0.5839000000000001,-0.04267999999999994,6,16,False,,,597,551,7.71,0.3221,0.2385,197,189
mech_md50_ppon_r10,mechanism_sweep,4425,adventurousness,0.1,50,50,False,5,1000,,,0.5837600000000001,0.64852,0.06475999999999993,13,3,False,,,511,423,17.22,0.2041,0.3256,140,134
mech_md50_ppon_r10,mechanism_sweep,4562,adventurousness,0.1,50,50,False,5,1000,,,0.53024,0.55284,0.022599999999999953,0,9,False,4875,,204,734,-259.8,0,0.2399,220,217
mech_md50_ppon_r10,mechanism_sweep,4699,adventurousness,0.1,50,50,False,5,1000,,,0.63632,0.64132,0.0050000000000000044,7,1,False,,,318,443,-39.31,0.1842,0.0,144,139
mech_md50_ppon_r10,mechanism_sweep,4836,adventurousness,0.1,50,50,False,5,1000,,,0.50918,0.56682,0.057640000000000025,1,11,False,3935,,273,1000,-266.3,0.0,0.2312,256,247
mech_md50_ppon_r10,mechanism_sweep,4973,adventurousness,0.1,50,50,False,5,1000,,,0.5577,0.6054600000000001,0.047760000000000136,9,11,False,,,734,943,-28.47,0.2373,0.2373,250,236
mech_md50_ppon_r20,mechanism_sweep,1000,adventurousness,0.2,50,50,False,5,1000,,,0.5052200000000001,0.57004,0.06481999999999988,5,9,False,1970,,242,1130,-366.94,0.1985,0.3106,547,528
mech_md50_ppon_r20,mechanism_sweep,1137,adventurousness,0.2,50,50,False,5,1000,,,0.6675199999999999,0.45915999999999996,-0.20835999999999993,2,0,True,,4929,371,334,9.97,0.1709,0,361,343
mech_md50_ppon_r20,mechanism_sweep,1274,adventurousness,0.2,50,50,False,5,1000,,,0.50666,0.62816,0.12150000000000005,0,2,False,4740,,200,456,-128.0,0,0.1465,345,333
mech_md50_ppon_r20,mechanism_sweep,1411,adventurousness,0.2,50,50,False,5,1000,,,0.5096999999999999,0.61912,0.10942000000000007,1,2,False,3995,,212,369,-74.06,0.0,0.2483,380,370
mech_md50_ppon_r20,mechanism_sweep,1548,adventurousness,0.2,50,50,False,5,1000,,,0.6309199999999999,0.6594,0.02848000000000006,1,4,False,,,222,463,-108.56,0.0,0.1937,282,267
mech_md50_ppon_r20,mechanism_sweep,1685,adventurousness,0.2,50,50,False,5,1000,,,0.57816,0.6570199999999999,0.07885999999999993,2,3,False,,,706,442,37.39,0.0329,0.3483,406,395
mech_md50_ppon_r20,mechanism_sweep,1822,adventurousness,0.2,50,50,False,5,1000,,,0.52042,0.52206,0.0016399999999999748,1,4,False,,,243,320,-31.69,0.0,0.1936,422,401
mech_md50_ppon_r20,mechanism_sweep,1959,adventurousness,0.2,50,50,False,5,1000,,,0.6042799999999999,0.49966,-0.10461999999999994,10,15,False,,,642,2497,-288.94,0.1686,0.2118,794,738
mech_md50_ppon_r20,mechanism_sweep,2096,adventurousness,0.2,50,50,False,5,1000,,,0.61922,0.62218,0.0029599999999999627,3,3,False,,,333,630,-89.19,0.3595,0.1256,384,366
mech_md50_ppon_r20,mechanism_sweep,2233,adventurousness,0.2,50,50,False,5,1000,,,0.46342,0.5561,0.09268000000000004,11,11,False,1978,,317,1616,-409.78,0.2327,0.2845,592,568
mech_md50_ppon_r20,mechanism_sweep,2370,adventurousness,0.2,50,50,False,5,1000,,,0.6038,0.6427200000000001,0.038920000000000066,6,6,False,,,644,976,-51.55,0.2273,0.2732,399,381
mech_md50_ppon_r20,mechanism_sweep,2507,adventurousness,0.2,50,50,False,5,1000,,,0.66184,0.5433399999999999,-0.11850000000000005,1,11,False,,,450,679,-50.89,0.0,0.2625,434,415
mech_md50_ppon_r20,mechanism_sweep,2644,adventurousness,0.2,50,50,False,5,1000,,,0.5058400000000001,0.47922000000000003,-0.026620000000000033,0,1,True,4900,3856,165,169,-2.42,0,0.0,279,267
mech_md50_ppon_r20,mechanism_sweep,2781,adventurousness,0.2,50,50,False,5,1000,,,0.69938,0.6712400000000001,-0.028139999999999943,3,12,False,,,438,971,-121.69,0.3218,0.2131,398,383
mech_md50_ppon_r20,mechanism_sweep,2918,adventurousness,0.2,50,50,False,5,1000,,,0.51832,0.60134,0.08301999999999998,8,7,False,,,801,663,17.23,0.0966,0.2292,472,450
mech_md50_ppon_r20,mechanism_sweep,3055,adventurousness,0.2,50,50,False,5,1000,,,0.40568,0.58984,0.18416000000000005,4,11,False,2969,,422,824,-95.26,0.2716,0.2316,490,460
mech_md50_ppon_r20,mechanism_sweep,3192,adventurousness,0.2,50,50,False,5,1000,,,0.49184,0.5553999999999999,0.0635599999999999,4,2,False,3000,,254,251,1.18,0.113,0.0822,421,390
mech_md50_ppon_r20,mechanism_sweep,3329,adventurousness,0.2,50,50,False,5,1000,,,0.62232,0.57674,-0.045579999999999954,1,3,False,,,317,725,-128.71,0.0,0.4246,490,477
mech_md50_ppon_r20,mechanism_sweep,3466,adventurousness,0.2,50,50,False,5,1000,,,0.51648,0.61148,0.09499999999999997,11,16,False,,,832,1110,-33.41,0.1648,0.2858,458,431
mech_md50_ppon_r20,mechanism_sweep,3603,adventurousness,0.2,50,50,False,5,1000,,,0.65438,0.54836,-0.10602,3,17,False,,,334,676,-102.4,0.1169,0.309,516,489
mech_md50_ppon_r20,mechanism_sweep,3740,adventurousness,0.2,50,50,False,5,1000,,,0.69278,0.67476,-0.018019999999999925,2,2,False,,,496,343,30.85,0.2647,0.2215,336,321
mech_md50_ppon_r20,mechanism_sweep,3877,adventurousness,0.2,50,50,False,5,1000,,,0.5939800000000001,0.6300399999999999,0.03605999999999987,3,1,False,,,392,291,25.77,0.1318,0.0,307,301
mech_md50_ppon_r20,mechanism_sweep,4014,adventurousness,0.2,50,50,False,5,1000,,,0.5856199999999999,0.5178200000000001,-0.06779999999999986,12,0,True,,4970,1341,358,73.3,0.1733,0,370,346
mech_md50_ppon_r20,mechanism_sweep,4151,adventurousness,0.2,50,50,False,5,1000,,,0.5128999999999999,0.62654,0.11364000000000007,2,3,False,2847,,229,404,-76.42,0.2304,0.0872,391,383
mech_md50_ppon_r20,mechanism_sweep,4288,adventurousness,0.2,50,50,False,5,1000,,,0.62658,0.68204,0.055459999999999954,6,4,False,,,597,726,-21.61,0.3221,0.1717,393,374
mech_md50_ppon_r20,mechanism_sweep,4425,adventurousness,0.2,50,50,False,5,1000,,,0.5837600000000001,0.6381,0.054339999999999944,13,19,False,,,511,759,-48.53,0.2041,0.1973,425,407
mech_md50_ppon_r20,mechanism_sweep,4562,adventurousness,0.2,50,50,False,5,1000,,,0.53024,0.6253400000000001,0.09510000000000007,0,10,False,4875,,204,897,-339.71,0,0.2395,445,426
mech_md50_ppon_r20,mechanism_sweep,4699,adventurousness,0.2,50,50,False,5,1000,,,0.63632,0.5921000000000001,-0.044219999999999926,7,15,False,,,318,1524,-379.25,0.1842,0.259,635,617
mech_md50_ppon_r20,mechanism_sweep,4836,adventurousness,0.2,50,50,False,5,1000,,,0.50918,0.5962000000000001,0.0870200000000001,1,10,False,3935,,273,870,-218.68,0.0,0.2676,496,481
mech_md50_ppon_r20,mechanism_sweep,4973,adventurousness,0.2,50,50,False,5,1000,,,0.5577,0.58064,0.02294000000000007,9,14,False,,,734,1284,-74.93,0.2373,0.2285,511,484
mech_md50_ppon_r30,mechanism_sweep,1000,adventurousness,0.3,50,50,False,5,1000,,,0.5052200000000001,0.55454,0.04931999999999992,5,7,False,1970,,242,1165,-381.4,0.1985,0.3474,817,780
mech_md50_ppon_r30,mechanism_sweep,1137,adventurousness,0.3,50,50,False,5,1000,,,0.6675199999999999,0.6369,-0.03061999999999987,2,22,False,,,371,1081,-191.37,0.1709,0.2034,668,644
mech_md50_ppon_r30,mechanism_sweep,1274,adventurousness,0.3,50,50,False,5,1000,,,0.50666,0.5994400000000001,0.09278000000000008,0,14,False,4740,,200,1155,-477.5,0,0.1238,660,627
mech_md50_ppon_r30,mechanism_sweep,1411,adventurousness,0.3,50,50,False,5,1000,,,0.5096999999999999,0.59898,0.08928000000000003,1,5,False,3995,,212,707,-233.49,0.0,0.2486,616,599
mech_md50_ppon_r30,mechanism_sweep,1548,adventurousness,0.3,50,50,False,5,1000,,,0.6309199999999999,0.65004,0.019120000000000026,1,19,False,,,222,1255,-465.32,0.0,0.2677,641,619
mech_md50_ppon_r30,mechanism_sweep,1685,adventurousness,0.3,50,50,False,5,1000,,,0.57816,0.56068,-0.01748000000000005,2,20,False,,,706,1216,-72.24,0.0329,0.2339,770,730
mech_md50_ppon_r30,mechanism_sweep,1822,adventurousness,0.3,50,50,False,5,1000,,,0.52042,0.55528,0.03486,1,6,False,,,243,814,-234.98,0.0,0.2121,718,672
mech_md50_ppon_r30,mechanism_sweep,1959,adventurousness,0.3,50,50,False,5,1000,,,0.6042799999999999,0.57412,-0.030159999999999965,10,5,False,,,642,999,-55.61,0.1686,0.2351,714,685
mech_md50_ppon_r30,mechanism_sweep,2096,adventurousness,0.3,50,50,False,5,1000,,,0.61922,0.60228,-0.016939999999999955,3,28,False,,,333,1186,-256.16,0.3595,0.2038,652,625
mech_md50_ppon_r30,mechanism_sweep,2233,adventurousness,0.3,50,50,False,5,1000,,,0.46342,0.5485,0.08507999999999999,11,13,False,1978,,317,804,-153.63,0.2327,0.2189,720,669
mech_md50_ppon_r30,mechanism_sweep,2370,adventurousness,0.3,50,50,False,5,1000,,,0.6038,0.58634,-0.01746000000000003,6,16,False,,,644,734,-13.98,0.2273,0.2409,664,638
mech_md50_ppon_r30,mechanism_sweep,2507,adventurousness,0.3,50,50,False,5,1000,,,0.66184,0.64726,-0.014580000000000037,1,13,False,,,450,1085,-141.11,0.0,0.233,638,604
mech_md50_ppon_r30,mechanism_sweep,2644,adventurousness,0.3,50,50,False,5,1000,,,0.5058400000000001,0.5969,0.09105999999999992,0,5,False,4900,,165,819,-396.36,0,0.1347,605,576
mech_md50_ppon_r30,mechanism_sweep,2781,adventurousness,0.3,50,50,False,5,1000,,,0.69938,0.6214999999999999,-0.07788000000000006,3,32,False,,,438,1207,-175.57,0.3218,0.2507,766,730
mech_md50_ppon_r30,mechanism_sweep,2918,adventurousness,0.3,50,50,False,5,1000,,,0.51832,0.5512999999999999,0.0329799999999999,8,8,False,,,801,683,14.73,0.0966,0.266,678,629
mech_md50_ppon_r30,mechanism_sweep,3055,adventurousness,0.3,50,50,False,5,1000,,,0.40568,0.65506,0.24938,4,12,False,2969,,422,1304,-209.0,0.2716,0.212,687,639
mech_md50_ppon_r30,mechanism_sweep,3192,adventurousness,0.3,50,50,False,5,1000,,,0.49184,0.5683,0.07646000000000003,4,2,False,3000,,254,425,-67.32,0.113,0.2696,619,578
mech_md50_ppon_r30,mechanism_sweep,3329,adventurousness,0.3,50,50,False,5,1000,,,0.62232,0.5799200000000001,-0.04239999999999988,1,10,False,,,317,879,-177.29,0.0,0.2267,816,764
mech_md50_ppon_r30,mechanism_sweep,3466,adventurousness,0.3,50,50,False,5,1000,,,0.51648,0.60788,0.09139999999999993,11,12,False,,,832,788,5.29,0.1648,0.2178,618,584
mech_md50_ppon_r30,mechanism_sweep,3603,adventurousness,0.3,50,50,False,5,1000,,,0.65438,0.58984,-0.06453999999999993,3,22,False,,,334,1303,-290.12,0.1169,0.2981,790,751
mech_md50_ppon_r30,mechanism_sweep,3740,adventurousness,0.3,50,50,False,5,1000,,,0.69278,0.6639200000000001,-0.028859999999999886,2,14,False,,,496,885,-78.43,0.2647,0.2395,581,558
mech_md50_ppon_r30,mechanism_sweep,3877,adventurousness,0.3,50,50,False,5,1000,,,0.5939800000000001,0.60514,0.011159999999999948,3,4,False,,,392,446,-13.78,0.1318,0.3147,525,499
mech_md50_ppon_r30,mechanism_sweep,4014,adventurousness,0.3,50,50,False,5,1000,,,0.5856199999999999,0.6348,0.04918000000000011,12,6,False,,,1341,662,50.63,0.1733,0.2001,640,620
mech_md50_ppon_r30,mechanism_sweep,4151,adventurousness,0.3,50,50,False,5,1000,,,0.5128999999999999,0.5743,0.06140000000000012,2,16,False,2847,,229,1582,-590.83,0.2304,0.1789,770,739
mech_md50_ppon_r30,mechanism_sweep,4288,adventurousness,0.3,50,50,False,5,1000,,,0.62658,0.65228,0.025699999999999945,6,8,False,,,597,500,16.25,0.3221,0.2643,553,512
mech_md50_ppon_r30,mechanism_sweep,4425,adventurousness,0.3,50,50,False,5,1000,,,0.5837600000000001,0.60226,0.01849999999999996,13,1,False,,,511,413,19.18,0.2041,0.0,552,536
mech_md50_ppon_r30,mechanism_sweep,4562,adventurousness,0.3,50,50,False,5,1000,,,0.53024,0.5530200000000001,0.022780000000000022,0,3,False,4875,,204,448,-119.61,0,0.3184,610,571
mech_md50_ppon_r30,mechanism_sweep,4699,adventurousness,0.3,50,50,False,5,1000,,,0.63632,0.60652,-0.02980000000000005,7,8,False,,,318,867,-172.64,0.1842,0.1872,634,613
mech_md50_ppon_r30,mechanism_sweep,4836,adventurousness,0.3,50,50,False,5,1000,,,0.50918,0.59636,0.08718000000000004,1,5,False,3935,,273,1049,-284.25,0.0,0.2548,753,725
mech_md50_ppon_r30,mechanism_sweep,4973,adventurousness,0.3,50,50,False,5,1000,,,0.5577,0.5250600000000001,-0.03263999999999989,9,11,False,,,734,941,-28.2,0.2373,0.2698,717,681
mech_md75_ppoff_r05,mechanism_sweep,1000,adventurousness,0.05,50,50,False,5,1000,,,0.5052200000000001,0.6547600000000001,0.14954,5,2,False,1970,,242,419,-73.14,0.1985,0.4058,74,72
mech_md75_ppoff_r05,mechanism_sweep,1137,adventurousness,0.05,50,50,False,5,1000,,,0.6675199999999999,0.5546399999999999,-0.11287999999999998,2,1,True,,835,371,204,45.01,0.1709,0.0,48,43
mech_md75_ppoff_r05,mechanism_sweep,1274,adventurousness,0.05,50,50,False,5,1000,,,0.50666,0.56162,0.05496000000000001,0,1,True,4740,1895,200,206,-3.0,0,0.0,61,57
mech_md75_ppoff_r05,mechanism_sweep,1411,adventurousness,0.05,50,50,False,5,1000,,,0.5096999999999999,0.67088,0.1611800000000001,1,5,False,3995,,212,364,-71.7,0.0,0.2266,54,50
mech_md75_ppoff_r05,mechanism_sweep,1548,adventurousness,0.05,50,50,False,5,1000,,,0.6309199999999999,0.57768,-0.053239999999999954,1,73,False,,,222,1230,-454.05,0.0,0.1873,113,102
mech_md75_ppoff_r05,mechanism_sweep,1685,adventurousness,0.05,50,50,False,5,1000,,,0.57816,0.46428,-0.11387999999999998,2,0,True,,4942,706,286,59.49,0.0329,0,52,46
mech_md75_ppoff_r05,mechanism_sweep,1822,adventurousness,0.05,50,50,False,5,1000,,,0.52042,0.65434,0.13392000000000004,1,1,False,,,243,221,9.05,0.0,0.0,67,62
mech_md75_ppoff_r05,mechanism_sweep,1959,adventurousness,0.05,50,50,False,5,1000,,,0.6042799999999999,0.59012,-0.01415999999999995,10,1,False,,,642,522,18.69,0.1686,0.0,69,67
mech_md75_ppoff_r05,mechanism_sweep,2096,adventurousness,0.05,50,50,False,5,1000,,,0.61922,0.47402,-0.1452,3,0,True,,4648,333,412,-23.72,0.3595,0,48,45
mech_md75_ppoff_r05,mechanism_sweep,2233,adventurousness,0.05,50,50,False,5,1000,,,0.46342,0.5271,0.06368000000000001,11,8,False,1978,,317,349,-10.09,0.2327,0.2394,74,68
mech_md75_ppoff_r05,mechanism_sweep,2370,adventurousness,0.05,50,50,False,5,1000,,,0.6038,0.6057400000000002,0.0019400000000001638,6,4,False,,,644,793,-23.14,0.2273,0.2797,108,98
mech_md75_ppoff_r05,mechanism_sweep,2507,adventurousness,0.05,50,50,False,5,1000,,,0.66184,0.58922,-0.07262000000000002,1,4,False,,,450,443,1.56,0.0,0.1682,57,53
mech_md75_ppoff_r05,mechanism_sweep,2644,adventurousness,0.05,50,50,False,5,1000,,,0.5058400000000001,0.4931,-0.012740000000000085,0,0,True,4900,4851,165,342,-107.27,0,0,52,43
mech_md75_ppoff_r05,mechanism_sweep,2781,adventurousness,0.05,50,50,False,5,1000,,,0.69938,0.66888,-0.03049999999999997,3,4,False,,,438,468,-6.85,0.3218,0.2797,57,53
mech_md75_ppoff_r05,mechanism_sweep,2918,adventurousness,0.05,50,50,False,5,1000,,,0.51832,0.63148,0.11316000000000004,8,6,False,,,801,305,61.92,0.0966,0.1034,48,45
mech_md75_ppoff_r05,mechanism_sweep,3055,adventurousness,0.05,50,50,False,5,1000,,,0.40568,0.55724,0.15155999999999997,4,6,False,2969,,422,411,2.61,0.2716,0.2784,68,65
mech_md75_ppoff_r05,mechanism_sweep,3192,adventurousness,0.05,50,50,False,5,1000,,,0.49184,0.51166,0.019820000000000004,4,2,True,3000,1864,254,215,15.35,0.113,0.4072,58,58
mech_md75_ppoff_r05,mechanism_sweep,3329,adventurousness,0.05,50,50,False,5,1000,,,0.62232,0.55564,-0.06667999999999996,1,3,True,,1964,317,179,43.53,0.0,0.3277,60,54
mech_md75_ppoff_r05,mechanism_sweep,3466,adventurousness,0.05,50,50,False,5,1000,,,0.51648,0.54298,0.026499999999999968,11,37,False,,,832,577,30.65,0.1648,0.197,98,89
mech_md75_ppoff_r05,mechanism_sweep,3603,adventurousness,0.05,50,50,False,5,1000,,,0.65438,0.54898,-0.10539999999999994,3,3,False,,,334,248,25.75,0.1169,0.3216,73,70
mech_md75_ppoff_r05,mechanism_sweep,3740,adventurousness,0.05,50,50,False,5,1000,,,0.69278,0.60482,-0.08795999999999993,2,5,False,,,496,825,-66.33,0.2647,0.218,82,78
mech_md75_ppoff_r05,mechanism_sweep,3877,adventurousness,0.05,50,50,False,5,1000,,,0.5939800000000001,0.39028,-0.20370000000000005,3,1,True,,2904,392,113,71.17,0.1318,0.0,42,41
mech_md75_ppoff_r05,mechanism_sweep,4014,adventurousness,0.05,50,50,False,5,1000,,,0.5856199999999999,0.63658,0.050960000000000116,12,1,False,,,1341,510,61.97,0.1733,0.0,84,77
mech_md75_ppoff_r05,mechanism_sweep,4151,adventurousness,0.05,50,50,False,5,1000,,,0.5128999999999999,0.57718,0.06428000000000011,2,8,False,2847,,229,834,-264.19,0.2304,0.1872,94,89
mech_md75_ppoff_r05,mechanism_sweep,4288,adventurousness,0.05,50,50,False,5,1000,,,0.62658,0.49482,-0.13176000000000004,6,0,True,,4832,597,116,80.57,0.3221,0,53,49
mech_md75_ppoff_r05,mechanism_sweep,4425,adventurousness,0.05,50,50,False,5,1000,,,0.5837600000000001,0.60064,0.016879999999999895,13,2,False,,,511,464,9.2,0.2041,0.183,62,60
mech_md75_ppoff_r05,mechanism_sweep,4562,adventurousness,0.05,50,50,False,5,1000,,,0.53024,0.48416000000000003,-0.04608000000000001,0,0,True,4875,4806,204,183,10.29,0,0,44,41
mech_md75_ppoff_r05,mechanism_sweep,4699,adventurousness,0.05,50,50,False,5,1000,,,0.63632,0.5431999999999999,-0.09312000000000009,7,9,False,,,318,444,-39.62,0.1842,0.1347,85,80
mech_md75_ppoff_r05,mechanism_sweep,4836,adventurousness,0.05,50,50,False,5,1000,,,0.50918,0.65346,0.14428000000000007,1,7,False,3935,,273,797,-191.94,0.0,0.2127,77,76
mech_md75_ppoff_r05,mechanism_sweep,4973,adventurousness,0.05,50,50,False,5,1000,,,0.5577,0.55986,0.0021600000000000508,9,21,False,,,734,1175,-60.08,0.2373,0.2224,109,105
mech_md75_ppoff_r10,mechanism_sweep,1000,adventurousness,0.1,50,50,False,5,1000,,,0.5052200000000001,0.6321800000000001,0.12695999999999996,5,1,False,1970,,242,692,-185.95,0.1985,0.0,249,228
mech_md75_ppoff_r10,mechanism_sweep,1137,adventurousness,0.1,50,50,False,5,1000,,,0.6675199999999999,0.71716,0.04964000000000013,2,1,False,,,371,325,12.4,0.1709,0.0,134,129
mech_md75_ppoff_r10,mechanism_sweep,1274,adventurousness,0.1,50,50,False,5,1000,,,0.50666,0.6677199999999999,0.16105999999999987,0,1,False,4740,,200,201,-0.5,0,0.0,138,124
mech_md75_ppoff_r10,mechanism_sweep,1411,adventurousness,0.1,50,50,False,5,1000,,,0.5096999999999999,0.57736,0.06766000000000005,1,2,False,3995,,212,261,-23.11,0.0,0.3194,151,141
mech_md75_ppoff_r10,mechanism_sweep,1548,adventurousness,0.1,50,50,False,5,1000,,,0.6309199999999999,0.36196,-0.2689599999999999,1,6,True,,2997,222,290,-30.63,0.0,0.2195,165,151
mech_md75_ppoff_r10,mechanism_sweep,1685,adventurousness,0.1,50,50,False,5,1000,,,0.57816,0.50788,-0.07028000000000001,2,1,True,,3988,706,170,75.92,0.0329,0.0,116,102
mech_md75_ppoff_r10,mechanism_sweep,1822,adventurousness,0.1,50,50,False,5,1000,,,0.52042,0.41448,-0.10593999999999998,1,2,True,,2869,243,221,9.05,0.0,0.0075,169,157
mech_md75_ppoff_r10,mechanism_sweep,1959,adventurousness,0.1,50,50,False,5,1000,,,0.6042799999999999,0.48308,-0.12119999999999992,10,0,True,,4723,642,183,71.5,0.1686,0,136,124
mech_md75_ppoff_r10,mechanism_sweep,2096,adventurousness,0.1,50,50,False,5,1000,,,0.61922,0.64844,0.029220000000000024,3,1,False,,,333,313,6.01,0.3595,0.0,140,129
mech_md75_ppoff_r10,mechanism_sweep,2233,adventurousness,0.1,50,50,False,5,1000,,,0.46342,0.6022200000000001,0.1388000000000001,11,3,False,1978,,317,397,-25.24,0.2327,0.2486,156,147
mech_md75_ppoff_r10,mechanism_sweep,2370,adventurousness,0.1,50,50,False,5,1000,,,0.6038,0.5999,-0.0039000000000000146,6,5,False,,,644,635,1.4,0.2273,0.1745,184,175
mech_md75_ppoff_r10,mechanism_sweep,2507,adventurousness,0.1,50,50,False,5,1000,,,0.66184,0.47584,-0.186,1,2,True,,2941,450,169,62.44,0.0,0.2335,168,150
mech_md75_ppoff_r10,mechanism_sweep,2644,adventurousness,0.1,50,50,False,5,1000,,,0.5058400000000001,0.61668,0.11083999999999994,0,4,False,4900,,165,430,-160.61,0,0.1681,178,159
mech_md75_ppoff_r10,mechanism_sweep,2781,adventurousness,0.1,50,50,False,5,1000,,,0.69938,0.6577400000000001,-0.0416399999999999,3,1,False,,,438,383,12.56,0.3218,0.0,130,125
mech_md75_ppoff_r10,mechanism_sweep,2918,adventurousness,0.1,50,50,False,5,1000,,,0.51832,0.48572,-0.03260000000000002,8,0,True,,4582,801,267,66.67,0.0966,0,139,127
mech_md75_ppoff_r10,mechanism_sweep,3055,adventurousness,0.1,50,50,False,5,1000,,,0.40568,0.66482,0.25914,4,3,False,2969,,422,353,16.35,0.2716,0.2984,146,134
mech_md75_ppoff_r10,mechanism_sweep,3192,adventurousness,0.1,50,50,False,5,1000,,,0.49184,0.34722,-0.14462000000000003,4,1,True,3000,1897,254,100,60.63,0.113,0.0,172,154
mech_md75_ppoff_r10,mechanism_sweep,3329,adventurousness,0.1,50,50,False,5,1000,,,0.62232,0.0,-0.62232,1,0,True,,888,317,0,100.0,0.0,0,127,112
mech_md75_ppoff_r10,mechanism_sweep,3466,adventurousness,0.1,50,50,False,5,1000,,,0.51648,0.65086,0.13437999999999994,11,1,False,,,832,270,67.55,0.1648,0.0,160,144
mech_md75_ppoff_r10,mechanism_sweep,3603,adventurousness,0.1,50,50,False,5,1000,,,0.65438,0.59594,-0.058439999999999936,3,3,False,,,334,272,18.56,0.1169,0.1599,187,176
mech_md75_ppoff_r10,mechanism_sweep,3740,adventurousness,0.1,50,50,False,5,1000,,,0.69278,0.49178,-0.20099999999999996,2,0,True,,4806,496,264,46.77,0.2647,0,156,140
mech_md75_ppoff_r10,mechanism_sweep,3877,adventurousness,0.1,50,50,False,5,1000,,,0.5939800000000001,0.52584,-0.06814000000000009,3,0,True,,4922,392,170,56.63,0.1318,0,129,118
mech_md75_ppoff_r10,mechanism_sweep,4014,adventurousness,0.1,50,50,False,5,1000,,,0.5856199999999999,0.5969599999999999,0.011340000000000017,12,2,False,,,1341,425,68.31,0.1733,0.2036,188,173
mech_md75_ppoff_r10,mechanism_sweep,4151,adventurousness,0.1,50,50,False,5,1000,,,0.5128999999999999,0.5738399999999999,0.060939999999999994,2,3,False,2847,,229,361,-57.64,0.2304,0.3008,169,158
mech_md75_ppoff_r10,mechanism_sweep,4288,adventurousness,0.1,50,50,False,5,1000,,,0.62658,0.63098,0.0043999999999999595,6,4,False,,,597,541,9.38,0.3221,0.257,149,141
mech_md75_ppoff_r10,mechanism_sweep,4425,adventurousness,0.1,50,50,False,5,1000,,,0.5837600000000001,0.38961999999999997,-0.1941400000000001,13,0,True,,3877,511,314,38.55,0.2041,0,151,137
mech_md75_ppoff_r10,mechanism_sweep,4562,adventurousness,0.1,50,50,False,5,1000,,,0.53024,0.60392,0.07367999999999997,0,2,False,4875,,204,589,-188.73,0,0.3878,211,198
mech_md75_ppoff_r10,mechanism_sweep,4699,adventurousness,0.1,50,50,False,5,1000,,,0.63632,0.60538,-0.030939999999999968,7,8,False,,,318,706,-122.01,0.1842,0.2321,198,189
mech_md75_ppoff_r10,mechanism_sweep,4836,adventurousness,0.1,50,50,False,5,1000,,,0.50918,0.6047,0.09552000000000005,1,3,False,3935,,273,521,-90.84,0.0,0.0726,160,145
mech_md75_ppoff_r10,mechanism_sweep,4973,adventurousness,0.1,50,50,False,5,1000,,,0.5577,0.5956400000000001,0.037940000000000085,9,12,False,,,734,696,5.18,0.2373,0.2708,226,216
mech_md75_ppoff_r20,mechanism_sweep,1000,adventurousness,0.2,50,50,False,5,1000,,,0.5052200000000001,0.57844,0.07321999999999984,5,9,False,1970,,242,958,-295.87,0.1985,0.2414,561,518
mech_md75_ppoff_r20,mechanism_sweep,1137,adventurousness,0.2,50,50,False,5,1000,,,0.6675199999999999,0.65426,-0.013259999999999939,2,6,False,,,371,469,-26.42,0.1709,0.2607,382,347
mech_md75_ppoff_r20,mechanism_sweep,1274,adventurousness,0.2,50,50,False,5,1000,,,0.50666,0.58978,0.08311999999999997,0,6,False,4740,,200,645,-222.5,0,0.2662,421,385
mech_md75_ppoff_r20,mechanism_sweep,1411,adventurousness,0.2,50,50,False,5,1000,,,0.5096999999999999,0.6703,0.16060000000000008,1,7,False,3995,,212,487,-129.72,0.0,0.2173,385,361
mech_md75_ppoff_r20,mechanism_sweep,1548,adventurousness,0.2,50,50,False,5,1000,,,0.6309199999999999,0.63704,0.006120000000000125,1,6,False,,,222,631,-184.23,0.0,0.2593,369,342
mech_md75_ppoff_r20,mechanism_sweep,1685,adventurousness,0.2,50,50,False,5,1000,,,0.57816,0.5874400000000001,0.009280000000000066,2,3,False,,,706,528,25.21,0.0329,0.2864,338,310
mech_md75_ppoff_r20,mechanism_sweep,1822,adventurousness,0.2,50,50,False,5,1000,,,0.52042,0.5515599999999999,0.031139999999999946,1,8,False,,,243,422,-73.66,0.0,0.2253,391,361
mech_md75_ppoff_r20,mechanism_sweep,1959,adventurousness,0.2,50,50,False,5,1000,,,0.6042799999999999,0.39042,-0.21385999999999994,10,0,True,,4906,642,282,56.07,0.1686,0,370,348
mech_md75_ppoff_r20,mechanism_sweep,2096,adventurousness,0.2,50,50,False,5,1000,,,0.61922,0.55966,-0.059559999999999946,3,1,False,,,333,445,-33.63,0.3595,0.0,338,305
mech_md75_ppoff_r20,mechanism_sweep,2233,adventurousness,0.2,50,50,False,5,1000,,,0.46342,0.49063999999999997,0.027219999999999966,11,1,True,1978,3843,317,186,41.32,0.2327,0.0,348,316
mech_md75_ppoff_r20,mechanism_sweep,2370,adventurousness,0.2,50,50,False,5,1000,,,0.6038,0.6052799999999999,0.0014799999999999258,6,7,False,,,644,805,-25.0,0.2273,0.2064,484,438
mech_md75_ppoff_r20,mechanism_sweep,2507,adventurousness,0.2,50,50,False,5,1000,,,0.66184,0.5703799999999999,-0.0914600000000001,1,1,False,,,450,212,52.89,0.0,0.0,351,326
mech_md75_ppoff_r20,mechanism_sweep,2644,adventurousness,0.2,50,50,False,5,1000,,,0.5058400000000001,0.6214600000000001,0.11562000000000006,0,3,False,4900,,165,280,-69.7,0,0.3099,295,262
mech_md75_ppoff_r20,mechanism_sweep,2781,adventurousness,0.2,50,50,False,5,1000,,,0.69938,0.59406,-0.10531999999999997,3,21,False,,,438,861,-96.58,0.3218,0.2037,432,391
mech_md75_ppoff_r20,mechanism_sweep,2918,adventurousness,0.2,50,50,False,5,1000,,,0.51832,0.47319999999999995,-0.04512000000000005,8,4,True,,3981,801,363,54.68,0.0966,0.1825,375,355
mech_md75_ppoff_r20,mechanism_sweep,3055,adventurousness,0.2,50,50,False,5,1000,,,0.40568,0.5994,0.19372000000000006,4,4,False,2969,,422,552,-30.81,0.2716,0.2606,386,356
mech_md75_ppoff_r20,mechanism_sweep,3192,adventurousness,0.2,50,50,False,5,1000,,,0.49184,0.5502199999999999,0.05837999999999993,4,18,False,3000,,254,655,-157.87,0.113,0.2354,562,504
mech_md75_ppoff_r20,mechanism_sweep,3329,adventurousness,0.2,50,50,False,5,1000,,,0.62232,0.50198,-0.12034,1,0,True,,4885,317,338,-6.62,0.0,0,314,293
mech_md75_ppoff_r20,mechanism_sweep,3466,adventurousness,0.2,50,50,False,5,1000,,,0.51648,0.62436,0.10787999999999998,11,3,False,,,832,424,49.04,0.1648,0.3358,370,331
mech_md75_ppoff_r20,mechanism_sweep,3603,adventurousness,0.2,50,50,False,5,1000,,,0.65438,0.58182,-0.07255999999999996,3,1,False,,,334,280,16.17,0.1169,0.0,367,331
mech_md75_ppoff_r20,mechanism_sweep,3740,adventurousness,0.2,50,50,False,5,1000,,,0.69278,0.6202,-0.07257999999999998,2,1,False,,,496,800,-61.29,0.2647,0.0,506,470
mech_md75_ppoff_r20,mechanism_sweep,3877,adventurousness,0.2,50,50,False,5,1000,,,0.5939800000000001,0.33692,-0.25706000000000007,3,1,True,,2904,392,211,46.17,0.1318,0.0,323,297
mech_md75_ppoff_r20,mechanism_sweep,4014,adventurousness,0.2,50,50,False,5,1000,,,0.5856199999999999,0.57278,-0.012839999999999963,12,8,False,,,1341,557,58.46,0.1733,0.2239,391,363
mech_md75_ppoff_r20,mechanism_sweep,4151,adventurousness,0.2,50,50,False,5,1000,,,0.5128999999999999,0.61732,0.10442000000000007,2,11,False,2847,,229,668,-191.7,0.2304,0.2802,469,441
mech_md75_ppoff_r20,mechanism_sweep,4288,adventurousness,0.2,50,50,False,5,1000,,,0.62658,0.6417200000000001,0.015140000000000042,6,7,False,,,597,459,23.12,0.3221,0.281,337,309
mech_md75_ppoff_r20,mechanism_sweep,4425,adventurousness,0.2,50,50,False,5,1000,,,0.5837600000000001,0.38436000000000003,-0.19940000000000002,13,0,True,,3970,511,320,37.38,0.2041,0,334,297
mech_md75_ppoff_r20,mechanism_sweep,4562,adventurousness,0.2,50,50,False,5,1000,,,0.53024,0.59414,0.06389999999999996,0,8,False,4875,,204,653,-220.1,0,0.2289,434,407
mech_md75_ppoff_r20,mechanism_sweep,4699,adventurousness,0.2,50,50,False,5,1000,,,0.63632,0.59182,-0.044499999999999984,7,14,False,,,318,1358,-327.04,0.1842,0.2088,581,536
mech_md75_ppoff_r20,mechanism_sweep,4836,adventurousness,0.2,50,50,False,5,1000,,,0.50918,0.59074,0.08156000000000008,1,8,False,3935,,273,659,-141.39,0.0,0.2671,387,365
mech_md75_ppoff_r20,mechanism_sweep,4973,adventurousness,0.2,50,50,False,5,1000,,,0.5577,0.59544,0.037739999999999996,9,13,False,,,734,860,-17.17,0.2373,0.2618,482,453
mech_md75_ppoff_r30,mechanism_sweep,1000,adventurousness,0.3,50,50,False,5,1000,,,0.5052200000000001,0.55932,0.054099999999999926,5,19,False,1970,,242,1087,-349.17,0.1985,0.2604,760,706
mech_md75_ppoff_r30,mechanism_sweep,1137,adventurousness,0.3,50,50,False,5,1000,,,0.6675199999999999,0.36432000000000003,-0.30319999999999986,2,0,True,,3985,371,169,54.45,0.1709,0,414,392
mech_md75_ppoff_r30,mechanism_sweep,1274,adventurousness,0.3,50,50,False,5,1000,,,0.50666,0.59962,0.09296000000000004,0,10,False,4740,,200,949,-374.5,0,0.3004,688,636
mech_md75_ppoff_r30,mechanism_sweep,1411,adventurousness,0.3,50,50,False,5,1000,,,0.5096999999999999,0.5703400000000001,0.06064000000000014,1,7,False,3995,,212,648,-205.66,0.0,0.2158,668,620
mech_md75_ppoff_r30,mechanism_sweep,1548,adventurousness,0.3,50,50,False,5,1000,,,0.6309199999999999,0.65056,0.019640000000000102,1,8,False,,,222,571,-157.21,0.0,0.0604,487,451
mech_md75_ppoff_r30,mechanism_sweep,1685,adventurousness,0.3,50,50,False,5,1000,,,0.57816,0.6018800000000001,0.023720000000000074,2,3,False,,,706,606,14.16,0.0329,0.2813,589,547
mech_md75_ppoff_r30,mechanism_sweep,1822,adventurousness,0.3,50,50,False,5,1000,,,0.52042,0.54828,0.027859999999999996,1,4,False,,,243,241,0.82,0.0,0.2585,553,504
mech_md75_ppoff_r30,mechanism_sweep,1959,adventurousness,0.3,50,50,False,5,1000,,,0.6042799999999999,0.5633600000000001,-0.040919999999999845,10,12,False,,,642,1364,-112.46,0.1686,0.2103,866,808
mech_md75_ppoff_r30,mechanism_sweep,2096,adventurousness,0.3,50,50,False,5,1000,,,0.61922,0.55778,-0.06143999999999994,3,6,False,,,333,674,-102.4,0.3595,0.1859,571,531
mech_md75_ppoff_r30,mechanism_sweep,2233,adventurousness,0.3,50,50,False,5,1000,,,0.46342,0.6334,0.16997999999999996,11,4,False,1978,,317,213,32.81,0.2327,0.1868,478,442
mech_md75_ppoff_r30,mechanism_sweep,2370,adventurousness,0.3,50,50,False,5,1000,,,0.6038,0.5623400000000001,-0.04145999999999994,6,9,False,,,644,1030,-59.94,0.2273,0.2798,727,678
mech_md75_ppoff_r30,mechanism_sweep,2507,adventurousness,0.3,50,50,False,5,1000,,,0.66184,0.6194,-0.04244000000000003,1,4,False,,,450,485,-7.78,0.0,0.2932,563,508
mech_md75_ppoff_r30,mechanism_sweep,2644,adventurousness,0.3,50,50,False,5,1000,,,0.5058400000000001,0.5890599999999999,0.08321999999999985,0,9,False,4900,,165,525,-218.18,0,0.2074,593,542
mech_md75_ppoff_r30,mechanism_sweep,2781,adventurousness,0.3,50,50,False,5,1000,,,0.69938,0.62178,-0.0776,3,1,False,,,438,430,1.83,0.3218,0.0,479,440
mech_md75_ppoff_r30,mechanism_sweep,2918,adventurousness,0.3,50,50,False,5,1000,,,0.51832,0.58926,0.07094,8,7,False,,,801,624,22.1,0.0966,0.2414,576,535
mech_md75_ppoff_r30,mechanism_sweep,3055,adventurousness,0.3,50,50,False,5,1000,,,0.40568,0.53266,0.12698000000000004,4,2,False,2969,,422,424,-0.47,0.2716,0.419,532,486
mech_md75_ppoff_r30,mechanism_sweep,3192,adventurousness,0.3,50,50,False,5,1000,,,0.49184,0.5611599999999999,0.06931999999999988,4,5,False,3000,,254,381,-50.0,0.113,0.3032,564,505
mech_md75_ppoff_r30,mechanism_sweep,3329,adventurousness,0.3,50,50,False,5,1000,,,0.62232,0.60816,-0.01415999999999995,1,5,False,,,317,432,-36.28,0.0,0.075,508,471
mech_md75_ppoff_r30,mechanism_sweep,3466,adventurousness,0.3,50,50,False,5,1000,,,0.51648,0.61372,0.09724,11,11,False,,,832,696,16.35,0.1648,0.2727,562,506
mech_md75_ppoff_r30,mechanism_sweep,3603,adventurousness,0.3,50,50,False,5,1000,,,0.65438,0.61302,-0.04135999999999995,3,8,False,,,334,713,-113.47,0.1169,0.2016,578,540
mech_md75_ppoff_r30,mechanism_sweep,3740,adventurousness,0.3,50,50,False,5,1000,,,0.69278,0.5660200000000001,-0.12675999999999987,2,15,False,,,496,884,-78.23,0.2647,0.2864,622,584
mech_md75_ppoff_r30,mechanism_sweep,3877,adventurousness,0.3,50,50,False,5,1000,,,0.5939800000000001,0.6204999999999999,0.026519999999999877,3,2,False,,,392,206,47.45,0.1318,0.2978,435,393
mech_md75_ppoff_r30,mechanism_sweep,4014,adventurousness,0.3,50,50,False,5,1000,,,0.5856199999999999,0.63566,0.050040000000000084,12,3,False,,,1341,579,56.82,0.1733,0.2376,585,545
mech_md75_ppoff_r30,mechanism_sweep,4151,adventurousness,0.3,50,50,False,5,1000,,,0.5128999999999999,0.56136,0.04846000000000006,2,1,False,2847,,229,372,-62.45,0.2304,0.0,544,500
mech_md75_ppoff_r30,mechanism_sweep,4288,adventurousness,0.3,50,50,False,5,1000,,,0.62658,0.5298,-0.09677999999999998,6,11,False,,,597,1050,-75.88,0.3221,0.3103,719,665
mech_md75_ppoff_r30,mechanism_sweep,4425,adventurousness,0.3,50,50,False,5,1000,,,0.5837600000000001,0.5799399999999999,-0.0038200000000001566,13,3,False,,,511,538,-5.28,0.2041,0.2983,518,490
mech_md75_ppoff_r30,mechanism_sweep,4562,adventurousness,0.3,50,50,False,5,1000,,,0.53024,0.5991599999999999,0.06891999999999987,0,2,False,4875,,204,450,-120.59,0,0.3446,550,507
mech_md75_ppoff_r30,mechanism_sweep,4699,adventurousness,0.3,50,50,False,5,1000,,,0.63632,0.60972,-0.026599999999999957,7,10,False,,,318,735,-131.13,0.1842,0.3013,654,618
mech_md75_ppoff_r30,mechanism_sweep,4836,adventurousness,0.3,50,50,False,5,1000,,,0.50918,0.603,0.09382000000000001,1,16,False,3935,,273,881,-222.71,0.0,0.293,679,636
mech_md75_ppoff_r30,mechanism_sweep,4973,adventurousness,0.3,50,50,False,5,1000,,,0.5577,0.5645999999999999,0.006899999999999906,9,12,False,,,734,1022,-39.24,0.2373,0.1674,681,630
mech_md75_ppon_r05,mechanism_sweep,1000,adventurousness,0.05,50,50,False,5,1000,,,0.5052200000000001,0.46698000000000006,-0.03824000000000005,5,2,True,1970,3928,242,614,-153.72,0.1985,0.2093,83,82
mech_md75_ppon_r05,mechanism_sweep,1137,adventurousness,0.05,50,50,False,5,1000,,,0.6675199999999999,0.48344000000000004,-0.18407999999999985,2,2,True,,955,371,262,29.38,0.1709,0.0461,62,59
mech_md75_ppon_r05,mechanism_sweep,1274,adventurousness,0.05,50,50,False,5,1000,,,0.50666,0.54212,0.03546000000000005,0,0,True,4740,4900,200,312,-56.0,0,0,53,52
mech_md75_ppon_r05,mechanism_sweep,1411,adventurousness,0.05,50,50,False,5,1000,,,0.5096999999999999,0.64484,0.13514000000000004,1,1,False,3995,,212,251,-18.4,0.0,0.0,43,41
mech_md75_ppon_r05,mechanism_sweep,1548,adventurousness,0.05,50,50,False,5,1000,,,0.6309199999999999,0.57768,-0.053239999999999954,1,73,False,,,222,1230,-454.05,0.0,0.1873,113,102
mech_md75_ppon_r05,mechanism_sweep,1685,adventurousness,0.05,50,50,False,5,1000,,,0.57816,0.32432000000000005,-0.25383999999999995,2,0,True,,3590,706,125,82.29,0.0329,0,55,54
mech_md75_ppon_r05,mechanism_sweep,1822,adventurousness,0.05,50,50,False,5,1000,,,0.52042,0.6843,0.16388000000000003,1,7,False,,,243,356,-46.5,0.0,0.0478,64,61
mech_md75_ppon_r05,mechanism_sweep,1959,adventurousness,0.05,50,50,False,5,1000,,,0.6042799999999999,0.55902,-0.04525999999999997,10,5,False,,,642,591,7.94,0.1686,0.2099,79,73
mech_md75_ppon_r05,mechanism_sweep,2096,adventurousness,0.05,50,50,False,5,1000,,,0.61922,0.5856000000000001,-0.03361999999999987,3,10,False,,,333,702,-110.81,0.3595,0.2368,63,58
mech_md75_ppon_r05,mechanism_sweep,2233,adventurousness,0.05,50,50,False,5,1000,,,0.46342,0.60326,0.13984000000000002,11,1,False,1978,,317,313,1.26,0.2327,0.0,51,49
mech_md75_ppon_r05,mechanism_sweep,2370,adventurousness,0.05,50,50,False,5,1000,,,0.6038,0.62338,0.019580000000000042,6,9,False,,,644,964,-49.69,0.2273,0.259,105,100
mech_md75_ppon_r05,mechanism_sweep,2507,adventurousness,0.05,50,50,False,5,1000,,,0.66184,0.4737,-0.18813999999999997,1,0,True,,4743,450,270,40.0,0.0,0,59,57
mech_md75_ppon_r05,mechanism_sweep,2644,adventurousness,0.05,50,50,False,5,1000,,,0.5058400000000001,0.24922,-0.25662000000000007,0,0,True,4900,2935,165,84,49.09,0,0,44,43
mech_md75_ppon_r05,mechanism_sweep,2781,adventurousness,0.05,50,50,False,5,1000,,,0.69938,0.6675800000000001,-0.03179999999999994,3,8,False,,,438,549,-25.34,0.3218,0.2822,58,55
mech_md75_ppon_r05,mechanism_sweep,2918,adventurousness,0.05,50,50,False,5,1000,,,0.51832,0.42973999999999996,-0.08858000000000005,8,8,True,,3992,801,388,51.56,0.0966,0.2007,85,83
mech_md75_ppon_r05,mechanism_sweep,3055,adventurousness,0.05,50,50,False,5,1000,,,0.40568,0.5885,0.18282000000000004,4,3,False,2969,,422,425,-0.71,0.2716,0.3529,71,71
mech_md75_ppon_r05,mechanism_sweep,3192,adventurousness,0.05,50,50,False,5,1000,,,0.49184,0.40844,-0.08339999999999997,4,0,True,3000,3739,254,105,58.66,0.113,0,38,38
mech_md75_ppon_r05,mechanism_sweep,3329,adventurousness,0.05,50,50,False,5,1000,,,0.62232,0.65942,0.03710000000000002,1,2,False,,,317,610,-92.43,0.0,0.378,66,64
mech_md75_ppon_r05,mechanism_sweep,3466,adventurousness,0.05,50,50,False,5,1000,,,0.51648,0.6721199999999999,0.1556399999999999,11,4,False,,,832,441,47.0,0.1648,0.3002,70,69
mech_md75_ppon_r05,mechanism_sweep,3603,adventurousness,0.05,50,50,False,5,1000,,,0.65438,0.62458,-0.029799999999999938,3,5,False,,,334,325,2.69,0.1169,0.1252,70,70
mech_md75_ppon_r05,mechanism_sweep,3740,adventurousness,0.05,50,50,False,5,1000,,,0.69278,0.66578,-0.026999999999999913,2,3,False,,,496,328,33.87,0.2647,0.1319,80,76
mech_md75_ppon_r05,mechanism_sweep,3877,adventurousness,0.05,50,50,False,5,1000,,,0.5939800000000001,0.39356,-0.20042000000000004,3,0,True,,2904,392,110,71.94,0.1318,0,44,42
mech_md75_ppon_r05,mechanism_sweep,4014,adventurousness,0.05,50,50,False,5,1000,,,0.5856199999999999,0.62584,0.040220000000000034,12,1,False,,,1341,452,66.29,0.1733,0.0,85,83
mech_md75_ppon_r05,mechanism_sweep,4151,adventurousness,0.05,50,50,False,5,1000,,,0.5128999999999999,0.54286,0.029960000000000098,2,54,False,2847,,229,1252,-446.72,0.2304,0.1874,102,99
mech_md75_ppon_r05,mechanism_sweep,4288,adventurousness,0.05,50,50,False,5,1000,,,0.62658,0.3623,-0.26428,6,0,True,,2640,597,133,77.72,0.3221,0,62,55
mech_md75_ppon_r05,mechanism_sweep,4425,adventurousness,0.05,50,50,False,5,1000,,,0.5837600000000001,0.46885999999999994,-0.11490000000000011,13,0,True,,4868,511,503,1.57,0.2041,0,53,50
mech_md75_ppon_r05,mechanism_sweep,4562,adventurousness,0.05,50,50,False,5,1000,,,0.53024,0.61268,0.08243999999999996,0,1,False,4875,,204,213,-4.41,0,0.0,51,48
mech_md75_ppon_r05,mechanism_sweep,4699,adventurousness,0.05,50,50,False,5,1000,,,0.63632,0.52648,-0.10984000000000005,7,20,False,,,318,595,-87.11,0.1842,0.1928,98,93
mech_md75_ppon_r05,mechanism_sweep,4836,adventurousness,0.05,50,50,False,5,1000,,,0.50918,0.6185,0.10932000000000008,1,8,False,3935,,273,985,-260.81,0.0,0.2572,105,102
mech_md75_ppon_r05,mechanism_sweep,4973,adventurousness,0.05,50,50,False,5,1000,,,0.5577,0.5800400000000001,0.022340000000000138,9,11,False,,,734,795,-8.31,0.2373,0.2262,95,94
mech_md75_ppon_r10,mechanism_sweep,1000,adventurousness,0.1,50,50,False,5,1000,,,0.5052200000000001,0.5775,0.0722799999999999,5,2,False,1970,,242,639,-164.05,0.1985,0.2784,252,235
mech_md75_ppon_r10,mechanism_sweep,1137,adventurousness,0.1,50,50,False,5,1000,,,0.6675199999999999,0.581,-0.08651999999999993,2,3,False,,,371,396,-6.74,0.1709,0.219,155,148
mech_md75_ppon_r10,mechanism_sweep,1274,adventurousness,0.1,50,50,False,5,1000,,,0.50666,0.6305999999999999,0.12393999999999994,0,5,False,4740,,200,543,-171.5,0,0.249,181,175
mech_md75_ppon_r10,mechanism_sweep,1411,adventurousness,0.1,50,50,False,5,1000,,,0.5096999999999999,0.51494,0.005240000000000022,1,1,False,3995,,212,520,-145.28,0.0,0.0,219,206
mech_md75_ppon_r10,mechanism_sweep,1548,adventurousness,0.1,50,50,False,5,1000,,,0.6309199999999999,0.53826,-0.09265999999999996,1,0,True,,4937,222,194,12.61,0.0,0,141,136
mech_md75_ppon_r10,mechanism_sweep,1685,adventurousness,0.1,50,50,False,5,1000,,,0.57816,0.58928,0.011120000000000019,2,4,False,,,706,351,50.28,0.0329,0.3589,152,144
mech_md75_ppon_r10,mechanism_sweep,1822,adventurousness,0.1,50,50,False,5,1000,,,0.52042,0.5603999999999999,0.039979999999999905,1,3,False,,,243,518,-113.17,0.0,0.3315,215,201
mech_md75_ppon_r10,mechanism_sweep,1959,adventurousness,0.1,50,50,False,5,1000,,,0.6042799999999999,0.6001799999999999,-0.0040999999999999925,10,7,False,,,642,890,-38.63,0.1686,0.262,224,216
mech_md75_ppon_r10,mechanism_sweep,2096,adventurousness,0.1,50,50,False,5,1000,,,0.61922,0.60612,-0.0131,3,7,False,,,333,837,-151.35,0.3595,0.2878,203,201
mech_md75_ppon_r10,mechanism_sweep,2233,adventurousness,0.1,50,50,False,5,1000,,,0.46342,0.51188,0.04846,11,3,True,1978,2967,317,412,-29.97,0.2327,0.3768,150,144
mech_md75_ppon_r10,mechanism_sweep,2370,adventurousness,0.1,50,50,False,5,1000,,,0.6038,0.61988,0.016079999999999983,6,6,False,,,644,995,-54.5,0.2273,0.2947,218,216
mech_md75_ppon_r10,mechanism_sweep,2507,adventurousness,0.1,50,50,False,5,1000,,,0.66184,0.47494,-0.1869,1,1,True,,3817,450,371,17.56,0.0,0.0,173,166
mech_md75_ppon_r10,mechanism_sweep,2644,adventurousness,0.1,50,50,False,5,1000,,,0.5058400000000001,0.4385,-0.06734000000000007,0,3,True,4900,2950,165,251,-52.12,0,0.235,151,146
mech_md75_ppon_r10,mechanism_sweep,2781,adventurousness,0.1,50,50,False,5,1000,,,0.69938,0.65422,-0.04515999999999998,3,8,False,,,438,665,-51.83,0.3218,0.2456,182,175
mech_md75_ppon_r10,mechanism_sweep,2918,adventurousness,0.1,50,50,False,5,1000,,,0.51832,0.60808,0.08975999999999995,8,3,False,,,801,379,52.68,0.0966,0.2682,175,172
mech_md75_ppon_r10,mechanism_sweep,3055,adventurousness,0.1,50,50,False,5,1000,,,0.40568,0.49706,0.09138000000000002,4,3,True,2969,3880,422,226,46.45,0.2716,0.3346,172,167
mech_md75_ppon_r10,mechanism_sweep,3192,adventurousness,0.1,50,50,False,5,1000,,,0.49184,0.54922,0.05738000000000004,4,7,False,3000,,254,235,7.48,0.113,0.2351,187,183
mech_md75_ppon_r10,mechanism_sweep,3329,adventurousness,0.1,50,50,False,5,1000,,,0.62232,0.49374,-0.12857999999999997,1,0,True,,4888,317,247,22.08,0.0,0,141,133
mech_md75_ppon_r10,mechanism_sweep,3466,adventurousness,0.1,50,50,False,5,1000,,,0.51648,0.59656,0.08007999999999993,11,4,False,,,832,306,63.22,0.1648,0.1795,162,147
mech_md75_ppon_r10,mechanism_sweep,3603,adventurousness,0.1,50,50,False,5,1000,,,0.65438,0.48316,-0.17121999999999998,3,2,True,,3949,334,274,17.96,0.1169,0.1495,191,191
mech_md75_ppon_r10,mechanism_sweep,3740,adventurousness,0.1,50,50,False,5,1000,,,0.69278,0.5694,-0.12337999999999993,2,7,False,,,496,579,-16.73,0.2647,0.208,213,209
mech_md75_ppon_r10,mechanism_sweep,3877,adventurousness,0.1,50,50,False,5,1000,,,0.5939800000000001,0.6897399999999999,0.09575999999999985,3,1,False,,,392,494,-26.02,0.1318,0.0,132,129
mech_md75_ppon_r10,mechanism_sweep,4014,adventurousness,0.1,50,50,False,5,1000,,,0.5856199999999999,0.5918599999999999,0.006240000000000023,12,5,False,,,1341,508,62.12,0.1733,0.2251,185,180
mech_md75_ppon_r10,mechanism_sweep,4151,adventurousness,0.1,50,50,False,5,1000,,,0.5128999999999999,0.58102,0.06812000000000007,2,2,False,2847,,229,442,-93.01,0.2304,0.3359,167,162
mech_md75_ppon_r10,mechanism_sweep,4288,adventurousness,0.1,50,50,False,5,1000,,,0.62658,0.61644,-0.010140000000000038,6,11,False,,,597,1034,-73.2,0.3221,0.2941,218,208
mech_md75_ppon_r10,mechanism_sweep,4425,adventurousness,0.1,50,50,False,5,1000,,,0.5837600000000001,0.61436,0.03059999999999996,13,7,False,,,511,670,-31.12,0.2041,0.2445,165,162
mech_md75_ppon_r10,mechanism_sweep,4562,adventurousness,0.1,50,50,False,5,1000,,,0.53024,0.50534,-0.024900000000000033,0,2,False,4875,,204,540,-164.71,0,0.26,203,199
mech_md75_ppon_r10,mechanism_sweep,4699,adventurousness,0.1,50,50,False,5,1000,,,0.63632,0.5733,-0.06301999999999996,7,1,False,,,318,349,-9.75,0.1842,0.0,161,157
mech_md75_ppon_r10,mechanism_sweep,4836,adventurousness,0.1,50,50,False,5,1000,,,0.50918,0.52812,0.018940000000000068,1,58,False,3935,,273,1496,-447.99,0.0,0.293,336,325
mech_md75_ppon_r10,mechanism_sweep,4973,adventurousness,0.1,50,50,False,5,1000,,,0.5577,0.5378400000000001,-0.019859999999999878,9,10,False,,,734,1113,-51.63,0.2373,0.232,241,232
mech_md75_ppon_r20,mechanism_sweep,1000,adventurousness,0.2,50,50,False,5,1000,,,0.5052200000000001,0.53782,0.03259999999999985,5,16,False,1970,,242,886,-266.12,0.1985,0.286,533,511
mech_md75_ppon_r20,mechanism_sweep,1137,adventurousness,0.2,50,50,False,5,1000,,,0.6675199999999999,0.59658,-0.07093999999999989,2,1,False,,,371,440,-18.6,0.1709,0.0,403,386
mech_md75_ppon_r20,mechanism_sweep,1274,adventurousness,0.2,50,50,False,5,1000,,,0.50666,0.59158,0.08492,0,8,False,4740,,200,461,-130.5,0,0.1804,342,331
mech_md75_ppon_r20,mechanism_sweep,1411,adventurousness,0.2,50,50,False,5,1000,,,0.5096999999999999,0.5591799999999999,0.04947999999999997,1,14,False,3995,,212,596,-181.13,0.0,0.1794,443,418
mech_md75_ppon_r20,mechanism_sweep,1548,adventurousness,0.2,50,50,False,5,1000,,,0.6309199999999999,0.6146,-0.01631999999999989,1,4,False,,,222,386,-73.87,0.0,0.2805,327,316
mech_md75_ppon_r20,mechanism_sweep,1685,adventurousness,0.2,50,50,False,5,1000,,,0.57816,0.5678799999999999,-0.010280000000000067,2,10,False,,,706,642,9.07,0.0329,0.2297,406,390
mech_md75_ppon_r20,mechanism_sweep,1822,adventurousness,0.2,50,50,False,5,1000,,,0.52042,0.54306,0.022639999999999993,1,5,False,,,243,428,-76.13,0.0,0.2346,389,367
mech_md75_ppon_r20,mechanism_sweep,1959,adventurousness,0.2,50,50,False,5,1000,,,0.6042799999999999,0.61714,0.012860000000000094,10,6,False,,,642,492,23.36,0.1686,0.25,465,447
mech_md75_ppon_r20,mechanism_sweep,2096,adventurousness,0.2,50,50,False,5,1000,,,0.61922,0.58094,-0.03827999999999998,3,19,False,,,333,765,-129.73,0.3595,0.1847,433,414
mech_md75_ppon_r20,mechanism_sweep,2233,adventurousness,0.2,50,50,False,5,1000,,,0.46342,0.58692,0.1235,11,1,False,1978,,317,473,-49.21,0.2327,0.0,372,357
mech_md75_ppon_r20,mechanism_sweep,2370,adventurousness,0.2,50,50,False,5,1000,,,0.6038,0.5971,-0.006700000000000039,6,6,False,,,644,611,5.12,0.2273,0.2775,428,400
mech_md75_ppon_r20,mechanism_sweep,2507,adventurousness,0.2,50,50,False,5,1000,,,0.66184,0.59336,-0.06847999999999999,1,3,False,,,450,567,-26.0,0.0,0.2694,404,385
mech_md75_ppon_r20,mechanism_sweep,2644,adventurousness,0.2,50,50,False,5,1000,,,0.5058400000000001,0.52508,0.019239999999999924,0,2,False,4900,,165,283,-71.52,0,0.063,314,297
mech_md75_ppon_r20,mechanism_sweep,2781,adventurousness,0.2,50,50,False,5,1000,,,0.69938,0.57494,-0.12444,3,34,False,,,438,1535,-250.46,0.3218,0.1647,625,578
mech_md75_ppon_r20,mechanism_sweep,2918,adventurousness,0.2,50,50,False,5,1000,,,0.51832,0.5579599999999999,0.0396399999999999,8,13,False,,,801,773,3.5,0.0966,0.2292,461,447
mech_md75_ppon_r20,mechanism_sweep,3055,adventurousness,0.2,50,50,False,5,1000,,,0.40568,0.6143599999999999,0.20867999999999992,4,8,False,2969,,422,589,-39.57,0.2716,0.2082,432,398
mech_md75_ppon_r20,mechanism_sweep,3192,adventurousness,0.2,50,50,False,5,1000,,,0.49184,0.6246799999999999,0.1328399999999999,4,1,False,3000,,254,361,-42.13,0.113,0.0,395,374
mech_md75_ppon_r20,mechanism_sweep,3329,adventurousness,0.2,50,50,False,5,1000,,,0.62232,0.6370199999999999,0.014699999999999935,1,4,False,,,317,567,-78.86,0.0,0.1222,353,339
mech_md75_ppon_r20,mechanism_sweep,3466,adventurousness,0.2,50,50,False,5,1000,,,0.51648,0.5813,0.06481999999999999,11,7,False,,,832,548,34.13,0.1648,0.2596,435,415
mech_md75_ppon_r20,mechanism_sweep,3603,adventurousness,0.2,50,50,False,5,1000,,,0.65438,0.5997199999999999,-0.05466000000000004,3,4,False,,,334,431,-29.04,0.1169,0.1483,444,417
mech_md75_ppon_r20,mechanism_sweep,3740,adventurousness,0.2,50,50,False,5,1000,,,0.69278,0.62292,-0.06985999999999992,2,9,False,,,496,589,-18.75,0.2647,0.2566,418,405
mech_md75_ppon_r20,mechanism_sweep,3877,adventurousness,0.2,50,50,False,5,1000,,,0.5939800000000001,0.34554,-0.24844000000000005,3,0,True,,2904,392,128,67.35,0.1318,0,282,271
mech_md75_ppon_r20,mechanism_sweep,4014,adventurousness,0.2,50,50,False,5,1000,,,0.5856199999999999,0.5795999999999999,-0.006020000000000025,12,3,False,,,1341,553,58.76,0.1733,0.2707,351,336
mech_md75_ppon_r20,mechanism_sweep,4151,adventurousness,0.2,50,50,False,5,1000,,,0.5128999999999999,0.57634,0.06344000000000005,2,5,False,2847,,229,547,-138.86,0.2304,0.2285,426,415
mech_md75_ppon_r20,mechanism_sweep,4288,adventurousness,0.2,50,50,False,5,1000,,,0.62658,0.5867,-0.03988000000000003,6,6,False,,,597,687,-15.08,0.3221,0.291,354,346
mech_md75_ppon_r20,mechanism_sweep,4425,adventurousness,0.2,50,50,False,5,1000,,,0.5837600000000001,0.58718,0.0034199999999999786,13,13,False,,,511,1052,-105.87,0.2041,0.2183,494,466
mech_md75_ppon_r20,mechanism_sweep,4562,adventurousness,0.2,50,50,False,5,1000,,,0.53024,0.55392,0.023679999999999923,0,5,False,4875,,204,479,-134.8,0,0.2547,428,407
mech_md75_ppon_r20,mechanism_sweep,4699,adventurousness,0.2,50,50,False,5,1000,,,0.63632,0.58012,-0.05620000000000003,7,1,False,,,318,786,-147.17,0.1842,0.0,484,476
mech_md75_ppon_r20,mechanism_sweep,4836,adventurousness,0.2,50,50,False,5,1000,,,0.50918,0.62314,0.11396000000000006,1,7,False,3935,,273,919,-236.63,0.0,0.214,411,402
mech_md75_ppon_r20,mechanism_sweep,4973,adventurousness,0.2,50,50,False,5,1000,,,0.5577,0.6030199999999999,0.045319999999999916,9,35,False,,,734,1293,-76.16,0.2373,0.2384,523,506
mech_md75_ppon_r30,mechanism_sweep,1000,adventurousness,0.3,50,50,False,5,1000,,,0.5052200000000001,0.55026,0.04503999999999986,5,17,False,1970,,242,1178,-386.78,0.1985,0.2269,817,771
mech_md75_ppon_r30,mechanism_sweep,1137,adventurousness,0.3,50,50,False,5,1000,,,0.6675199999999999,0.6249,-0.04261999999999988,2,22,False,,,371,1262,-240.16,0.1709,0.1669,654,621
mech_md75_ppon_r30,mechanism_sweep,1274,adventurousness,0.3,50,50,False,5,1000,,,0.50666,0.61324,0.10658000000000001,0,18,False,4740,,200,1361,-580.5,0,0.1655,835,795
mech_md75_ppon_r30,mechanism_sweep,1411,adventurousness,0.3,50,50,False,5,1000,,,0.5096999999999999,0.6403399999999999,0.13063999999999998,1,6,False,3995,,212,739,-248.58,0.0,0.2777,680,652
mech_md75_ppon_r30,mechanism_sweep,1548,adventurousness,0.3,50,50,False,5,1000,,,0.6309199999999999,0.6049200000000001,-0.0259999999999998,1,8,False,,,222,595,-168.02,0.0,0.263,560,534
mech_md75_ppon_r30,mechanism_sweep,1685,adventurousness,0.3,50,50,False,5,1000,,,0.57816,0.5718799999999999,-0.006280000000000063,2,9,False,,,706,814,-15.3,0.0329,0.2479,639,607
mech_md75_ppon_r30,mechanism_sweep,1822,adventurousness,0.3,50,50,False,5,1000,,,0.52042,0.58002,0.059599999999999986,1,2,False,,,243,325,-33.74,0.0,0.3587,497,461
mech_md75_ppon_r30,mechanism_sweep,1959,adventurousness,0.3,50,50,False,5,1000,,,0.6042799999999999,0.5373600000000001,-0.06691999999999987,10,15,False,,,642,1251,-94.86,0.1686,0.2485,801,767
mech_md75_ppon_r30,mechanism_sweep,2096,adventurousness,0.3,50,50,False,5,1000,,,0.61922,0.6176200000000001,-0.0015999999999999348,3,9,False,,,333,767,-130.33,0.3595,0.2876,569,537
mech_md75_ppon_r30,mechanism_sweep,2233,adventurousness,0.3,50,50,False,5,1000,,,0.46342,0.57808,0.11466000000000004,11,6,False,1978,,317,462,-45.74,0.2327,0.3149,623,593
mech_md75_ppon_r30,mechanism_sweep,2370,adventurousness,0.3,50,50,False,5,1000,,,0.6038,0.6413599999999999,0.03755999999999993,6,4,False,,,644,965,-49.84,0.2273,0.2021,698,663
mech_md75_ppon_r30,mechanism_sweep,2507,adventurousness,0.3,50,50,False,5,1000,,,0.66184,0.61274,-0.04910000000000003,1,13,False,,,450,812,-80.44,0.0,0.2563,578,535
mech_md75_ppon_r30,mechanism_sweep,2644,adventurousness,0.3,50,50,False,5,1000,,,0.5058400000000001,0.5420800000000001,0.03624000000000005,0,2,False,4900,,165,497,-201.21,0,0.1805,614,585
mech_md75_ppon_r30,mechanism_sweep,2781,adventurousness,0.3,50,50,False,5,1000,,,0.69938,0.649,-0.05037999999999998,3,13,False,,,438,893,-103.88,0.3218,0.253,610,579
mech_md75_ppon_r30,mechanism_sweep,2918,adventurousness,0.3,50,50,False,5,1000,,,0.51832,0.5692999999999999,0.050979999999999914,8,5,False,,,801,792,1.12,0.0966,0.2886,641,611
mech_md75_ppon_r30,mechanism_sweep,3055,adventurousness,0.3,50,50,False,5,1000,,,0.40568,0.58692,0.18124,4,10,False,2969,,422,642,-52.13,0.2716,0.2886,642,598
mech_md75_ppon_r30,mechanism_sweep,3192,adventurousness,0.3,50,50,False,5,1000,,,0.49184,0.53942,0.04758000000000001,4,13,False,3000,,254,518,-103.94,0.113,0.2282,633,590
mech_md75_ppon_r30,mechanism_sweep,3329,adventurousness,0.3,50,50,False,5,1000,,,0.62232,0.6544800000000001,0.03216000000000008,1,8,False,,,317,727,-129.34,0.0,0.2514,537,509
mech_md75_ppon_r30,mechanism_sweep,3466,adventurousness,0.3,50,50,False,5,1000,,,0.51648,0.62062,0.1041399999999999,11,7,False,,,832,809,2.76,0.1648,0.349,631,583
mech_md75_ppon_r30,mechanism_sweep,3603,adventurousness,0.3,50,50,False,5,1000,,,0.65438,0.5132599999999999,-0.14112000000000002,3,35,False,,,334,1359,-306.89,0.1169,0.2502,872,832
mech_md75_ppon_r30,mechanism_sweep,3740,adventurousness,0.3,50,50,False,5,1000,,,0.69278,0.58166,-0.11112,2,30,False,,,496,1279,-157.86,0.2647,0.2386,737,703
mech_md75_ppon_r30,mechanism_sweep,3877,adventurousness,0.3,50,50,False,5,1000,,,0.5939800000000001,0.56474,-0.029240000000000044,3,12,False,,,392,296,24.49,0.1318,0.2242,555,528
mech_md75_ppon_r30,mechanism_sweep,4014,adventurousness,0.3,50,50,False,5,1000,,,0.5856199999999999,0.34978000000000004,-0.23583999999999988,12,0,True,,3776,1341,291,78.3,0.1733,0,460,439
mech_md75_ppon_r30,mechanism_sweep,4151,adventurousness,0.3,50,50,False,5,1000,,,0.5128999999999999,0.55896,0.0460600000000001,2,20,False,2847,,229,1164,-408.3,0.2304,0.2259,747,724
mech_md75_ppon_r30,mechanism_sweep,4288,adventurousness,0.3,50,50,False,5,1000,,,0.62658,0.5828599999999999,-0.04372000000000009,6,9,False,,,597,1063,-78.06,0.3221,0.1434,644,603
mech_md75_ppon_r30,mechanism_sweep,4425,adventurousness,0.3,50,50,False,5,1000,,,0.5837600000000001,0.58804,0.0042799999999999505,13,18,False,,,511,1103,-115.85,0.2041,0.1971,731,703
mech_md75_ppon_r30,mechanism_sweep,4562,adventurousness,0.3,50,50,False,5,1000,,,0.53024,0.5769799999999999,0.04673999999999989,0,4,False,4875,,204,410,-100.98,0,0.2298,571,548
mech_md75_ppon_r30,mechanism_sweep,4699,adventurousness,0.3,50,50,False,5,1000,,,0.63632,0.63764,0.0013199999999999878,7,7,False,,,318,849,-166.98,0.1842,0.2816,652,626
mech_md75_ppon_r30,mechanism_sweep,4836,adventurousness,0.3,50,50,False,5,1000,,,0.50918,0.5677199999999999,0.058539999999999925,1,14,False,3935,,273,1251,-358.24,0.0,0.2736,752,722
mech_md75_ppon_r30,mechanism_sweep,4973,adventurousness,0.3,50,50,False,5,1000,,,0.5577,0.57334,0.015639999999999987,9,23,False,,,734,1205,-64.17,0.2373,0.2733,677,647
