condition_name,experiment_type,seed,group,generation,alive_at_end,avg_fitness,best_fitness,genome_diversity,total_food_eaten,total_offspring,avg_energy
mech_md00_ppoff_r05,mechanism_sweep,1000,control,0,2,0.6167,0,0.2905,36,0,99.5
mech_md00_ppoff_r05,mechanism_sweep,1000,control,1,0,0,0,0,0,0,0
mech_md00_ppoff_r05,mechanism_sweep,1000,control,2,4,0.6569,0,0.2604,92,0,117.0
mech_md00_ppoff_r05,mechanism_sweep,1000,control,3,1,0.6501,0,0.0,22,1,101.0
mech_md00_ppoff_r05,mechanism_sweep,1000,control,4,5,0.6024,0,0.1985,92,5,105.0
mech_md00_ppoff_r05,mechanism_sweep,1000,treatment,0,6,0.6846,0,0.2804,130,3,126.33
mech_md00_ppoff_r05,mechanism_sweep,1000,treatment,1,6,0.6413,0,0.2856,117,4,100.0
mech_md00_ppoff_r05,mechanism_sweep,1000,treatment,2,3,0.768,0,0.2075,58,4,110.0
mech_md00_ppoff_r05,mechanism_sweep,1000,treatment,3,8,0.575,0,0.3373,141,3,115.88
mech_md00_ppoff_r05,mechanism_sweep,1000,treatment,4,24,0.3909,0,0.2324,234,34,95.46
mech_md00_ppoff_r05,mechanism_sweep,1137,control,0,4,0.6478,0,0.3082,83,1,124.0
mech_md00_ppoff_r05,mechanism_sweep,1137,control,1,8,0.6582,0,0.2846,162,3,109.62
mech_md00_ppoff_r05,mechanism_sweep,1137,control,2,2,0.7375,0,0.2362,43,1,119.5
mech_md00_ppoff_r05,mechanism_sweep,1137,control,3,2,0.6401,0,0.2271,42,0,148.5
mech_md00_ppoff_r05,mechanism_sweep,1137,control,4,2,0.654,0,0.1709,41,1,105.0
mech_md00_ppoff_r05,mechanism_sweep,1137,treatment,0,0,0,0,0,0,0,0
mech_md00_ppoff_r05,mechanism_sweep,1137,treatment,1,2,0.677,0,0.2608,42,0,133.0
mech_md00_ppoff_r05,mechanism_sweep,1137,treatment,2,0,0,0,0,0,0,0
mech_md00_ppoff_r05,mechanism_sweep,1137,treatment,3,1,0.6328,0,0.0,21,0,125.0
mech_md00_ppoff_r05,mechanism_sweep,1137,treatment,4,2,0.7093,0,0.2345,43,4,117.0
mech_md00_ppoff_r05,mechanism_sweep,1274,control,0,3,0.6672,0,0.2438,56,2,71.67
mech_md00_ppoff_r05,mechanism_sweep,1274,control,1,1,0.7799,0,0.0,20,1,103.0
mech_md00_ppoff_r05,mechanism_sweep,1274,control,2,3,0.4704,0,0.2325,45,1,105.0
mech_md00_ppoff_r05,mechanism_sweep,1274,control,3,5,0.6158,0,0.1527,79,2,106.0
mech_md00_ppoff_r05,mechanism_sweep,1274,control,4,0,0,0,0,0,0,0
mech_md00_ppoff_r05,mechanism_sweep,1274,treatment,0,9,0.6506,0,0.2936,173,9,106.67
mech_md00_ppoff_r05,mechanism_sweep,1274,treatment,1,11,0.5694,0,0.2413,171,13,106.91
mech_md00_ppoff_r05,mechanism_sweep,1274,treatment,2,19,0.4896,0,0.2071,252,15,100.11
mech_md00_ppoff_r05,mechanism_sweep,1274,treatment,3,3,0.5859,0,0.2682,56,1,101.33
mech_md00_ppoff_r05,mechanism_sweep,1274,treatment,4,1,0.732,0,0.0,21,1,110.0
mech_md00_ppoff_r05,mechanism_sweep,1411,control,0,5,0.6328,0,0.3204,96,1,82.4
mech_md00_ppoff_r05,mechanism_sweep,1411,control,1,4,0.6779,0,0.3459,81,0,100.25
mech_md00_ppoff_r05,mechanism_sweep,1411,control,2,1,0.6305,0,0.0,21,0,115.0
mech_md00_ppoff_r05,mechanism_sweep,1411,control,3,0,0,0,0,0,0,0
mech_md00_ppoff_r05,mechanism_sweep,1411,control,4,1,0.6073,0,0.0,14,0,94.0
mech_md00_ppoff_r05,mechanism_sweep,1411,treatment,0,3,0.7155,0,0.2762,60,1,121.67
mech_md00_ppoff_r05,mechanism_sweep,1411,treatment,1,5,0.6698,0,0.3007,104,0,112.8
mech_md00_ppoff_r05,mechanism_sweep,1411,treatment,2,4,0.6528,0,0.295,81,0,94.25
mech_md00_ppoff_r05,mechanism_sweep,1411,treatment,3,5,0.6629,0,0.2807,100,0,113.6
mech_md00_ppoff_r05,mechanism_sweep,1411,treatment,4,1,0.6984,0,0.0,20,0,100.0
mech_md00_ppoff_r05,mechanism_sweep,1548,control,0,3,0.653,0,0.2709,66,3,82.0
mech_md00_ppoff_r05,mechanism_sweep,1548,control,1,4,0.61,0,0.2659,77,2,112.5
mech_md00_ppoff_r05,mechanism_sweep,1548,control,2,1,0.6196,0,0.0,21,0,163.0
mech_md00_ppoff_r05,mechanism_sweep,1548,control,3,2,0.6123,0,0.2969,38,0,91.5
mech_md00_ppoff_r05,mechanism_sweep,1548,control,4,1,0.6597,0,0.0,20,0,90.0
mech_md00_ppoff_r05,mechanism_sweep,1548,treatment,0,4,0.6973,0,0.2889,84,2,118.5
mech_md00_ppoff_r05,mechanism_sweep,1548,treatment,1,2,0.6466,0,0.501,31,1,97.5
mech_md00_ppoff_r05,mechanism_sweep,1548,treatment,2,4,0.7915,0,0.3041,87,9,96.0
mech_md00_ppoff_r05,mechanism_sweep,1548,treatment,3,11,0.6676,0,0.1818,197,14,105.09
mech_md00_ppoff_r05,mechanism_sweep,1548,treatment,4,26,0.587,0,0.1999,389,30,111.42
mech_md00_ppoff_r05,mechanism_sweep,1685,control,0,9,0.5849,0,0.2611,161,13,94.44
mech_md00_ppoff_r05,mechanism_sweep,1685,control,1,8,0.52,0,0.2823,122,10,112.38
mech_md00_ppoff_r05,mechanism_sweep,1685,control,2,3,0.6404,0,0.2859,61,4,104.0
mech_md00_ppoff_r05,mechanism_sweep,1685,control,3,22,0.5234,0,0.2203,320,30,113.59
mech_md00_ppoff_r05,mechanism_sweep,1685,control,4,2,0.6221,0,0.0329,42,2,110.0
mech_md00_ppoff_r05,mechanism_sweep,1685,treatment,0,5,0.6136,0,0.3361,91,1,103.4
mech_md00_ppoff_r05,mechanism_sweep,1685,treatment,1,1,0.6585,0,0.0,20,0,90.0
mech_md00_ppoff_r05,mechanism_sweep,1685,treatment,2,4,0.5985,0,0.2058,68,4,125.5
mech_md00_ppoff_r05,mechanism_sweep,1685,treatment,3,1,0.57,0,0.0,16,0,134.0
mech_md00_ppoff_r05,mechanism_sweep,1685,treatment,4,1,0.5975,0,0.0,11,0,77.0
mech_md00_ppoff_r05,mechanism_sweep,1822,control,0,6,0.4931,0,0.3026,86,7,93.33
mech_md00_ppoff_r05,mechanism_sweep,1822,control,1,4,0.514,0,0.2768,69,0,91.25
mech_md00_ppoff_r05,mechanism_sweep,1822,control,2,1,0.5299,0,0.0,20,0,39.0
mech_md00_ppoff_r05,mechanism_sweep,1822,control,3,2,0.4952,0,0.1168,31,2,106.5
mech_md00_ppoff_r05,mechanism_sweep,1822,control,4,1,0.5699,0,0.0,37,0,119.0
mech_md00_ppoff_r05,mechanism_sweep,1822,treatment,0,3,0.5533,0,0.3707,54,1,71.0
mech_md00_ppoff_r05,mechanism_sweep,1822,treatment,1,2,0.637,0,0.3329,39,2,129.0
mech_md00_ppoff_r05,mechanism_sweep,1822,treatment,2,1,0.819,0,0.0,23,2,139.0
mech_md00_ppoff_r05,mechanism_sweep,1822,treatment,3,3,0.6966,0,0.2412,56,1,133.33
mech_md00_ppoff_r05,mechanism_sweep,1822,treatment,4,6,0.6369,0,0.2255,108,7,136.83
mech_md00_ppoff_r05,mechanism_sweep,1959,control,0,6,0.6941,0,0.3686,121,2,117.0
mech_md00_ppoff_r05,mechanism_sweep,1959,control,1,6,0.6827,0,0.3155,128,4,92.5
mech_md00_ppoff_r05,mechanism_sweep,1959,control,2,5,0.6241,0,0.2926,86,2,110.6
mech_md00_ppoff_r05,mechanism_sweep,1959,control,3,15,0.4911,0,0.1667,172,13,107.2
mech_md00_ppoff_r05,mechanism_sweep,1959,control,4,10,0.5294,0,0.1686,135,4,117.8
mech_md00_ppoff_r05,mechanism_sweep,1959,treatment,0,11,0.6413,0,0.2957,194,11,104.64
mech_md00_ppoff_r05,mechanism_sweep,1959,treatment,1,5,0.5406,0,0.3668,76,2,100.2
mech_md00_ppoff_r05,mechanism_sweep,1959,treatment,2,8,0.501,0,0.2427,110,2,103.62
mech_md00_ppoff_r05,mechanism_sweep,1959,treatment,3,2,0.6151,0,0.1827,34,2,104.5
mech_md00_ppoff_r05,mechanism_sweep,1959,treatment,4,24,0.4763,0,0.144,253,30,114.67
mech_md00_ppoff_r05,mechanism_sweep,2096,control,0,6,0.646,0,0.312,119,2,121.0
mech_md00_ppoff_r05,mechanism_sweep,2096,control,1,2,0.5221,0,0.2258,32,0,116.5
mech_md00_ppoff_r05,mechanism_sweep,2096,control,2,4,0.6416,0,0.2455,81,2,108.5
mech_md00_ppoff_r05,mechanism_sweep,2096,control,3,1,0.7051,0,0.0,41,1,60.0
mech_md00_ppoff_r05,mechanism_sweep,2096,control,4,3,0.5813,0,0.3595,60,1,61.0
mech_md00_ppoff_r05,mechanism_sweep,2096,treatment,0,7,0.632,0,0.2794,140,7,105.29
mech_md00_ppoff_r05,mechanism_sweep,2096,treatment,1,3,0.6106,0,0.3185,61,0,96.67
mech_md00_ppoff_r05,mechanism_sweep,2096,treatment,2,9,0.6772,0,0.2791,192,5,117.44
mech_md00_ppoff_r05,mechanism_sweep,2096,treatment,3,5,0.6717,0,0.2873,103,2,101.8
mech_md00_ppoff_r05,mechanism_sweep,2096,treatment,4,4,0.6842,0,0.214,78,4,103.25
mech_md00_ppoff_r05,mechanism_sweep,2233,control,0,3,0.7385,0,0.3217,65,4,115.0
mech_md00_ppoff_r05,mechanism_sweep,2233,control,1,0,0,0,0,0,0,0
mech_md00_ppoff_r05,mechanism_sweep,2233,control,2,2,0.569,0,0.3142,36,0,108.5
mech_md00_ppoff_r05,mechanism_sweep,2233,control,3,9,0.4806,0,0.0825,92,11,93.67
mech_md00_ppoff_r05,mechanism_sweep,2233,control,4,11,0.529,0,0.2327,124,7,92.18
mech_md00_ppoff_r05,mechanism_sweep,2233,treatment,0,2,0.6594,0,0.2923,40,1,46.0
mech_md00_ppoff_r05,mechanism_sweep,2233,treatment,1,4,0.7142,0,0.3174,83,9,112.75
mech_md00_ppoff_r05,mechanism_sweep,2233,treatment,2,4,0.7264,0,0.1665,74,3,125.0
mech_md00_ppoff_r05,mechanism_sweep,2233,treatment,3,9,0.4977,0,0.1515,106,9,94.78
mech_md00_ppoff_r05,mechanism_sweep,2233,treatment,4,0,0,0,0,0,0,0
mech_md00_ppoff_r05,mechanism_sweep,2370,control,0,6,0.6315,0,0.3552,116,3,105.33
mech_md00_ppoff_r05,mechanism_sweep,2370,control,1,10,0.5958,0,0.312,183,7,87.7
mech_md00_ppoff_r05,mechanism_sweep,2370,control,2,10,0.562,0,0.263,161,9,96.5
mech_md00_ppoff_r05,mechanism_sweep,2370,control,3,3,0.6465,0,0.2825,64,1,109.0
mech_md00_ppoff_r05,mechanism_sweep,2370,control,4,6,0.5832,0,0.2273,120,2,87.33
mech_md00_ppoff_r05,mechanism_sweep,2370,treatment,0,6,0.6247,0,0.343,113,5,91.5
mech_md00_ppoff_r05,mechanism_sweep,2370,treatment,1,4,0.5807,0,0.3358,81,0,104.75
mech_md00_ppoff_r05,mechanism_sweep,2370,treatment,2,4,0.5407,0,0.2772,72,0,81.5
mech_md00_ppoff_r05,mechanism_sweep,2370,treatment,3,4,0.639,0,0.3302,83,2,106.75
mech_md00_ppoff_r05,mechanism_sweep,2370,treatment,4,7,0.6243,0,0.2434,136,3,81.43
mech_md00_ppoff_r05,mechanism_sweep,2507,control,0,3,0.6603,0,0.315,61,0,107.0
mech_md00_ppoff_r05,mechanism_sweep,2507,control,1,4,0.7044,0,0.3092,86,2,139.5
mech_md00_ppoff_r05,mechanism_sweep,2507,control,2,6,0.6326,0,0.3592,121,1,106.17
mech_md00_ppoff_r05,mechanism_sweep,2507,control,3,8,0.6398,0,0.2785,162,1,100.75
mech_md00_ppoff_r05,mechanism_sweep,2507,control,4,1,0.6721,0,0.0,20,0,100.0
mech_md00_ppoff_r05,mechanism_sweep,2507,treatment,0,7,0.5979,0,0.3245,145,1,103.57
mech_md00_ppoff_r05,mechanism_sweep,2507,treatment,1,3,0.6189,0,0.3061,60,0,95.0
mech_md00_ppoff_r05,mechanism_sweep,2507,treatment,2,5,0.6403,0,0.3324,99,2,105.4
mech_md00_ppoff_r05,mechanism_sweep,2507,treatment,3,3,0.4487,0,0.067,31,2,122.0
mech_md00_ppoff_r05,mechanism_sweep,2507,treatment,4,2,0.7635,0,0.0647,35,1,139.5
mech_md00_ppoff_r05,mechanism_sweep,2644,control,0,2,0.629,0,0.2272,45,1,137.5
mech_md00_ppoff_r05,mechanism_sweep,2644,control,1,3,0.6371,0,0.224,60,0,96.67
mech_md00_ppoff_r05,mechanism_sweep,2644,control,2,1,0.7188,0,0.0,22,2,120.0
mech_md00_ppoff_r05,mechanism_sweep,2644,control,3,2,0.5443,0,0.3107,38,0,76.0
mech_md00_ppoff_r05,mechanism_sweep,2644,control,4,0,0,0,0,0,0,0
mech_md00_ppoff_r05,mechanism_sweep,2644,treatment,0,1,0.5404,0,0.0,19,0,44.0
mech_md00_ppoff_r05,mechanism_sweep,2644,treatment,1,1,0.6332,0,0.0,20,0,93.0
mech_md00_ppoff_r05,mechanism_sweep,2644,treatment,2,0,0,0,0,0,0,0
mech_md00_ppoff_r05,mechanism_sweep,2644,treatment,3,0,0,0,0,0,0,0
mech_md00_ppoff_r05,mechanism_sweep,2644,treatment,4,1,0.7463,0,0.0,21,2,96.0
mech_md00_ppoff_r05,mechanism_sweep,2781,control,0,7,0.636,0,0.2764,151,5,103.14
mech_md00_ppoff_r05,mechanism_sweep,2781,control,1,8,0.632,0,0.2849,144,3,101.88
mech_md00_ppoff_r05,mechanism_sweep,2781,control,2,1,0.8682,0,0.0,22,2,120.0
mech_md00_ppoff_r05,mechanism_sweep,2781,control,3,3,0.6979,0,0.2621,62,1,112.33
mech_md00_ppoff_r05,mechanism_sweep,2781,control,4,3,0.6628,0,0.3218,59,1,101.33
mech_md00_ppoff_r05,mechanism_sweep,2781,treatment,0,8,0.5567,0,0.2808,138,6,100.38
mech_md00_ppoff_r05,mechanism_sweep,2781,treatment,1,7,0.7263,0,0.2897,146,4,111.0
mech_md00_ppoff_r05,mechanism_sweep,2781,treatment,2,8,0.7178,0,0.2627,166,2,106.12
mech_md00_ppoff_r05,mechanism_sweep,2781,treatment,3,11,0.6664,0,0.3029,201,8,99.36
mech_md00_ppoff_r05,mechanism_sweep,2781,treatment,4,15,0.6519,0,0.2785,274,11,125.2
mech_md00_ppoff_r05,mechanism_sweep,2918,control,0,5,0.6191,0,0.3649,89,0,110.6
mech_md00_ppoff_r05,mechanism_sweep,2918,control,1,6,0.5514,0,0.2627,98,4,120.67
mech_md00_ppoff_r05,mechanism_sweep,2918,control,2,32,0.4556,0,0.1216,344,42,117.41
mech_md00_ppoff_r05,mechanism_sweep,2918,control,3,16,0.3775,0,0.1803,153,17,112.44
mech_md00_ppoff_r05,mechanism_sweep,2918,control,4,8,0.588,0,0.0966,117,9,118.0
mech_md00_ppoff_r05,mechanism_sweep,2918,treatment,0,6,0.526,0,0.3658,87,3,97.0
mech_md00_ppoff_r05,mechanism_sweep,2918,treatment,1,5,0.7121,0,0.3607,104,3,102.6
mech_md00_ppoff_r05,mechanism_sweep,2918,treatment,2,1,0.5583,0,0.0,19,0,50.0
mech_md00_ppoff_r05,mechanism_sweep,2918,treatment,3,3,0.6647,0,0.301,64,0,136.33
mech_md00_ppoff_r05,mechanism_sweep,2918,treatment,4,2,0.6673,0,0.3557,40,1,80.0
mech_md00_ppoff_r05,mechanism_sweep,3055,control,0,7,0.6098,0,0.3416,143,0,107.14
mech_md00_ppoff_r05,mechanism_sweep,3055,control,1,5,0.5451,0,0.2806,77,4,122.0
mech_md00_ppoff_r05,mechanism_sweep,3055,control,2,0,0,0,0,0,0,0
mech_md00_ppoff_r05,mechanism_sweep,3055,control,3,11,0.4894,0,0.267,157,4,102.73
mech_md00_ppoff_r05,mechanism_sweep,3055,control,4,4,0.3841,0,0.2716,45,1,74.5
mech_md00_ppoff_r05,mechanism_sweep,3055,treatment,0,5,0.6436,0,0.3197,104,0,120.6
mech_md00_ppoff_r05,mechanism_sweep,3055,treatment,1,10,0.6021,0,0.2781,189,4,100.0
mech_md00_ppoff_r05,mechanism_sweep,3055,treatment,2,7,0.6579,0,0.2744,137,3,125.14
mech_md00_ppoff_r05,mechanism_sweep,3055,treatment,3,12,0.5569,0,0.2027,189,3,101.08
mech_md00_ppoff_r05,mechanism_sweep,3055,treatment,4,13,0.5659,0,0.2129,202,9,90.15
mech_md00_ppoff_r05,mechanism_sweep,3192,control,0,2,0.6292,0,0.2497,42,1,112.5
mech_md00_ppoff_r05,mechanism_sweep,3192,control,1,4,0.649,0,0.2669,81,2,90.75
mech_md00_ppoff_r05,mechanism_sweep,3192,control,2,0,0,0,0,0,0,0
mech_md00_ppoff_r05,mechanism_sweep,3192,control,3,3,0.6468,0,0.3146,64,1,139.67
mech_md00_ppoff_r05,mechanism_sweep,3192,control,4,4,0.5342,0,0.113,67,7,120.25
mech_md00_ppoff_r05,mechanism_sweep,3192,treatment,0,2,0.5871,0,0.3061,39,0,75.0
mech_md00_ppoff_r05,mechanism_sweep,3192,treatment,1,2,0.6479,0,0.3849,41,1,104.0
mech_md00_ppoff_r05,mechanism_sweep,3192,treatment,2,3,0.5949,0,0.2413,50,1,112.67
mech_md00_ppoff_r05,mechanism_sweep,3192,treatment,3,1,0.435,0,0.0,9,0,94.0
mech_md00_ppoff_r05,mechanism_sweep,3192,treatment,4,0,0,0,0,0,0,0
mech_md00_ppoff_r05,mechanism_sweep,3329,control,0,5,0.6206,0,0.355,110,0,103.8
mech_md00_ppoff_r05,mechanism_sweep,3329,control,1,3,0.6509,0,0.3301,61,0,111.33
mech_md00_ppoff_r05,mechanism_sweep,3329,control,2,4,0.6284,0,0.1994,83,4,120.5
mech_md00_ppoff_r05,mechanism_sweep,3329,control,3,2,0.5919,0,0.2128,42,0,122.5
mech_md00_ppoff_r05,mechanism_sweep,3329,control,4,1,0.6198,0,0.0,21,0,117.0
mech_md00_ppoff_r05,mechanism_sweep,3329,treatment,0,2,0.6509,0,0.3435,41,0,125.0
mech_md00_ppoff_r05,mechanism_sweep,3329,treatment,1,2,0.5691,0,0.2042,37,0,118.5
mech_md00_ppoff_r05,mechanism_sweep,3329,treatment,2,1,0.7677,0,0.0,21,1,110.0
mech_md00_ppoff_r05,mechanism_sweep,3329,treatment,3,0,0,0,0,0,0,0
mech_md00_ppoff_r05,mechanism_sweep,3329,treatment,4,0,0,0,0,0,0,0
mech_md00_ppoff_r05,mechanism_sweep,3466,control,0,2,0.6487,0,0.3351,41,1,101.0
mech_md00_ppoff_r05,mechanism_sweep,3466,control,1,14,0.5418,0,0.2512,216,17,101.93
mech_md00_ppoff_r05,mechanism_sweep,3466,control,2,7,0.4855,0,0.2032,99,3,89.29
mech_md00_ppoff_r05,mechanism_sweep,3466,control,3,27,0.4596,0,0.2371,345,36,86.96
mech_md00_ppoff_r05,mechanism_sweep,3466,control,4,11,0.4468,0,0.1648,131,19,99.91
mech_md00_ppoff_r05,mechanism_sweep,3466,treatment,0,5,0.7172,0,0.3266,102,3,94.0
mech_md00_ppoff_r05,mechanism_sweep,3466,treatment,1,4,0.6964,0,0.2884,82,1,104.75
mech_md00_ppoff_r05,mechanism_sweep,3466,treatment,2,0,0,0,0,0,0,0
mech_md00_ppoff_r05,mechanism_sweep,3466,treatment,3,1,0.5134,0,0.0,13,0,9.0
mech_md00_ppoff_r05,mechanism_sweep,3466,treatment,4,0,0,0,0,0,0,0
mech_md00_ppoff_r05,mechanism_sweep,3603,control,0,7,0.6289,0,0.3026,140,1,93.0
mech_md00_ppoff_r05,mechanism_sweep,3603,control,1,2,0.7775,0,0.2689,43,4,91.0
mech_md00_ppoff_r05,mechanism_sweep,3603,control,2,1,0.5722,0,0.0,20,0,100.0
mech_md00_ppoff_r05,mechanism_sweep,3603,control,3,4,0.5341,0,0.3326,65,1,103.5
mech_md00_ppoff_r05,mechanism_sweep,3603,control,4,3,0.7592,0,0.1169,66,5,133.0
mech_md00_ppoff_r05,mechanism_sweep,3603,treatment,0,3,0.5039,0,0.2167,47,3,94.67
mech_md00_ppoff_r05,mechanism_sweep,3603,treatment,1,5,0.6174,0,0.2072,88,5,142.6
mech_md00_ppoff_r05,mechanism_sweep,3603,treatment,2,4,0.5866,0,0.3052,73,2,107.5
mech_md00_ppoff_r05,mechanism_sweep,3603,treatment,3,3,0.6401,0,0.134,53,1,108.33
mech_md00_ppoff_r05,mechanism_sweep,3603,treatment,4,2,0.5354,0,0.1265,30,0,88.5
mech_md00_ppoff_r05,mechanism_sweep,3740,control,0,7,0.6382,0,0.3285,144,2,106.29
mech_md00_ppoff_r05,mechanism_sweep,3740,control,1,6,0.5857,0,0.2611,106,2,100.33
mech_md00_ppoff_r05,mechanism_sweep,3740,control,2,7,0.6935,0,0.2708,140,4,106.86
mech_md00_ppoff_r05,mechanism_sweep,3740,control,3,3,0.7336,0,0.1772,63,0,133.0
mech_md00_ppoff_r05,mechanism_sweep,3740,control,4,2,0.8129,0,0.2647,43,3,115.0
mech_md00_ppoff_r05,mechanism_sweep,3740,treatment,0,9,0.6165,0,0.3207,185,4,110.67
mech_md00_ppoff_r05,mechanism_sweep,3740,treatment,1,5,0.6036,0,0.3351,105,1,83.8
mech_md00_ppoff_r05,mechanism_sweep,3740,treatment,2,5,0.6594,0,0.218,103,2,116.4
mech_md00_ppoff_r05,mechanism_sweep,3740,treatment,3,3,0.7039,0,0.1094,64,3,112.0
mech_md00_ppoff_r05,mechanism_sweep,3740,treatment,4,12,0.4437,0,0.1956,147,13,114.08
mech_md00_ppoff_r05,mechanism_sweep,3877,control,0,5,0.6874,0,0.2605,103,2,97.0
mech_md00_ppoff_r05,mechanism_sweep,3877,control,1,3,0.7159,0,0.1595,65,2,135.33
mech_md00_ppoff_r05,mechanism_sweep,3877,control,2,3,0.6671,0,0.1778,60,3,132.0
mech_md00_ppoff_r05,mechanism_sweep,3877,control,3,9,0.4727,0,0.1487,123,14,110.0
mech_md00_ppoff_r05,mechanism_sweep,3877,control,4,3,0.4268,0,0.1318,41,2,109.0
mech_md00_ppoff_r05,mechanism_sweep,3877,treatment,0,3,0.655,0,0.297,61,0,113.0
mech_md00_ppoff_r05,mechanism_sweep,3877,treatment,1,0,0,0,0,0,0,0
mech_md00_ppoff_r05,mechanism_sweep,3877,treatment,2,1,0.5588,0,0.0,20,0,112.0
mech_md00_ppoff_r05,mechanism_sweep,3877,treatment,3,0,0,0,0,0,0,0
mech_md00_ppoff_r05,mechanism_sweep,3877,treatment,4,0,0,0,0,0,0,0
mech_md00_ppoff_r05,mechanism_sweep,4014,control,0,8,0.709,0,0.2891,170,7,107.88
mech_md00_ppoff_r05,mechanism_sweep,4014,control,1,9,0.6016,0,0.2537,166,6,108.44
mech_md00_ppoff_r05,mechanism_sweep,4014,control,2,8,0.5814,0,0.2115,143,5,112.0
mech_md00_ppoff_r05,mechanism_sweep,4014,control,3,50,0.474,0,0.2292,666,81,111.56
mech_md00_ppoff_r05,mechanism_sweep,4014,control,4,12,0.5621,0,0.1733,196,13,119.67
mech_md00_ppoff_r05,mechanism_sweep,4014,treatment,0,10,0.5333,0,0.3038,164,4,85.7
mech_md00_ppoff_r05,mechanism_sweep,4014,treatment,1,2,0.5874,0,0.3684,34,0,84.5
mech_md00_ppoff_r05,mechanism_sweep,4014,treatment,2,2,0.6031,0,0.3872,39,0,75.0
mech_md00_ppoff_r05,mechanism_sweep,4014,treatment,3,0,0,0,0,0,0,0
mech_md00_ppoff_r05,mechanism_sweep,4014,treatment,4,0,0,0,0,0,0,0
mech_md00_ppoff_r05,mechanism_sweep,4151,control,0,3,0.5273,0,0.301,49,3,124.67
mech_md00_ppoff_r05,mechanism_sweep,4151,control,1,5,0.6562,0,0.3512,102,2,104.0
mech_md00_ppoff_r05,mechanism_sweep,4151,control,2,0,0,0,0,0,0,0
mech_md00_ppoff_r05,mechanism_sweep,4151,control,3,2,0.7289,0,0.246,41,1,103.5
mech_md00_ppoff_r05,mechanism_sweep,4151,control,4,2,0.6521,0,0.2304,37,2,101.0
mech_md00_ppoff_r05,mechanism_sweep,4151,treatment,0,11,0.6529,0,0.2894,227,8,99.0
mech_md00_ppoff_r05,mechanism_sweep,4151,treatment,1,8,0.6364,0,0.3094,174,6,95.88
mech_md00_ppoff_r05,mechanism_sweep,4151,treatment,2,4,0.4901,0,0.2782,70,1,107.25
mech_md00_ppoff_r05,mechanism_sweep,4151,treatment,3,4,0.6945,0,0.1894,88,7,122.5
mech_md00_ppoff_r05,mechanism_sweep,4151,treatment,4,0,0,0,0,0,0,0
mech_md00_ppoff_r05,mechanism_sweep,4288,control,0,2,0.6489,0,0.2362,44,1,146.5
mech_md00_ppoff_r05,mechanism_sweep,4288,control,1,10,0.6308,0,0.2887,194,12,125.4
mech_md00_ppoff_r05,mechanism_sweep,4288,control,2,7,0.5762,0,0.2774,135,1,109.57
mech_md00_ppoff_r05,mechanism_sweep,4288,control,3,6,0.6408,0,0.3137,111,2,98.33
mech_md00_ppoff_r05,mechanism_sweep,4288,control,4,6,0.6362,0,0.3221,113,0,125.83
mech_md00_ppoff_r05,mechanism_sweep,4288,treatment,0,4,0.6335,0,0.3749,86,0,115.75
mech_md00_ppoff_r05,mechanism_sweep,4288,treatment,1,11,0.3736,0,0.2497,108,10,107.18
mech_md00_ppoff_r05,mechanism_sweep,4288,treatment,2,9,0.661,0,0.2676,170,8,116.56
mech_md00_ppoff_r05,mechanism_sweep,4288,treatment,3,1,0.7525,0,0.0,21,1,132.0
mech_md00_ppoff_r05,mechanism_sweep,4288,treatment,4,2,0.6485,0,0.201,38,0,113.5
mech_md00_ppoff_r05,mechanism_sweep,4425,control,0,8,0.537,0,0.2318,137,10,108.12
mech_md00_ppoff_r05,mechanism_sweep,4425,control,1,1,0.6079,0,0.0,20,0,93.0
mech_md00_ppoff_r05,mechanism_sweep,4425,control,2,6,0.599,0,0.246,117,2,110.33
mech_md00_ppoff_r05,mechanism_sweep,4425,control,3,2,0.6691,0,0.2327,43,1,141.0
mech_md00_ppoff_r05,mechanism_sweep,4425,control,4,13,0.5058,0,0.2041,194,10,111.54
mech_md00_ppoff_r05,mechanism_sweep,4425,treatment,0,5,0.603,0,0.2667,103,1,108.6
mech_md00_ppoff_r05,mechanism_sweep,4425,treatment,1,7,0.6815,0,0.2241,144,4,101.43
mech_md00_ppoff_r05,mechanism_sweep,4425,treatment,2,7,0.6392,0,0.2883,134,9,125.57
mech_md00_ppoff_r05,mechanism_sweep,4425,treatment,3,5,0.6721,0,0.2429,108,4,121.2
mech_md00_ppoff_r05,mechanism_sweep,4425,treatment,4,5,0.5661,0,0.3121,76,4,114.4
mech_md00_ppoff_r05,mechanism_sweep,4562,control,0,4,0.6126,0,0.3073,72,1,86.25
mech_md00_ppoff_r05,mechanism_sweep,4562,control,1,1,0.7627,0,0.0,22,1,127.0
mech_md00_ppoff_r05,mechanism_sweep,4562,control,2,3,0.7053,0,0.1822,72,2,79.33
mech_md00_ppoff_r05,mechanism_sweep,4562,control,3,2,0.5706,0,0.2223,38,0,91.5
mech_md00_ppoff_r05,mechanism_sweep,4562,control,4,0,0,0,0,0,0,0
mech_md00_ppoff_r05,mechanism_sweep,4562,treatment,0,3,0.6193,0,0.3112,61,1,84.33
mech_md00_ppoff_r05,mechanism_sweep,4562,treatment,1,6,0.6218,0,0.3002,95,3,82.0
mech_md00_ppoff_r05,mechanism_sweep,4562,treatment,2,4,0.5137,0,0.2813,53,2,107.0
mech_md00_ppoff_r05,mechanism_sweep,4562,treatment,3,1,0.6349,0,0.0,18,0,116.0
mech_md00_ppoff_r05,mechanism_sweep,4562,treatment,4,0,0,0,0,0,0,0
mech_md00_ppoff_r05,mechanism_sweep,4699,control,0,4,0.6815,0,0.2958,79,4,114.75
mech_md00_ppoff_r05,mechanism_sweep,4699,control,1,6,0.6021,0,0.2416,117,4,92.33
mech_md00_ppoff_r05,mechanism_sweep,4699,control,2,1,0.7476,0,0.0,21,1,105.0
mech_md00_ppoff_r05,mechanism_sweep,4699,control,3,1,0.6688,0,0.0,18,1,13.0
mech_md00_ppoff_r05,mechanism_sweep,4699,control,4,7,0.4816,0,0.1842,83,4,112.71
mech_md00_ppoff_r05,mechanism_sweep,4699,treatment,0,9,0.6639,0,0.2589,178,6,99.78
mech_md00_ppoff_r05,mechanism_sweep,4699,treatment,1,9,0.6243,0,0.2674,161,5,108.0
mech_md00_ppoff_r05,mechanism_sweep,4699,treatment,2,12,0.4886,0,0.2182,166,6,80.0
mech_md00_ppoff_r05,mechanism_sweep,4699,treatment,3,4,0.6907,0,0.2439,80,4,107.5
mech_md00_ppoff_r05,mechanism_sweep,4699,treatment,4,5,0.6377,0,0.2673,99,0,107.8
mech_md00_ppoff_r05,mechanism_sweep,4836,control,0,4,0.6456,0,0.3319,83,1,121.75
mech_md00_ppoff_r05,mechanism_sweep,4836,control,1,10,0.4659,0,0.27,126,13,111.4
mech_md00_ppoff_r05,mechanism_sweep,4836,control,2,2,0.7361,0,0.1719,43,1,113.0
mech_md00_ppoff_r05,mechanism_sweep,4836,control,3,0,0,0,0,0,0,0
mech_md00_ppoff_r05,mechanism_sweep,4836,control,4,1,0.6983,0,0.0,21,1,110.0
mech_md00_ppoff_r05,mechanism_sweep,4836,treatment,0,16,0.6167,0,0.3042,307,16,114.25
mech_md00_ppoff_r05,mechanism_sweep,4836,treatment,1,5,0.5467,0,0.2946,92,0,100.2
mech_md00_ppoff_r05,mechanism_sweep,4836,treatment,2,4,0.6885,0,0.2536,89,3,114.0
mech_md00_ppoff_r05,mechanism_sweep,4836,treatment,3,8,0.5832,0,0.3054,155,1,96.5
mech_md00_ppoff_r05,mechanism_sweep,4836,treatment,4,6,0.5067,0,0.2662,89,1,85.67
mech_md00_ppoff_r05,mechanism_sweep,4973,control,0,6,0.5955,0,0.2554,116,1,96.33
mech_md00_ppoff_r05,mechanism_sweep,4973,control,1,8,0.6328,0,0.2475,155,8,116.12
mech_md00_ppoff_r05,mechanism_sweep,4973,control,2,23,0.4138,0,0.2453,251,19,98.09
mech_md00_ppoff_r05,mechanism_sweep,4973,control,3,4,0.5774,0,0.1927,68,2,76.75
mech_md00_ppoff_r05,mechanism_sweep,4973,control,4,9,0.569,0,0.2373,144,12,112.0
mech_md00_ppoff_r05,mechanism_sweep,4973,treatment,0,6,0.6694,0,0.3397,116,3,96.17
mech_md00_ppoff_r05,mechanism_sweep,4973,treatment,1,2,0.4844,0,0.3016,30,0,85.5
mech_md00_ppoff_r05,mechanism_sweep,4973,treatment,2,12,0.5643,0,0.2801,188,12,110.08
mech_md00_ppoff_r05,mechanism_sweep,4973,treatment,3,1,0.6035,0,0.0,25,0,189.0
mech_md00_ppoff_r05,mechanism_sweep,4973,treatment,4,5,0.6574,0,0.1042,67,4,130.4
mech_md00_ppoff_r10,mechanism_sweep,1000,control,0,2,0.6167,0,0.2905,36,0,99.5
mech_md00_ppoff_r10,mechanism_sweep,1000,control,1,0,0,0,0,0,0,0
mech_md00_ppoff_r10,mechanism_sweep,1000,control,2,4,0.6569,0,0.2604,92,0,117.0
mech_md00_ppoff_r10,mechanism_sweep,1000,control,3,1,0.6501,0,0.0,22,1,101.0
mech_md00_ppoff_r10,mechanism_sweep,1000,control,4,5,0.6024,0,0.1985,92,5,105.0
mech_md00_ppoff_r10,mechanism_sweep,1000,treatment,0,10,0.6023,0,0.3151,184,9,123.9
mech_md00_ppoff_r10,mechanism_sweep,1000,treatment,1,12,0.6639,0,0.2899,256,5,109.67
mech_md00_ppoff_r10,mechanism_sweep,1000,treatment,2,8,0.577,0,0.296,140,6,105.0
mech_md00_ppoff_r10,mechanism_sweep,1000,treatment,3,9,0.5191,0,0.1987,98,9,131.78
mech_md00_ppoff_r10,mechanism_sweep,1000,treatment,4,11,0.4224,0,0.1302,97,8,108.82
mech_md00_ppoff_r10,mechanism_sweep,1137,control,0,4,0.6478,0,0.3082,83,1,124.0
mech_md00_ppoff_r10,mechanism_sweep,1137,control,1,8,0.6582,0,0.2846,162,3,109.62
mech_md00_ppoff_r10,mechanism_sweep,1137,control,2,2,0.7375,0,0.2362,43,1,119.5
mech_md00_ppoff_r10,mechanism_sweep,1137,control,3,2,0.6401,0,0.2271,42,0,148.5
mech_md00_ppoff_r10,mechanism_sweep,1137,control,4,2,0.654,0,0.1709,41,1,105.0
mech_md00_ppoff_r10,mechanism_sweep,1137,treatment,0,1,0.7243,0,0.0,21,1,98.0
mech_md00_ppoff_r10,mechanism_sweep,1137,treatment,1,1,0.5914,0,0.0,20,0,100.0
mech_md00_ppoff_r10,mechanism_sweep,1137,treatment,2,4,0.619,0,0.3082,76,2,123.75
mech_md00_ppoff_r10,mechanism_sweep,1137,treatment,3,8,0.6735,0,0.214,123,14,124.12
mech_md00_ppoff_r10,mechanism_sweep,1137,treatment,4,12,0.5051,0,0.1759,139,12,118.25
mech_md00_ppoff_r10,mechanism_sweep,1274,control,0,3,0.6672,0,0.2438,56,2,71.67
mech_md00_ppoff_r10,mechanism_sweep,1274,control,1,1,0.7799,0,0.0,20,1,103.0
mech_md00_ppoff_r10,mechanism_sweep,1274,control,2,3,0.4704,0,0.2325,45,1,105.0
mech_md00_ppoff_r10,mechanism_sweep,1274,control,3,5,0.6158,0,0.1527,79,2,106.0
mech_md00_ppoff_r10,mechanism_sweep,1274,control,4,0,0,0,0,0,0,0
mech_md00_ppoff_r10,mechanism_sweep,1274,treatment,0,5,0.6688,0,0.2982,103,2,104.8
mech_md00_ppoff_r10,mechanism_sweep,1274,treatment,1,7,0.6633,0,0.2679,138,6,88.29
mech_md00_ppoff_r10,mechanism_sweep,1274,treatment,2,3,0.5965,0,0.3091,55,2,118.67
mech_md00_ppoff_r10,mechanism_sweep,1274,treatment,3,6,0.5313,0,0.2067,98,2,109.83
mech_md00_ppoff_r10,mechanism_sweep,1274,treatment,4,5,0.5394,0,0.176,85,1,107.8
mech_md00_ppoff_r10,mechanism_sweep,1411,control,0,5,0.6328,0,0.3204,96,1,82.4
mech_md00_ppoff_r10,mechanism_sweep,1411,control,1,4,0.6779,0,0.3459,81,0,100.25
mech_md00_ppoff_r10,mechanism_sweep,1411,control,2,1,0.6305,0,0.0,21,0,115.0
mech_md00_ppoff_r10,mechanism_sweep,1411,control,3,0,0,0,0,0,0,0
mech_md00_ppoff_r10,mechanism_sweep,1411,control,4,1,0.6073,0,0.0,14,0,94.0
mech_md00_ppoff_r10,mechanism_sweep,1411,treatment,0,4,0.5977,0,0.3146,85,0,136.25
mech_md00_ppoff_r10,mechanism_sweep,1411,treatment,1,3,0.7123,0,0.246,65,6,100.67
mech_md00_ppoff_r10,mechanism_sweep,1411,treatment,2,2,0.6705,0,0.3297,40,0,114.0
mech_md00_ppoff_r10,mechanism_sweep,1411,treatment,3,3,0.6556,0,0.3512,58,1,134.67
mech_md00_ppoff_r10,mechanism_sweep,1411,treatment,4,2,0.5518,0,0.2507,27,0,138.5
mech_md00_ppoff_r10,mechanism_sweep,1548,control,0,3,0.653,0,0.2709,66,3,82.0
mech_md00_ppoff_r10,mechanism_sweep,1548,control,1,4,0.61,0,0.2659,77,2,112.5
mech_md00_ppoff_r10,mechanism_sweep,1548,control,2,1,0.6196,0,0.0,21,0,163.0
mech_md00_ppoff_r10,mechanism_sweep,1548,control,3,2,0.6123,0,0.2969,38,0,91.5
mech_md00_ppoff_r10,mechanism_sweep,1548,control,4,1,0.6597,0,0.0,20,0,90.0
mech_md00_ppoff_r10,mechanism_sweep,1548,treatment,0,6,0.572,0,0.3115,107,1,92.67
mech_md00_ppoff_r10,mechanism_sweep,1548,treatment,1,6,0.6554,0,0.332,121,0,100.67
mech_md00_ppoff_r10,mechanism_sweep,1548,treatment,2,5,0.7198,0,0.2946,107,4,128.0
mech_md00_ppoff_r10,mechanism_sweep,1548,treatment,3,3,0.6243,0,0.2726,62,0,125.33
mech_md00_ppoff_r10,mechanism_sweep,1548,treatment,4,7,0.7065,0,0.2556,132,6,95.14
mech_md00_ppoff_r10,mechanism_sweep,1685,control,0,9,0.5849,0,0.2611,161,13,94.44
mech_md00_ppoff_r10,mechanism_sweep,1685,control,1,8,0.52,0,0.2823,122,10,112.38
mech_md00_ppoff_r10,mechanism_sweep,1685,control,2,3,0.6404,0,0.2859,61,4,104.0
mech_md00_ppoff_r10,mechanism_sweep,1685,control,3,22,0.5234,0,0.2203,320,30,113.59
mech_md00_ppoff_r10,mechanism_sweep,1685,control,4,2,0.6221,0,0.0329,42,2,110.0
mech_md00_ppoff_r10,mechanism_sweep,1685,treatment,0,6,0.6364,0,0.3316,113,5,111.67
mech_md00_ppoff_r10,mechanism_sweep,1685,treatment,1,5,0.6717,0,0.3637,106,4,87.0
mech_md00_ppoff_r10,mechanism_sweep,1685,treatment,2,10,0.6633,0,0.2568,209,11,97.2
mech_md00_ppoff_r10,mechanism_sweep,1685,treatment,3,10,0.6396,0,0.2536,186,10,104.6
mech_md00_ppoff_r10,mechanism_sweep,1685,treatment,4,4,0.668,0,0.3189,85,1,145.5
mech_md00_ppoff_r10,mechanism_sweep,1822,control,0,6,0.4931,0,0.3026,86,7,93.33
mech_md00_ppoff_r10,mechanism_sweep,1822,control,1,4,0.514,0,0.2768,69,0,91.25
mech_md00_ppoff_r10,mechanism_sweep,1822,control,2,1,0.5299,0,0.0,20,0,39.0
mech_md00_ppoff_r10,mechanism_sweep,1822,control,3,2,0.4952,0,0.1168,31,2,106.5
mech_md00_ppoff_r10,mechanism_sweep,1822,control,4,1,0.5699,0,0.0,37,0,119.0
mech_md00_ppoff_r10,mechanism_sweep,1822,treatment,0,3,0.5527,0,0.3877,48,0,135.67
mech_md00_ppoff_r10,mechanism_sweep,1822,treatment,1,3,0.4212,0,0.1833,32,0,120.67
mech_md00_ppoff_r10,mechanism_sweep,1822,treatment,2,1,0.6415,0,0.0,20,0,90.0
mech_md00_ppoff_r10,mechanism_sweep,1822,treatment,3,3,0.5118,0,0.0738,46,0,115.33
mech_md00_ppoff_r10,mechanism_sweep,1822,treatment,4,0,0,0,0,0,0,0
mech_md00_ppoff_r10,mechanism_sweep,1959,control,0,6,0.6941,0,0.3686,121,2,117.0
mech_md00_ppoff_r10,mechanism_sweep,1959,control,1,6,0.6827,0,0.3155,128,4,92.5
mech_md00_ppoff_r10,mechanism_sweep,1959,control,2,5,0.6241,0,0.2926,86,2,110.6
mech_md00_ppoff_r10,mechanism_sweep,1959,control,3,15,0.4911,0,0.1667,172,13,107.2
mech_md00_ppoff_r10,mechanism_sweep,1959,control,4,10,0.5294,0,0.1686,135,4,117.8
mech_md00_ppoff_r10,mechanism_sweep,1959,treatment,0,11,0.6113,0,0.3132,198,5,103.82
mech_md00_ppoff_r10,mechanism_sweep,1959,treatment,1,14,0.5485,0,0.265,213,13,103.29
mech_md00_ppoff_r10,mechanism_sweep,1959,treatment,2,14,0.5876,0,0.26,225,12,105.57
mech_md00_ppoff_r10,mechanism_sweep,1959,treatment,3,14,0.5776,0,0.2657,227,4,110.79
mech_md00_ppoff_r10,mechanism_sweep,1959,treatment,4,12,0.4474,0,0.2404,134,10,122.33
mech_md00_ppoff_r10,mechanism_sweep,2096,control,0,6,0.646,0,0.312,119,2,121.0
mech_md00_ppoff_r10,mechanism_sweep,2096,control,1,2,0.5221,0,0.2258,32,0,116.5
mech_md00_ppoff_r10,mechanism_sweep,2096,control,2,4,0.6416,0,0.2455,81,2,108.5
mech_md00_ppoff_r10,mechanism_sweep,2096,control,3,1,0.7051,0,0.0,41,1,60.0
mech_md00_ppoff_r10,mechanism_sweep,2096,control,4,3,0.5813,0,0.3595,60,1,61.0
mech_md00_ppoff_r10,mechanism_sweep,2096,treatment,0,7,0.6556,0,0.2808,143,3,101.29
mech_md00_ppoff_r10,mechanism_sweep,2096,treatment,1,10,0.7009,0,0.2926,228,6,100.8
mech_md00_ppoff_r10,mechanism_sweep,2096,treatment,2,8,0.5739,0,0.268,143,3,121.0
mech_md00_ppoff_r10,mechanism_sweep,2096,treatment,3,3,0.6546,0,0.2749,66,1,73.67
mech_md00_ppoff_r10,mechanism_sweep,2096,treatment,4,3,0.6897,0,0.061,61,2,124.0
mech_md00_ppoff_r10,mechanism_sweep,2233,control,0,3,0.7385,0,0.3217,65,4,115.0
mech_md00_ppoff_r10,mechanism_sweep,2233,control,1,0,0,0,0,0,0,0
mech_md00_ppoff_r10,mechanism_sweep,2233,control,2,2,0.569,0,0.3142,36,0,108.5
mech_md00_ppoff_r10,mechanism_sweep,2233,control,3,9,0.4806,0,0.0825,92,11,93.67
mech_md00_ppoff_r10,mechanism_sweep,2233,control,4,11,0.529,0,0.2327,124,7,92.18
mech_md00_ppoff_r10,mechanism_sweep,2233,treatment,0,2,0.6577,0,0.5096,41,0,125.0
mech_md00_ppoff_r10,mechanism_sweep,2233,treatment,1,5,0.5991,0,0.3106,99,0,92.4
mech_md00_ppoff_r10,mechanism_sweep,2233,treatment,2,3,0.7081,0,0.362,64,2,120.33
mech_md00_ppoff_r10,mechanism_sweep,2233,treatment,3,1,0.5628,0,0.0,20,0,100.0
mech_md00_ppoff_r10,mechanism_sweep,2233,treatment,4,3,0.6544,0,0.3659,53,1,132.0
mech_md00_ppoff_r10,mechanism_sweep,2370,control,0,6,0.6315,0,0.3552,116,3,105.33
mech_md00_ppoff_r10,mechanism_sweep,2370,control,1,10,0.5958,0,0.312,183,7,87.7
mech_md00_ppoff_r10,mechanism_sweep,2370,control,2,10,0.562,0,0.263,161,9,96.5
mech_md00_ppoff_r10,mechanism_sweep,2370,control,3,3,0.6465,0,0.2825,64,1,109.0
mech_md00_ppoff_r10,mechanism_sweep,2370,control,4,6,0.5832,0,0.2273,120,2,87.33
mech_md00_ppoff_r10,mechanism_sweep,2370,treatment,0,5,0.5893,0,0.3901,101,0,97.6
mech_md00_ppoff_r10,mechanism_sweep,2370,treatment,1,4,0.7167,0,0.3501,84,2,126.75
mech_md00_ppoff_r10,mechanism_sweep,2370,treatment,2,4,0.647,0,0.3364,82,3,87.0
mech_md00_ppoff_r10,mechanism_sweep,2370,treatment,3,1,0.7062,0,0.0,20,0,100.0
mech_md00_ppoff_r10,mechanism_sweep,2370,treatment,4,2,0.6416,0,0.2502,39,0,64.0
mech_md00_ppoff_r10,mechanism_sweep,2507,control,0,3,0.6603,0,0.315,61,0,107.0
mech_md00_ppoff_r10,mechanism_sweep,2507,control,1,4,0.7044,0,0.3092,86,2,139.5
mech_md00_ppoff_r10,mechanism_sweep,2507,control,2,6,0.6326,0,0.3592,121,1,106.17
mech_md00_ppoff_r10,mechanism_sweep,2507,control,3,8,0.6398,0,0.2785,162,1,100.75
mech_md00_ppoff_r10,mechanism_sweep,2507,control,4,1,0.6721,0,0.0,20,0,100.0
mech_md00_ppoff_r10,mechanism_sweep,2507,treatment,0,6,0.6277,0,0.3554,128,1,104.33
mech_md00_ppoff_r10,mechanism_sweep,2507,treatment,1,3,0.5291,0,0.1271,60,0,61.0
mech_md00_ppoff_r10,mechanism_sweep,2507,treatment,2,3,0.62,0,0.3314,62,0,115.33
mech_md00_ppoff_r10,mechanism_sweep,2507,treatment,3,1,0.7396,0,0.0,20,0,103.0
mech_md00_ppoff_r10,mechanism_sweep,2507,treatment,4,3,0.5691,0,0.3425,52,1,106.33
mech_md00_ppoff_r10,mechanism_sweep,2644,control,0,2,0.629,0,0.2272,45,1,137.5
mech_md00_ppoff_r10,mechanism_sweep,2644,control,1,3,0.6371,0,0.224,60,0,96.67
mech_md00_ppoff_r10,mechanism_sweep,2644,control,2,1,0.7188,0,0.0,22,2,120.0
mech_md00_ppoff_r10,mechanism_sweep,2644,control,3,2,0.5443,0,0.3107,38,0,76.0
mech_md00_ppoff_r10,mechanism_sweep,2644,control,4,0,0,0,0,0,0,0
mech_md00_ppoff_r10,mechanism_sweep,2644,treatment,0,2,0.6733,0,0.2766,40,0,99.5
mech_md00_ppoff_r10,mechanism_sweep,2644,treatment,1,8,0.5834,0,0.2981,140,3,111.88
mech_md00_ppoff_r10,mechanism_sweep,2644,treatment,2,2,0.6787,0,0.3118,44,2,148.5
mech_md00_ppoff_r10,mechanism_sweep,2644,treatment,3,3,0.6424,0,0.2859,69,3,107.67
mech_md00_ppoff_r10,mechanism_sweep,2644,treatment,4,0,0,0,0,0,0,0
mech_md00_ppoff_r10,mechanism_sweep,2781,control,0,7,0.636,0,0.2764,151,5,103.14
mech_md00_ppoff_r10,mechanism_sweep,2781,control,1,8,0.632,0,0.2849,144,3,101.88
mech_md00_ppoff_r10,mechanism_sweep,2781,control,2,1,0.8682,0,0.0,22,2,120.0
mech_md00_ppoff_r10,mechanism_sweep,2781,control,3,3,0.6979,0,0.2621,62,1,112.33
mech_md00_ppoff_r10,mechanism_sweep,2781,control,4,3,0.6628,0,0.3218,59,1,101.33
mech_md00_ppoff_r10,mechanism_sweep,2781,treatment,0,6,0.612,0,0.3012,113,4,90.0
mech_md00_ppoff_r10,mechanism_sweep,2781,treatment,1,6,0.7059,0,0.3006,131,2,124.67
mech_md00_ppoff_r10,mechanism_sweep,2781,treatment,2,2,0.6172,0,0.1952,42,2,109.5
mech_md00_ppoff_r10,mechanism_sweep,2781,treatment,3,3,0.6908,0,0.266,63,0,134.0
mech_md00_ppoff_r10,mechanism_sweep,2781,treatment,4,2,0.6283,0,0.3789,39,0,75.0
mech_md00_ppoff_r10,mechanism_sweep,2918,control,0,5,0.6191,0,0.3649,89,0,110.6
mech_md00_ppoff_r10,mechanism_sweep,2918,control,1,6,0.5514,0,0.2627,98,4,120.67
mech_md00_ppoff_r10,mechanism_sweep,2918,control,2,32,0.4556,0,0.1216,344,42,117.41
mech_md00_ppoff_r10,mechanism_sweep,2918,control,3,16,0.3775,0,0.1803,153,17,112.44
mech_md00_ppoff_r10,mechanism_sweep,2918,control,4,8,0.588,0,0.0966,117,9,118.0
mech_md00_ppoff_r10,mechanism_sweep,2918,treatment,0,5,0.5891,0,0.3262,87,0,96.8
mech_md00_ppoff_r10,mechanism_sweep,2918,treatment,1,3,0.5694,0,0.2859,56,0,111.33
mech_md00_ppoff_r10,mechanism_sweep,2918,treatment,2,4,0.829,0,0.2224,86,5,146.0
mech_md00_ppoff_r10,mechanism_sweep,2918,treatment,3,16,0.5878,0,0.2241,256,17,96.06
mech_md00_ppoff_r10,mechanism_sweep,2918,treatment,4,11,0.6062,0,0.221,166,7,101.64
mech_md00_ppoff_r10,mechanism_sweep,3055,control,0,7,0.6098,0,0.3416,143,0,107.14
mech_md00_ppoff_r10,mechanism_sweep,3055,control,1,5,0.5451,0,0.2806,77,4,122.0
mech_md00_ppoff_r10,mechanism_sweep,3055,control,2,0,0,0,0,0,0,0
mech_md00_ppoff_r10,mechanism_sweep,3055,control,3,11,0.4894,0,0.267,157,4,102.73
mech_md00_ppoff_r10,mechanism_sweep,3055,control,4,4,0.3841,0,0.2716,45,1,74.5
mech_md00_ppoff_r10,mechanism_sweep,3055,treatment,0,2,0.7173,0,0.3384,43,0,160.5
mech_md00_ppoff_r10,mechanism_sweep,3055,treatment,1,0,0,0,0,0,0,0
mech_md00_ppoff_r10,mechanism_sweep,3055,treatment,2,2,0.6734,0,0.4581,42,0,118.5
mech_md00_ppoff_r10,mechanism_sweep,3055,treatment,3,3,0.5297,0,0.2764,42,0,107.0
mech_md00_ppoff_r10,mechanism_sweep,3055,treatment,4,4,0.4849,0,0.1824,52,1,86.25
mech_md00_ppoff_r10,mechanism_sweep,3192,control,0,2,0.6292,0,0.2497,42,1,112.5
mech_md00_ppoff_r10,mechanism_sweep,3192,control,1,4,0.649,0,0.2669,81,2,90.75
mech_md00_ppoff_r10,mechanism_sweep,3192,control,2,0,0,0,0,0,0,0
mech_md00_ppoff_r10,mechanism_sweep,3192,control,3,3,0.6468,0,0.3146,64,1,139.67
mech_md00_ppoff_r10,mechanism_sweep,3192,control,4,4,0.5342,0,0.113,67,7,120.25
mech_md00_ppoff_r10,mechanism_sweep,3192,treatment,0,2,0.4901,0,0.2497,34,0,115.5
mech_md00_ppoff_r10,mechanism_sweep,3192,treatment,1,0,0,0,0,0,0,0
mech_md00_ppoff_r10,mechanism_sweep,3192,treatment,2,7,0.6357,0,0.2858,134,7,102.57
mech_md00_ppoff_r10,mechanism_sweep,3192,treatment,3,3,0.6516,0,0.2352,61,0,92.67
mech_md00_ppoff_r10,mechanism_sweep,3192,treatment,4,13,0.5608,0,0.269,194,6,91.92
mech_md00_ppoff_r10,mechanism_sweep,3329,control,0,5,0.6206,0,0.355,110,0,103.8
mech_md00_ppoff_r10,mechanism_sweep,3329,control,1,3,0.6509,0,0.3301,61,0,111.33
mech_md00_ppoff_r10,mechanism_sweep,3329,control,2,4,0.6284,0,0.1994,83,4,120.5
mech_md00_ppoff_r10,mechanism_sweep,3329,control,3,2,0.5919,0,0.2128,42,0,122.5
mech_md00_ppoff_r10,mechanism_sweep,3329,control,4,1,0.6198,0,0.0,21,0,117.0
mech_md00_ppoff_r10,mechanism_sweep,3329,treatment,0,2,0.599,0,0.381,41,0,118.5
mech_md00_ppoff_r10,mechanism_sweep,3329,treatment,1,3,0.7401,0,0.3967,65,3,124.33
mech_md00_ppoff_r10,mechanism_sweep,3329,treatment,2,1,0.6613,0,0.0,20,0,100.0
mech_md00_ppoff_r10,mechanism_sweep,3329,treatment,3,1,0.733,0,0.0,21,1,110.0
mech_md00_ppoff_r10,mechanism_sweep,3329,treatment,4,4,0.6391,0,0.2869,81,1,120.0
mech_md00_ppoff_r10,mechanism_sweep,3466,control,0,2,0.6487,0,0.3351,41,1,101.0
mech_md00_ppoff_r10,mechanism_sweep,3466,control,1,14,0.5418,0,0.2512,216,17,101.93
mech_md00_ppoff_r10,mechanism_sweep,3466,control,2,7,0.4855,0,0.2032,99,3,89.29
mech_md00_ppoff_r10,mechanism_sweep,3466,control,3,27,0.4596,0,0.2371,345,36,86.96
mech_md00_ppoff_r10,mechanism_sweep,3466,control,4,11,0.4468,0,0.1648,131,19,99.91
mech_md00_ppoff_r10,mechanism_sweep,3466,treatment,0,5,0.6581,0,0.3163,99,1,83.0
mech_md00_ppoff_r10,mechanism_sweep,3466,treatment,1,7,0.6675,0,0.2619,134,3,107.0
mech_md00_ppoff_r10,mechanism_sweep,3466,treatment,2,2,0.6913,0,0.0472,38,0,47.0
mech_md00_ppoff_r10,mechanism_sweep,3466,treatment,3,9,0.6907,0,0.2535,172,13,100.22
mech_md00_ppoff_r10,mechanism_sweep,3466,treatment,4,1,0.7328,0,0.0,20,0,100.0
mech_md00_ppoff_r10,mechanism_sweep,3603,control,0,7,0.6289,0,0.3026,140,1,93.0
mech_md00_ppoff_r10,mechanism_sweep,3603,control,1,2,0.7775,0,0.2689,43,4,91.0
mech_md00_ppoff_r10,mechanism_sweep,3603,control,2,1,0.5722,0,0.0,20,0,100.0
mech_md00_ppoff_r10,mechanism_sweep,3603,control,3,4,0.5341,0,0.3326,65,1,103.5
mech_md00_ppoff_r10,mechanism_sweep,3603,control,4,3,0.7592,0,0.1169,66,5,133.0
mech_md00_ppoff_r10,mechanism_sweep,3603,treatment,0,3,0.6104,0,0.3539,60,0,101.0
mech_md00_ppoff_r10,mechanism_sweep,3603,treatment,1,3,0.669,0,0.2444,63,0,121.0
mech_md00_ppoff_r10,mechanism_sweep,3603,treatment,2,6,0.7054,0,0.2743,124,5,96.67
mech_md00_ppoff_r10,mechanism_sweep,3603,treatment,3,2,0.5951,0,0.3426,33,0,101.5
mech_md00_ppoff_r10,mechanism_sweep,3603,treatment,4,1,0.6702,0,0.0,20,0,89.0
mech_md00_ppoff_r10,mechanism_sweep,3740,control,0,7,0.6382,0,0.3285,144,2,106.29
mech_md00_ppoff_r10,mechanism_sweep,3740,control,1,6,0.5857,0,0.2611,106,2,100.33
mech_md00_ppoff_r10,mechanism_sweep,3740,control,2,7,0.6935,0,0.2708,140,4,106.86
mech_md00_ppoff_r10,mechanism_sweep,3740,control,3,3,0.7336,0,0.1772,63,0,133.0
mech_md00_ppoff_r10,mechanism_sweep,3740,control,4,2,0.8129,0,0.2647,43,3,115.0
mech_md00_ppoff_r10,mechanism_sweep,3740,treatment,0,13,0.545,0,0.2589,221,11,112.38
mech_md00_ppoff_r10,mechanism_sweep,3740,treatment,1,7,0.6437,0,0.2547,145,2,97.43
mech_md00_ppoff_r10,mechanism_sweep,3740,treatment,2,8,0.6868,0,0.3174,158,10,77.38
mech_md00_ppoff_r10,mechanism_sweep,3740,treatment,3,9,0.6148,0,0.2681,167,2,105.67
mech_md00_ppoff_r10,mechanism_sweep,3740,treatment,4,4,0.6251,0,0.2828,65,4,117.5
mech_md00_ppoff_r10,mechanism_sweep,3877,control,0,5,0.6874,0,0.2605,103,2,97.0
mech_md00_ppoff_r10,mechanism_sweep,3877,control,1,3,0.7159,0,0.1595,65,2,135.33
mech_md00_ppoff_r10,mechanism_sweep,3877,control,2,3,0.6671,0,0.1778,60,3,132.0
mech_md00_ppoff_r10,mechanism_sweep,3877,control,3,9,0.4727,0,0.1487,123,14,110.0
mech_md00_ppoff_r10,mechanism_sweep,3877,control,4,3,0.4268,0,0.1318,41,2,109.0
mech_md00_ppoff_r10,mechanism_sweep,3877,treatment,0,6,0.608,0,0.3039,116,2,112.17
mech_md00_ppoff_r10,mechanism_sweep,3877,treatment,1,2,0.5639,0,0.0774,41,0,121.0
mech_md00_ppoff_r10,mechanism_sweep,3877,treatment,2,0,0,0,0,0,0,0
mech_md00_ppoff_r10,mechanism_sweep,3877,treatment,3,1,0.5113,0,0.0,13,0,115.0
mech_md00_ppoff_r10,mechanism_sweep,3877,treatment,4,1,0.56,0,0.0,19,1,10.0
mech_md00_ppoff_r10,mechanism_sweep,4014,control,0,8,0.709,0,0.2891,170,7,107.88
mech_md00_ppoff_r10,mechanism_sweep,4014,control,1,9,0.6016,0,0.2537,166,6,108.44
mech_md00_ppoff_r10,mechanism_sweep,4014,control,2,8,0.5814,0,0.2115,143,5,112.0
mech_md00_ppoff_r10,mechanism_sweep,4014,control,3,50,0.474,0,0.2292,666,81,111.56
mech_md00_ppoff_r10,mechanism_sweep,4014,control,4,12,0.5621,0,0.1733,196,13,119.67
mech_md00_ppoff_r10,mechanism_sweep,4014,treatment,0,10,0.5991,0,0.2912,186,5,95.6
mech_md00_ppoff_r10,mechanism_sweep,4014,treatment,1,1,0.5625,0,0.0,19,0,50.0
mech_md00_ppoff_r10,mechanism_sweep,4014,treatment,2,7,0.5209,0,0.2866,125,1,95.86
mech_md00_ppoff_r10,mechanism_sweep,4014,treatment,3,0,0,0,0,0,0,0
mech_md00_ppoff_r10,mechanism_sweep,4014,treatment,4,0,0,0,0,0,0,0
mech_md00_ppoff_r10,mechanism_sweep,4151,control,0,3,0.5273,0,0.301,49,3,124.67
mech_md00_ppoff_r10,mechanism_sweep,4151,control,1,5,0.6562,0,0.3512,102,2,104.0
mech_md00_ppoff_r10,mechanism_sweep,4151,control,2,0,0,0,0,0,0,0
mech_md00_ppoff_r10,mechanism_sweep,4151,control,3,2,0.7289,0,0.246,41,1,103.5
mech_md00_ppoff_r10,mechanism_sweep,4151,control,4,2,0.6521,0,0.2304,37,2,101.0
mech_md00_ppoff_r10,mechanism_sweep,4151,treatment,0,9,0.582,0,0.3244,175,4,97.22
mech_md00_ppoff_r10,mechanism_sweep,4151,treatment,1,1,0.6455,0,0.0,15,0,112.0
mech_md00_ppoff_r10,mechanism_sweep,4151,treatment,2,22,0.4213,0,0.262,271,26,104.0
mech_md00_ppoff_r10,mechanism_sweep,4151,treatment,3,7,0.4938,0,0.2885,97,3,134.57
mech_md00_ppoff_r10,mechanism_sweep,4151,treatment,4,29,0.4424,0,0.2619,355,25,117.0
mech_md00_ppoff_r10,mechanism_sweep,4288,control,0,2,0.6489,0,0.2362,44,1,146.5
mech_md00_ppoff_r10,mechanism_sweep,4288,control,1,10,0.6308,0,0.2887,194,12,125.4
mech_md00_ppoff_r10,mechanism_sweep,4288,control,2,7,0.5762,0,0.2774,135,1,109.57
mech_md00_ppoff_r10,mechanism_sweep,4288,control,3,6,0.6408,0,0.3137,111,2,98.33
mech_md00_ppoff_r10,mechanism_sweep,4288,control,4,6,0.6362,0,0.3221,113,0,125.83
mech_md00_ppoff_r10,mechanism_sweep,4288,treatment,0,15,0.6726,0,0.3208,314,9,108.33
mech_md00_ppoff_r10,mechanism_sweep,4288,treatment,1,11,0.6737,0,0.2877,207,13,107.82
mech_md00_ppoff_r10,mechanism_sweep,4288,treatment,2,2,0.6725,0,0.3084,35,2,93.0
mech_md00_ppoff_r10,mechanism_sweep,4288,treatment,3,11,0.6448,0,0.2311,217,7,114.09
mech_md00_ppoff_r10,mechanism_sweep,4288,treatment,4,4,0.6029,0,0.3192,74,0,85.5
mech_md00_ppoff_r10,mechanism_sweep,4425,control,0,8,0.537,0,0.2318,137,10,108.12
mech_md00_ppoff_r10,mechanism_sweep,4425,control,1,1,0.6079,0,0.0,20,0,93.0
mech_md00_ppoff_r10,mechanism_sweep,4425,control,2,6,0.599,0,0.246,117,2,110.33
mech_md00_ppoff_r10,mechanism_sweep,4425,control,3,2,0.6691,0,0.2327,43,1,141.0
mech_md00_ppoff_r10,mechanism_sweep,4425,control,4,13,0.5058,0,0.2041,194,10,111.54
mech_md00_ppoff_r10,mechanism_sweep,4425,treatment,0,8,0.6757,0,0.2698,170,6,112.0
mech_md00_ppoff_r10,mechanism_sweep,4425,treatment,1,6,0.5125,0,0.1684,84,5,112.83
mech_md00_ppoff_r10,mechanism_sweep,4425,treatment,2,5,0.5934,0,0.2136,93,1,110.4
mech_md00_ppoff_r10,mechanism_sweep,4425,treatment,3,6,0.589,0,0.302,108,2,120.17
mech_md00_ppoff_r10,mechanism_sweep,4425,treatment,4,4,0.6467,0,0.1943,71,0,91.5
mech_md00_ppoff_r10,mechanism_sweep,4562,control,0,4,0.6126,0,0.3073,72,1,86.25
mech_md00_ppoff_r10,mechanism_sweep,4562,control,1,1,0.7627,0,0.0,22,1,127.0
mech_md00_ppoff_r10,mechanism_sweep,4562,control,2,3,0.7053,0,0.1822,72,2,79.33
mech_md00_ppoff_r10,mechanism_sweep,4562,control,3,2,0.5706,0,0.2223,38,0,91.5
mech_md00_ppoff_r10,mechanism_sweep,4562,control,4,0,0,0,0,0,0,0
mech_md00_ppoff_r10,mechanism_sweep,4562,treatment,0,6,0.5516,0,0.3282,114,2,123.33
mech_md00_ppoff_r10,mechanism_sweep,4562,treatment,1,5,0.6047,0,0.2635,106,2,95.6
mech_md00_ppoff_r10,mechanism_sweep,4562,treatment,2,0,0,0,0,0,0,0
mech_md00_ppoff_r10,mechanism_sweep,4562,treatment,3,5,0.6277,0,0.2304,89,1,132.2
mech_md00_ppoff_r10,mechanism_sweep,4562,treatment,4,6,0.6446,0,0.2764,127,2,109.83
mech_md00_ppoff_r10,mechanism_sweep,4699,control,0,4,0.6815,0,0.2958,79,4,114.75
mech_md00_ppoff_r10,mechanism_sweep,4699,control,1,6,0.6021,0,0.2416,117,4,92.33
mech_md00_ppoff_r10,mechanism_sweep,4699,control,2,1,0.7476,0,0.0,21,1,105.0
mech_md00_ppoff_r10,mechanism_sweep,4699,control,3,1,0.6688,0,0.0,18,1,13.0
mech_md00_ppoff_r10,mechanism_sweep,4699,control,4,7,0.4816,0,0.1842,83,4,112.71
mech_md00_ppoff_r10,mechanism_sweep,4699,treatment,0,7,0.5763,0,0.2707,137,2,123.57
mech_md00_ppoff_r10,mechanism_sweep,4699,treatment,1,7,0.5967,0,0.2165,134,8,111.71
mech_md00_ppoff_r10,mechanism_sweep,4699,treatment,2,7,0.5219,0,0.192,112,8,105.86
mech_md00_ppoff_r10,mechanism_sweep,4699,treatment,3,15,0.5365,0,0.2698,240,10,103.6
mech_md00_ppoff_r10,mechanism_sweep,4699,treatment,4,9,0.5567,0,0.2161,145,3,79.67
mech_md00_ppoff_r10,mechanism_sweep,4836,control,0,4,0.6456,0,0.3319,83,1,121.75
mech_md00_ppoff_r10,mechanism_sweep,4836,control,1,10,0.4659,0,0.27,126,13,111.4
mech_md00_ppoff_r10,mechanism_sweep,4836,control,2,2,0.7361,0,0.1719,43,1,113.0
mech_md00_ppoff_r10,mechanism_sweep,4836,control,3,0,0,0,0,0,0,0
mech_md00_ppoff_r10,mechanism_sweep,4836,control,4,1,0.6983,0,0.0,21,1,110.0
mech_md00_ppoff_r10,mechanism_sweep,4836,treatment,0,8,0.6203,0,0.3269,154,3,100.38
mech_md00_ppoff_r10,mechanism_sweep,4836,treatment,1,7,0.6561,0,0.3282,162,3,110.71
mech_md00_ppoff_r10,mechanism_sweep,4836,treatment,2,5,0.7318,0,0.3341,113,5,124.4
mech_md00_ppoff_r10,mechanism_sweep,4836,treatment,3,8,0.6603,0,0.3184,152,4,99.12
mech_md00_ppoff_r10,mechanism_sweep,4836,treatment,4,3,0.6778,0,0.3119,60,0,133.33
mech_md00_ppoff_r10,mechanism_sweep,4973,control,0,6,0.5955,0,0.2554,116,1,96.33
mech_md00_ppoff_r10,mechanism_sweep,4973,control,1,8,0.6328,0,0.2475,155,8,116.12
mech_md00_ppoff_r10,mechanism_sweep,4973,control,2,23,0.4138,0,0.2453,251,19,98.09
mech_md00_ppoff_r10,mechanism_sweep,4973,control,3,4,0.5774,0,0.1927,68,2,76.75
mech_md00_ppoff_r10,mechanism_sweep,4973,control,4,9,0.569,0,0.2373,144,12,112.0
mech_md00_ppoff_r10,mechanism_sweep,4973,treatment,0,11,0.5408,0,0.254,186,11,100.55
mech_md00_ppoff_r10,mechanism_sweep,4973,treatment,1,6,0.7176,0,0.2997,126,5,107.83
mech_md00_ppoff_r10,mechanism_sweep,4973,treatment,2,8,0.5429,0,0.2581,119,6,119.62
mech_md00_ppoff_r10,mechanism_sweep,4973,treatment,3,18,0.4955,0,0.257,244,13,86.44
mech_md00_ppoff_r10,mechanism_sweep,4973,treatment,4,6,0.6635,0,0.1988,113,3,125.0
mech_md00_ppoff_r20,mechanism_sweep,1000,control,0,2,0.6167,0,0.2905,36,0,99.5
mech_md00_ppoff_r20,mechanism_sweep,1000,control,1,0,0,0,0,0,0,0
mech_md00_ppoff_r20,mechanism_sweep,1000,control,2,4,0.6569,0,0.2604,92,0,117.0
mech_md00_ppoff_r20,mechanism_sweep,1000,control,3,1,0.6501,0,0.0,22,1,101.0
mech_md00_ppoff_r20,mechanism_sweep,1000,control,4,5,0.6024,0,0.1985,92,5,105.0
mech_md00_ppoff_r20,mechanism_sweep,1000,treatment,0,19,0.5556,0,0.3031,317,6,109.26
mech_md00_ppoff_r20,mechanism_sweep,1000,treatment,1,8,0.6246,0,0.3202,156,2,109.12
mech_md00_ppoff_r20,mechanism_sweep,1000,treatment,2,22,0.6224,0,0.2552,371,22,101.86
mech_md00_ppoff_r20,mechanism_sweep,1000,treatment,3,7,0.6471,0,0.1581,126,5,88.29
mech_md00_ppoff_r20,mechanism_sweep,1000,treatment,4,30,0.4983,0,0.2033,359,44,109.6
mech_md00_ppoff_r20,mechanism_sweep,1137,control,0,4,0.6478,0,0.3082,83,1,124.0
mech_md00_ppoff_r20,mechanism_sweep,1137,control,1,8,0.6582,0,0.2846,162,3,109.62
mech_md00_ppoff_r20,mechanism_sweep,1137,control,2,2,0.7375,0,0.2362,43,1,119.5
mech_md00_ppoff_r20,mechanism_sweep,1137,control,3,2,0.6401,0,0.2271,42,0,148.5
mech_md00_ppoff_r20,mechanism_sweep,1137,control,4,2,0.654,0,0.1709,41,1,105.0
mech_md00_ppoff_r20,mechanism_sweep,1137,treatment,0,2,0.5991,0,0.3412,41,1,104.5
mech_md00_ppoff_r20,mechanism_sweep,1137,treatment,1,6,0.6117,0,0.3073,135,2,119.67
mech_md00_ppoff_r20,mechanism_sweep,1137,treatment,2,4,0.5968,0,0.2275,75,1,121.0
mech_md00_ppoff_r20,mechanism_sweep,1137,treatment,3,6,0.7606,0,0.2441,130,4,122.0
mech_md00_ppoff_r20,mechanism_sweep,1137,treatment,4,5,0.7233,0,0.2652,98,3,104.2
mech_md00_ppoff_r20,mechanism_sweep,1274,control,0,3,0.6672,0,0.2438,56,2,71.67
mech_md00_ppoff_r20,mechanism_sweep,1274,control,1,1,0.7799,0,0.0,20,1,103.0
mech_md00_ppoff_r20,mechanism_sweep,1274,control,2,3,0.4704,0,0.2325,45,1,105.0
mech_md00_ppoff_r20,mechanism_sweep,1274,control,3,5,0.6158,0,0.1527,79,2,106.0
mech_md00_ppoff_r20,mechanism_sweep,1274,control,4,0,0,0,0,0,0,0
mech_md00_ppoff_r20,mechanism_sweep,1274,treatment,0,13,0.5839,0,0.301,233,9,95.54
mech_md00_ppoff_r20,mechanism_sweep,1274,treatment,1,11,0.6187,0,0.2859,223,2,121.73
mech_md00_ppoff_r20,mechanism_sweep,1274,treatment,2,14,0.6312,0,0.2854,275,7,101.86
mech_md00_ppoff_r20,mechanism_sweep,1274,treatment,3,4,0.5879,0,0.2809,71,0,116.0
mech_md00_ppoff_r20,mechanism_sweep,1274,treatment,4,3,0.5809,0,0.2814,49,2,101.33
mech_md00_ppoff_r20,mechanism_sweep,1411,control,0,5,0.6328,0,0.3204,96,1,82.4
mech_md00_ppoff_r20,mechanism_sweep,1411,control,1,4,0.6779,0,0.3459,81,0,100.25
mech_md00_ppoff_r20,mechanism_sweep,1411,control,2,1,0.6305,0,0.0,21,0,115.0
mech_md00_ppoff_r20,mechanism_sweep,1411,control,3,0,0,0,0,0,0,0
mech_md00_ppoff_r20,mechanism_sweep,1411,control,4,1,0.6073,0,0.0,14,0,94.0
mech_md00_ppoff_r20,mechanism_sweep,1411,treatment,0,7,0.6543,0,0.2937,147,3,109.43
mech_md00_ppoff_r20,mechanism_sweep,1411,treatment,1,10,0.582,0,0.2799,180,7,101.9
mech_md00_ppoff_r20,mechanism_sweep,1411,treatment,2,10,0.6199,0,0.3131,198,2,111.3
mech_md00_ppoff_r20,mechanism_sweep,1411,treatment,3,4,0.622,0,0.2781,75,0,109.25
mech_md00_ppoff_r20,mechanism_sweep,1411,treatment,4,13,0.7451,0,0.2406,235,17,110.69
mech_md00_ppoff_r20,mechanism_sweep,1548,control,0,3,0.653,0,0.2709,66,3,82.0
mech_md00_ppoff_r20,mechanism_sweep,1548,control,1,4,0.61,0,0.2659,77,2,112.5
mech_md00_ppoff_r20,mechanism_sweep,1548,control,2,1,0.6196,0,0.0,21,0,163.0
mech_md00_ppoff_r20,mechanism_sweep,1548,control,3,2,0.6123,0,0.2969,38,0,91.5
mech_md00_ppoff_r20,mechanism_sweep,1548,control,4,1,0.6597,0,0.0,20,0,90.0
mech_md00_ppoff_r20,mechanism_sweep,1548,treatment,0,7,0.6021,0,0.3065,140,0,106.86
mech_md00_ppoff_r20,mechanism_sweep,1548,treatment,1,4,0.6624,0,0.3443,83,2,111.5
mech_md00_ppoff_r20,mechanism_sweep,1548,treatment,2,8,0.6394,0,0.2857,157,1,95.88
mech_md00_ppoff_r20,mechanism_sweep,1548,treatment,3,2,0.6392,0,0.087,48,1,145.5
mech_md00_ppoff_r20,mechanism_sweep,1548,treatment,4,4,0.7222,0,0.2664,79,4,120.25
mech_md00_ppoff_r20,mechanism_sweep,1685,control,0,9,0.5849,0,0.2611,161,13,94.44
mech_md00_ppoff_r20,mechanism_sweep,1685,control,1,8,0.52,0,0.2823,122,10,112.38
mech_md00_ppoff_r20,mechanism_sweep,1685,control,2,3,0.6404,0,0.2859,61,4,104.0
mech_md00_ppoff_r20,mechanism_sweep,1685,control,3,22,0.5234,0,0.2203,320,30,113.59
mech_md00_ppoff_r20,mechanism_sweep,1685,control,4,2,0.6221,0,0.0329,42,2,110.0
mech_md00_ppoff_r20,mechanism_sweep,1685,treatment,0,8,0.6122,0,0.3685,149,0,126.0
mech_md00_ppoff_r20,mechanism_sweep,1685,treatment,1,4,0.6514,0,0.3627,76,1,108.25
mech_md00_ppoff_r20,mechanism_sweep,1685,treatment,2,4,0.6506,0,0.2432,78,3,131.5
mech_md00_ppoff_r20,mechanism_sweep,1685,treatment,3,2,0.7594,0,0.3757,40,1,80.0
mech_md00_ppoff_r20,mechanism_sweep,1685,treatment,4,7,0.736,0,0.2475,139,6,106.43
mech_md00_ppoff_r20,mechanism_sweep,1822,control,0,6,0.4931,0,0.3026,86,7,93.33
mech_md00_ppoff_r20,mechanism_sweep,1822,control,1,4,0.514,0,0.2768,69,0,91.25
mech_md00_ppoff_r20,mechanism_sweep,1822,control,2,1,0.5299,0,0.0,20,0,39.0
mech_md00_ppoff_r20,mechanism_sweep,1822,control,3,2,0.4952,0,0.1168,31,2,106.5
mech_md00_ppoff_r20,mechanism_sweep,1822,control,4,1,0.5699,0,0.0,37,0,119.0
mech_md00_ppoff_r20,mechanism_sweep,1822,treatment,0,8,0.6252,0,0.3191,162,5,92.62
mech_md00_ppoff_r20,mechanism_sweep,1822,treatment,1,3,0.6488,0,0.2102,61,0,116.67
mech_md00_ppoff_r20,mechanism_sweep,1822,treatment,2,7,0.613,0,0.2819,132,2,100.57
mech_md00_ppoff_r20,mechanism_sweep,1822,treatment,3,1,0.6448,0,0.0,20,0,89.0
mech_md00_ppoff_r20,mechanism_sweep,1822,treatment,4,3,0.4057,0,0.2376,33,0,103.67
mech_md00_ppoff_r20,mechanism_sweep,1959,control,0,6,0.6941,0,0.3686,121,2,117.0
mech_md00_ppoff_r20,mechanism_sweep,1959,control,1,6,0.6827,0,0.3155,128,4,92.5
mech_md00_ppoff_r20,mechanism_sweep,1959,control,2,5,0.6241,0,0.2926,86,2,110.6
mech_md00_ppoff_r20,mechanism_sweep,1959,control,3,15,0.4911,0,0.1667,172,13,107.2
mech_md00_ppoff_r20,mechanism_sweep,1959,control,4,10,0.5294,0,0.1686,135,4,117.8
mech_md00_ppoff_r20,mechanism_sweep,1959,treatment,0,15,0.5552,0,0.2982,243,10,107.87
mech_md00_ppoff_r20,mechanism_sweep,1959,treatment,1,11,0.625,0,0.28,198,5,92.55
mech_md00_ppoff_r20,mechanism_sweep,1959,treatment,2,8,0.6524,0,0.2769,143,2,87.38
mech_md00_ppoff_r20,mechanism_sweep,1959,treatment,3,16,0.5892,0,0.247,263,17,110.56
mech_md00_ppoff_r20,mechanism_sweep,1959,treatment,4,16,0.5293,0,0.2682,227,7,112.5
mech_md00_ppoff_r20,mechanism_sweep,2096,control,0,6,0.646,0,0.312,119,2,121.0
mech_md00_ppoff_r20,mechanism_sweep,2096,control,1,2,0.5221,0,0.2258,32,0,116.5
mech_md00_ppoff_r20,mechanism_sweep,2096,control,2,4,0.6416,0,0.2455,81,2,108.5
mech_md00_ppoff_r20,mechanism_sweep,2096,control,3,1,0.7051,0,0.0,41,1,60.0
mech_md00_ppoff_r20,mechanism_sweep,2096,control,4,3,0.5813,0,0.3595,60,1,61.0
mech_md00_ppoff_r20,mechanism_sweep,2096,treatment,0,3,0.6091,0,0.2365,61,0,114.0
mech_md00_ppoff_r20,mechanism_sweep,2096,treatment,1,10,0.631,0,0.2772,209,9,117.7
mech_md00_ppoff_r20,mechanism_sweep,2096,treatment,2,2,0.6308,0,0.3366,47,1,113.5
mech_md00_ppoff_r20,mechanism_sweep,2096,treatment,3,2,0.6663,0,0.4037,34,0,108.0
mech_md00_ppoff_r20,mechanism_sweep,2096,treatment,4,5,0.631,0,0.216,88,2,127.2
mech_md00_ppoff_r20,mechanism_sweep,2233,control,0,3,0.7385,0,0.3217,65,4,115.0
mech_md00_ppoff_r20,mechanism_sweep,2233,control,1,0,0,0,0,0,0,0
mech_md00_ppoff_r20,mechanism_sweep,2233,control,2,2,0.569,0,0.3142,36,0,108.5
mech_md00_ppoff_r20,mechanism_sweep,2233,control,3,9,0.4806,0,0.0825,92,11,93.67
mech_md00_ppoff_r20,mechanism_sweep,2233,control,4,11,0.529,0,0.2327,124,7,92.18
mech_md00_ppoff_r20,mechanism_sweep,2233,treatment,0,5,0.6428,0,0.3366,109,2,102.8
mech_md00_ppoff_r20,mechanism_sweep,2233,treatment,1,5,0.6553,0,0.3357,110,1,116.0
mech_md00_ppoff_r20,mechanism_sweep,2233,treatment,2,6,0.7222,0,0.3085,127,5,97.67
mech_md00_ppoff_r20,mechanism_sweep,2233,treatment,3,9,0.5902,0,0.2555,161,4,113.0
mech_md00_ppoff_r20,mechanism_sweep,2233,treatment,4,7,0.6382,0,0.2179,156,6,107.0
mech_md00_ppoff_r20,mechanism_sweep,2370,control,0,6,0.6315,0,0.3552,116,3,105.33
mech_md00_ppoff_r20,mechanism_sweep,2370,control,1,10,0.5958,0,0.312,183,7,87.7
mech_md00_ppoff_r20,mechanism_sweep,2370,control,2,10,0.562,0,0.263,161,9,96.5
mech_md00_ppoff_r20,mechanism_sweep,2370,control,3,3,0.6465,0,0.2825,64,1,109.0
mech_md00_ppoff_r20,mechanism_sweep,2370,control,4,6,0.5832,0,0.2273,120,2,87.33
mech_md00_ppoff_r20,mechanism_sweep,2370,treatment,0,6,0.6602,0,0.3082,133,1,120.0
mech_md00_ppoff_r20,mechanism_sweep,2370,treatment,1,13,0.5682,0,0.2957,197,11,105.69
mech_md00_ppoff_r20,mechanism_sweep,2370,treatment,2,18,0.5316,0,0.1479,256,24,114.94
mech_md00_ppoff_r20,mechanism_sweep,2370,treatment,3,6,0.7031,0,0.2556,125,2,76.0
mech_md00_ppoff_r20,mechanism_sweep,2370,treatment,4,9,0.7197,0,0.2241,177,10,93.44
mech_md00_ppoff_r20,mechanism_sweep,2507,control,0,3,0.6603,0,0.315,61,0,107.0
mech_md00_ppoff_r20,mechanism_sweep,2507,control,1,4,0.7044,0,0.3092,86,2,139.5
mech_md00_ppoff_r20,mechanism_sweep,2507,control,2,6,0.6326,0,0.3592,121,1,106.17
mech_md00_ppoff_r20,mechanism_sweep,2507,control,3,8,0.6398,0,0.2785,162,1,100.75
mech_md00_ppoff_r20,mechanism_sweep,2507,control,4,1,0.6721,0,0.0,20,0,100.0
mech_md00_ppoff_r20,mechanism_sweep,2507,treatment,0,6,0.6398,0,0.3233,127,2,99.0
mech_md00_ppoff_r20,mechanism_sweep,2507,treatment,1,0,0,0,0,0,0,0
mech_md00_ppoff_r20,mechanism_sweep,2507,treatment,2,3,0.7363,0,0.2985,63,1,137.67
mech_md00_ppoff_r20,mechanism_sweep,2507,treatment,3,3,0.7672,0,0.2879,69,3,92.33
mech_md00_ppoff_r20,mechanism_sweep,2507,treatment,4,3,0.6021,0,0.2648,46,0,79.67
mech_md00_ppoff_r20,mechanism_sweep,2644,control,0,2,0.629,0,0.2272,45,1,137.5
mech_md00_ppoff_r20,mechanism_sweep,2644,control,1,3,0.6371,0,0.224,60,0,96.67
mech_md00_ppoff_r20,mechanism_sweep,2644,control,2,1,0.7188,0,0.0,22,2,120.0
mech_md00_ppoff_r20,mechanism_sweep,2644,control,3,2,0.5443,0,0.3107,38,0,76.0
mech_md00_ppoff_r20,mechanism_sweep,2644,control,4,0,0,0,0,0,0,0
mech_md00_ppoff_r20,mechanism_sweep,2644,treatment,0,6,0.5914,0,0.2846,124,0,118.0
mech_md00_ppoff_r20,mechanism_sweep,2644,treatment,1,2,0.5408,0,0.3496,32,0,59.5
mech_md00_ppoff_r20,mechanism_sweep,2644,treatment,2,0,0,0,0,0,0,0
mech_md00_ppoff_r20,mechanism_sweep,2644,treatment,3,0,0,0,0,0,0,0
mech_md00_ppoff_r20,mechanism_sweep,2644,treatment,4,0,0,0,0,0,0,0
mech_md00_ppoff_r20,mechanism_sweep,2781,control,0,7,0.636,0,0.2764,151,5,103.14
mech_md00_ppoff_r20,mechanism_sweep,2781,control,1,8,0.632,0,0.2849,144,3,101.88
mech_md00_ppoff_r20,mechanism_sweep,2781,control,2,1,0.8682,0,0.0,22,2,120.0
mech_md00_ppoff_r20,mechanism_sweep,2781,control,3,3,0.6979,0,0.2621,62,1,112.33
mech_md00_ppoff_r20,mechanism_sweep,2781,control,4,3,0.6628,0,0.3218,59,1,101.33
mech_md00_ppoff_r20,mechanism_sweep,2781,treatment,0,4,0.6446,0,0.3231,81,4,105.25
mech_md00_ppoff_r20,mechanism_sweep,2781,treatment,1,10,0.7022,0,0.2846,204,5,100.0
mech_md00_ppoff_r20,mechanism_sweep,2781,treatment,2,10,0.7291,0,0.2631,225,3,99.7
mech_md00_ppoff_r20,mechanism_sweep,2781,treatment,3,19,0.6383,0,0.2497,351,11,103.21
mech_md00_ppoff_r20,mechanism_sweep,2781,treatment,4,43,0.532,0,0.2436,618,67,107.42
mech_md00_ppoff_r20,mechanism_sweep,2918,control,0,5,0.6191,0,0.3649,89,0,110.6
mech_md00_ppoff_r20,mechanism_sweep,2918,control,1,6,0.5514,0,0.2627,98,4,120.67
mech_md00_ppoff_r20,mechanism_sweep,2918,control,2,32,0.4556,0,0.1216,344,42,117.41
mech_md00_ppoff_r20,mechanism_sweep,2918,control,3,16,0.3775,0,0.1803,153,17,112.44
mech_md00_ppoff_r20,mechanism_sweep,2918,control,4,8,0.588,0,0.0966,117,9,118.0
mech_md00_ppoff_r20,mechanism_sweep,2918,treatment,0,2,0.6616,0,0.3394,39,0,75.0
mech_md00_ppoff_r20,mechanism_sweep,2918,treatment,1,0,0,0,0,0,0,0
mech_md00_ppoff_r20,mechanism_sweep,2918,treatment,2,6,0.7405,0,0.3412,137,6,97.0
mech_md00_ppoff_r20,mechanism_sweep,2918,treatment,3,1,0.7897,0,0.0,21,1,110.0
mech_md00_ppoff_r20,mechanism_sweep,2918,treatment,4,5,0.574,0,0.3235,87,1,93.4
mech_md00_ppoff_r20,mechanism_sweep,3055,control,0,7,0.6098,0,0.3416,143,0,107.14
mech_md00_ppoff_r20,mechanism_sweep,3055,control,1,5,0.5451,0,0.2806,77,4,122.0
mech_md00_ppoff_r20,mechanism_sweep,3055,control,2,0,0,0,0,0,0,0
mech_md00_ppoff_r20,mechanism_sweep,3055,control,3,11,0.4894,0,0.267,157,4,102.73
mech_md00_ppoff_r20,mechanism_sweep,3055,control,4,4,0.3841,0,0.2716,45,1,74.5
mech_md00_ppoff_r20,mechanism_sweep,3055,treatment,0,6,0.5761,0,0.3586,115,1,125.17
mech_md00_ppoff_r20,mechanism_sweep,3055,treatment,1,2,0.7578,0,0.4302,42,2,109.5
mech_md00_ppoff_r20,mechanism_sweep,3055,treatment,2,4,0.7295,0,0.3339,85,4,104.5
mech_md00_ppoff_r20,mechanism_sweep,3055,treatment,3,3,0.7761,0,0.3301,64,2,90.0
mech_md00_ppoff_r20,mechanism_sweep,3055,treatment,4,4,0.7587,0,0.209,82,1,113.25
mech_md00_ppoff_r20,mechanism_sweep,3192,control,0,2,0.6292,0,0.2497,42,1,112.5
mech_md00_ppoff_r20,mechanism_sweep,3192,control,1,4,0.649,0,0.2669,81,2,90.75
mech_md00_ppoff_r20,mechanism_sweep,3192,control,2,0,0,0,0,0,0,0
mech_md00_ppoff_r20,mechanism_sweep,3192,control,3,3,0.6468,0,0.3146,64,1,139.67
mech_md00_ppoff_r20,mechanism_sweep,3192,control,4,4,0.5342,0,0.113,67,7,120.25
mech_md00_ppoff_r20,mechanism_sweep,3192,treatment,0,5,0.6067,0,0.2924,107,0,107.6
mech_md00_ppoff_r20,mechanism_sweep,3192,treatment,1,1,0.775,0,0.0,22,0,177.0
mech_md00_ppoff_r20,mechanism_sweep,3192,treatment,2,9,0.6547,0,0.3077,179,7,80.78
mech_md00_ppoff_r20,mechanism_sweep,3192,treatment,3,5,0.538,0,0.3565,83,0,93.0
mech_md00_ppoff_r20,mechanism_sweep,3192,treatment,4,11,0.5407,0,0.3215,171,5,130.45
mech_md00_ppoff_r20,mechanism_sweep,3329,control,0,5,0.6206,0,0.355,110,0,103.8
mech_md00_ppoff_r20,mechanism_sweep,3329,control,1,3,0.6509,0,0.3301,61,0,111.33
mech_md00_ppoff_r20,mechanism_sweep,3329,control,2,4,0.6284,0,0.1994,83,4,120.5
mech_md00_ppoff_r20,mechanism_sweep,3329,control,3,2,0.5919,0,0.2128,42,0,122.5
mech_md00_ppoff_r20,mechanism_sweep,3329,control,4,1,0.6198,0,0.0,21,0,117.0
mech_md00_ppoff_r20,mechanism_sweep,3329,treatment,0,7,0.641,0,0.3459,142,0,111.43
mech_md00_ppoff_r20,mechanism_sweep,3329,treatment,1,0,0,0,0,0,0,0
mech_md00_ppoff_r20,mechanism_sweep,3329,treatment,2,5,0.515,0,0.2048,66,2,116.8
mech_md00_ppoff_r20,mechanism_sweep,3329,treatment,3,4,0.4892,0,0.1568,41,0,91.25
mech_md00_ppoff_r20,mechanism_sweep,3329,treatment,4,0,0,0,0,0,0,0
mech_md00_ppoff_r20,mechanism_sweep,3466,control,0,2,0.6487,0,0.3351,41,1,101.0
mech_md00_ppoff_r20,mechanism_sweep,3466,control,1,14,0.5418,0,0.2512,216,17,101.93
mech_md00_ppoff_r20,mechanism_sweep,3466,control,2,7,0.4855,0,0.2032,99,3,89.29
mech_md00_ppoff_r20,mechanism_sweep,3466,control,3,27,0.4596,0,0.2371,345,36,86.96
mech_md00_ppoff_r20,mechanism_sweep,3466,control,4,11,0.4468,0,0.1648,131,19,99.91
mech_md00_ppoff_r20,mechanism_sweep,3466,treatment,0,4,0.6569,0,0.3229,91,0,98.75
mech_md00_ppoff_r20,mechanism_sweep,3466,treatment,1,4,0.6125,0,0.2562,74,2,110.5
mech_md00_ppoff_r20,mechanism_sweep,3466,treatment,2,5,0.6389,0,0.1387,105,1,90.6
mech_md00_ppoff_r20,mechanism_sweep,3466,treatment,3,8,0.6027,0,0.1893,156,4,95.0
mech_md00_ppoff_r20,mechanism_sweep,3466,treatment,4,4,0.6993,0,0.0451,84,3,121.0
mech_md00_ppoff_r20,mechanism_sweep,3603,control,0,7,0.6289,0,0.3026,140,1,93.0
mech_md00_ppoff_r20,mechanism_sweep,3603,control,1,2,0.7775,0,0.2689,43,4,91.0
mech_md00_ppoff_r20,mechanism_sweep,3603,control,2,1,0.5722,0,0.0,20,0,100.0
mech_md00_ppoff_r20,mechanism_sweep,3603,control,3,4,0.5341,0,0.3326,65,1,103.5
mech_md00_ppoff_r20,mechanism_sweep,3603,control,4,3,0.7592,0,0.1169,66,5,133.0
mech_md00_ppoff_r20,mechanism_sweep,3603,treatment,0,8,0.6233,0,0.287,169,2,111.62
mech_md00_ppoff_r20,mechanism_sweep,3603,treatment,1,7,0.6095,0,0.2194,135,5,127.0
mech_md00_ppoff_r20,mechanism_sweep,3603,treatment,2,4,0.6177,0,0.2146,82,1,106.0
mech_md00_ppoff_r20,mechanism_sweep,3603,treatment,3,14,0.5556,0,0.2392,225,8,108.71
mech_md00_ppoff_r20,mechanism_sweep,3603,treatment,4,7,0.5885,0,0.2062,134,3,117.0
mech_md00_ppoff_r20,mechanism_sweep,3740,control,0,7,0.6382,0,0.3285,144,2,106.29
mech_md00_ppoff_r20,mechanism_sweep,3740,control,1,6,0.5857,0,0.2611,106,2,100.33
mech_md00_ppoff_r20,mechanism_sweep,3740,control,2,7,0.6935,0,0.2708,140,4,106.86
mech_md00_ppoff_r20,mechanism_sweep,3740,control,3,3,0.7336,0,0.1772,63,0,133.0
mech_md00_ppoff_r20,mechanism_sweep,3740,control,4,2,0.8129,0,0.2647,43,3,115.0
mech_md00_ppoff_r20,mechanism_sweep,3740,treatment,0,10,0.6577,0,0.315,208,4,109.8
mech_md00_ppoff_r20,mechanism_sweep,3740,treatment,1,5,0.567,0,0.2842,85,5,99.4
mech_md00_ppoff_r20,mechanism_sweep,3740,treatment,2,6,0.7449,0,0.2628,133,3,112.0
mech_md00_ppoff_r20,mechanism_sweep,3740,treatment,3,7,0.6966,0,0.3256,143,0,73.71
mech_md00_ppoff_r20,mechanism_sweep,3740,treatment,4,7,0.7724,0,0.2458,144,11,100.29
mech_md00_ppoff_r20,mechanism_sweep,3877,control,0,5,0.6874,0,0.2605,103,2,97.0
mech_md00_ppoff_r20,mechanism_sweep,3877,control,1,3,0.7159,0,0.1595,65,2,135.33
mech_md00_ppoff_r20,mechanism_sweep,3877,control,2,3,0.6671,0,0.1778,60,3,132.0
mech_md00_ppoff_r20,mechanism_sweep,3877,control,3,9,0.4727,0,0.1487,123,14,110.0
mech_md00_ppoff_r20,mechanism_sweep,3877,control,4,3,0.4268,0,0.1318,41,2,109.0
mech_md00_ppoff_r20,mechanism_sweep,3877,treatment,0,4,0.6521,0,0.3283,88,1,109.5
mech_md00_ppoff_r20,mechanism_sweep,3877,treatment,1,2,0.4852,0,0.0429,40,4,80.0
mech_md00_ppoff_r20,mechanism_sweep,3877,treatment,2,2,0.6706,0,0.2644,33,0,62.5
mech_md00_ppoff_r20,mechanism_sweep,3877,treatment,3,1,0.4463,0,0.0,10,0,76.0
mech_md00_ppoff_r20,mechanism_sweep,3877,treatment,4,0,0,0,0,0,0,0
mech_md00_ppoff_r20,mechanism_sweep,4014,control,0,8,0.709,0,0.2891,170,7,107.88
mech_md00_ppoff_r20,mechanism_sweep,4014,control,1,9,0.6016,0,0.2537,166,6,108.44
mech_md00_ppoff_r20,mechanism_sweep,4014,control,2,8,0.5814,0,0.2115,143,5,112.0
mech_md00_ppoff_r20,mechanism_sweep,4014,control,3,50,0.474,0,0.2292,666,81,111.56
mech_md00_ppoff_r20,mechanism_sweep,4014,control,4,12,0.5621,0,0.1733,196,13,119.67
mech_md00_ppoff_r20,mechanism_sweep,4014,treatment,0,5,0.6088,0,0.3029,92,3,94.6
mech_md00_ppoff_r20,mechanism_sweep,4014,treatment,1,1,0.7607,0,0.0,21,0,150.0
mech_md00_ppoff_r20,mechanism_sweep,4014,treatment,2,6,0.7053,0,0.2161,118,1,111.17
mech_md00_ppoff_r20,mechanism_sweep,4014,treatment,3,14,0.6374,0,0.2446,230,6,113.71
mech_md00_ppoff_r20,mechanism_sweep,4014,treatment,4,3,0.8017,0,0.0567,66,3,116.67
mech_md00_ppoff_r20,mechanism_sweep,4151,control,0,3,0.5273,0,0.301,49,3,124.67
mech_md00_ppoff_r20,mechanism_sweep,4151,control,1,5,0.6562,0,0.3512,102,2,104.0
mech_md00_ppoff_r20,mechanism_sweep,4151,control,2,0,0,0,0,0,0,0
mech_md00_ppoff_r20,mechanism_sweep,4151,control,3,2,0.7289,0,0.246,41,1,103.5
mech_md00_ppoff_r20,mechanism_sweep,4151,control,4,2,0.6521,0,0.2304,37,2,101.0
mech_md00_ppoff_r20,mechanism_sweep,4151,treatment,0,13,0.6471,0,0.3237,264,9,103.38
mech_md00_ppoff_r20,mechanism_sweep,4151,treatment,1,9,0.5173,0,0.2648,139,10,89.67
mech_md00_ppoff_r20,mechanism_sweep,4151,treatment,2,9,0.6188,0,0.2687,188,4,110.22
mech_md00_ppoff_r20,mechanism_sweep,4151,treatment,3,11,0.6252,0,0.2893,199,9,107.55
mech_md00_ppoff_r20,mechanism_sweep,4151,treatment,4,9,0.652,0,0.2151,177,8,98.11
mech_md00_ppoff_r20,mechanism_sweep,4288,control,0,2,0.6489,0,0.2362,44,1,146.5
mech_md00_ppoff_r20,mechanism_sweep,4288,control,1,10,0.6308,0,0.2887,194,12,125.4
mech_md00_ppoff_r20,mechanism_sweep,4288,control,2,7,0.5762,0,0.2774,135,1,109.57
mech_md00_ppoff_r20,mechanism_sweep,4288,control,3,6,0.6408,0,0.3137,111,2,98.33
mech_md00_ppoff_r20,mechanism_sweep,4288,control,4,6,0.6362,0,0.3221,113,0,125.83
mech_md00_ppoff_r20,mechanism_sweep,4288,treatment,0,6,0.6554,0,0.3397,129,1,111.5
mech_md00_ppoff_r20,mechanism_sweep,4288,treatment,1,3,0.6729,0,0.3347,60,0,100.0
mech_md00_ppoff_r20,mechanism_sweep,4288,treatment,2,6,0.6279,0,0.2918,115,1,77.17
mech_md00_ppoff_r20,mechanism_sweep,4288,treatment,3,4,0.68,0,0.3137,85,0,85.75
mech_md00_ppoff_r20,mechanism_sweep,4288,treatment,4,5,0.7107,0,0.2616,104,2,113.4
mech_md00_ppoff_r20,mechanism_sweep,4425,control,0,8,0.537,0,0.2318,137,10,108.12
mech_md00_ppoff_r20,mechanism_sweep,4425,control,1,1,0.6079,0,0.0,20,0,93.0
mech_md00_ppoff_r20,mechanism_sweep,4425,control,2,6,0.599,0,0.246,117,2,110.33
mech_md00_ppoff_r20,mechanism_sweep,4425,control,3,2,0.6691,0,0.2327,43,1,141.0
mech_md00_ppoff_r20,mechanism_sweep,4425,control,4,13,0.5058,0,0.2041,194,10,111.54
mech_md00_ppoff_r20,mechanism_sweep,4425,treatment,0,8,0.5683,0,0.2892,161,1,107.75
mech_md00_ppoff_r20,mechanism_sweep,4425,treatment,1,23,0.5782,0,0.2573,393,29,107.0
mech_md00_ppoff_r20,mechanism_sweep,4425,treatment,2,22,0.6453,0,0.2532,430,19,109.36
mech_md00_ppoff_r20,mechanism_sweep,4425,treatment,3,7,0.6312,0,0.2476,132,6,109.86
mech_md00_ppoff_r20,mechanism_sweep,4425,treatment,4,11,0.6244,0,0.2142,213,9,126.18
mech_md00_ppoff_r20,mechanism_sweep,4562,control,0,4,0.6126,0,0.3073,72,1,86.25
mech_md00_ppoff_r20,mechanism_sweep,4562,control,1,1,0.7627,0,0.0,22,1,127.0
mech_md00_ppoff_r20,mechanism_sweep,4562,control,2,3,0.7053,0,0.1822,72,2,79.33
mech_md00_ppoff_r20,mechanism_sweep,4562,control,3,2,0.5706,0,0.2223,38,0,91.5
mech_md00_ppoff_r20,mechanism_sweep,4562,control,4,0,0,0,0,0,0,0
mech_md00_ppoff_r20,mechanism_sweep,4562,treatment,0,11,0.6345,0,0.3151,225,3,123.45
mech_md00_ppoff_r20,mechanism_sweep,4562,treatment,1,8,0.5409,0,0.3133,152,6,97.0
mech_md00_ppoff_r20,mechanism_sweep,4562,treatment,2,3,0.6539,0,0.32,61,0,98.0
mech_md00_ppoff_r20,mechanism_sweep,4562,treatment,3,4,0.6561,0,0.3422,88,0,120.25
mech_md00_ppoff_r20,mechanism_sweep,4562,treatment,4,1,0.5838,0,0.0,33,0,120.0
mech_md00_ppoff_r20,mechanism_sweep,4699,control,0,4,0.6815,0,0.2958,79,4,114.75
mech_md00_ppoff_r20,mechanism_sweep,4699,control,1,6,0.6021,0,0.2416,117,4,92.33
mech_md00_ppoff_r20,mechanism_sweep,4699,control,2,1,0.7476,0,0.0,21,1,105.0
mech_md00_ppoff_r20,mechanism_sweep,4699,control,3,1,0.6688,0,0.0,18,1,13.0
mech_md00_ppoff_r20,mechanism_sweep,4699,control,4,7,0.4816,0,0.1842,83,4,112.71
mech_md00_ppoff_r20,mechanism_sweep,4699,treatment,0,10,0.6297,0,0.2933,212,3,104.4
mech_md00_ppoff_r20,mechanism_sweep,4699,treatment,1,18,0.6066,0,0.2721,327,10,95.78
mech_md00_ppoff_r20,mechanism_sweep,4699,treatment,2,42,0.5096,0,0.2161,532,58,104.05
mech_md00_ppoff_r20,mechanism_sweep,4699,treatment,3,11,0.6199,0,0.2334,182,14,113.91
mech_md00_ppoff_r20,mechanism_sweep,4699,treatment,4,7,0.6356,0,0.2568,122,6,125.14
mech_md00_ppoff_r20,mechanism_sweep,4836,control,0,4,0.6456,0,0.3319,83,1,121.75
mech_md00_ppoff_r20,mechanism_sweep,4836,control,1,10,0.4659,0,0.27,126,13,111.4
mech_md00_ppoff_r20,mechanism_sweep,4836,control,2,2,0.7361,0,0.1719,43,1,113.0
mech_md00_ppoff_r20,mechanism_sweep,4836,control,3,0,0,0,0,0,0,0
mech_md00_ppoff_r20,mechanism_sweep,4836,control,4,1,0.6983,0,0.0,21,1,110.0
mech_md00_ppoff_r20,mechanism_sweep,4836,treatment,0,11,0.6713,0,0.2919,227,5,114.82
mech_md00_ppoff_r20,mechanism_sweep,4836,treatment,1,11,0.6574,0,0.3036,225,1,98.45
mech_md00_ppoff_r20,mechanism_sweep,4836,treatment,2,6,0.695,0,0.2782,125,0,107.33
mech_md00_ppoff_r20,mechanism_sweep,4836,treatment,3,24,0.5658,0,0.2181,377,28,106.21
mech_md00_ppoff_r20,mechanism_sweep,4836,treatment,4,22,0.5993,0,0.2085,396,33,116.27
mech_md00_ppoff_r20,mechanism_sweep,4973,control,0,6,0.5955,0,0.2554,116,1,96.33
mech_md00_ppoff_r20,mechanism_sweep,4973,control,1,8,0.6328,0,0.2475,155,8,116.12
mech_md00_ppoff_r20,mechanism_sweep,4973,control,2,23,0.4138,0,0.2453,251,19,98.09
mech_md00_ppoff_r20,mechanism_sweep,4973,control,3,4,0.5774,0,0.1927,68,2,76.75
mech_md00_ppoff_r20,mechanism_sweep,4973,control,4,9,0.569,0,0.2373,144,12,112.0
mech_md00_ppoff_r20,mechanism_sweep,4973,treatment,0,11,0.6219,0,0.319,220,3,113.36
mech_md00_ppoff_r20,mechanism_sweep,4973,treatment,1,15,0.6058,0,0.283,279,9,115.53
mech_md00_ppoff_r20,mechanism_sweep,4973,treatment,2,10,0.6321,0,0.2932,195,7,113.0
mech_md00_ppoff_r20,mechanism_sweep,4973,treatment,3,14,0.6618,0,0.2157,273,12,106.0
mech_md00_ppoff_r20,mechanism_sweep,4973,treatment,4,19,0.6392,0,0.234,329,13,105.95
mech_md00_ppoff_r30,mechanism_sweep,1000,control,0,2,0.6167,0,0.2905,36,0,99.5
mech_md00_ppoff_r30,mechanism_sweep,1000,control,1,0,0,0,0,0,0,0
mech_md00_ppoff_r30,mechanism_sweep,1000,control,2,4,0.6569,0,0.2604,92,0,117.0
mech_md00_ppoff_r30,mechanism_sweep,1000,control,3,1,0.6501,0,0.0,22,1,101.0
mech_md00_ppoff_r30,mechanism_sweep,1000,control,4,5,0.6024,0,0.1985,92,5,105.0
mech_md00_ppoff_r30,mechanism_sweep,1000,treatment,0,9,0.5753,0,0.2899,176,3,118.67
mech_md00_ppoff_r30,mechanism_sweep,1000,treatment,1,14,0.6701,0,0.2203,255,18,119.43
mech_md00_ppoff_r30,mechanism_sweep,1000,treatment,2,24,0.5675,0,0.1909,394,24,90.12
mech_md00_ppoff_r30,mechanism_sweep,1000,treatment,3,10,0.5957,0,0.1948,168,0,100.9
mech_md00_ppoff_r30,mechanism_sweep,1000,treatment,4,12,0.5023,0,0.1889,150,7,106.33
mech_md00_ppoff_r30,mechanism_sweep,1137,control,0,4,0.6478,0,0.3082,83,1,124.0
mech_md00_ppoff_r30,mechanism_sweep,1137,control,1,8,0.6582,0,0.2846,162,3,109.62
mech_md00_ppoff_r30,mechanism_sweep,1137,control,2,2,0.7375,0,0.2362,43,1,119.5
mech_md00_ppoff_r30,mechanism_sweep,1137,control,3,2,0.6401,0,0.2271,42,0,148.5
mech_md00_ppoff_r30,mechanism_sweep,1137,control,4,2,0.654,0,0.1709,41,1,105.0
mech_md00_ppoff_r30,mechanism_sweep,1137,treatment,0,10,0.599,0,0.3042,213,1,103.6
mech_md00_ppoff_r30,mechanism_sweep,1137,treatment,1,9,0.6421,0,0.3029,183,3,106.44
mech_md00_ppoff_r30,mechanism_sweep,1137,treatment,2,7,0.623,0,0.2457,120,1,85.43
mech_md00_ppoff_r30,mechanism_sweep,1137,treatment,3,3,0.5123,0,0.2069,54,0,98.0
mech_md00_ppoff_r30,mechanism_sweep,1137,treatment,4,3,0.5315,0,0.239,40,0,101.67
mech_md00_ppoff_r30,mechanism_sweep,1274,control,0,3,0.6672,0,0.2438,56,2,71.67
mech_md00_ppoff_r30,mechanism_sweep,1274,control,1,1,0.7799,0,0.0,20,1,103.0
mech_md00_ppoff_r30,mechanism_sweep,1274,control,2,3,0.4704,0,0.2325,45,1,105.0
mech_md00_ppoff_r30,mechanism_sweep,1274,control,3,5,0.6158,0,0.1527,79,2,106.0
mech_md00_ppoff_r30,mechanism_sweep,1274,control,4,0,0,0,0,0,0,0
mech_md00_ppoff_r30,mechanism_sweep,1274,treatment,0,7,0.6309,0,0.2736,151,4,107.14
mech_md00_ppoff_r30,mechanism_sweep,1274,treatment,1,5,0.6739,0,0.311,110,0,100.4
mech_md00_ppoff_r30,mechanism_sweep,1274,treatment,2,7,0.648,0,0.2537,139,3,90.29
mech_md00_ppoff_r30,mechanism_sweep,1274,treatment,3,5,0.7453,0,0.2202,103,1,107.8
mech_md00_ppoff_r30,mechanism_sweep,1274,treatment,4,11,0.7269,0,0.1175,256,5,106.27
mech_md00_ppoff_r30,mechanism_sweep,1411,control,0,5,0.6328,0,0.3204,96,1,82.4
mech_md00_ppoff_r30,mechanism_sweep,1411,control,1,4,0.6779,0,0.3459,81,0,100.25
mech_md00_ppoff_r30,mechanism_sweep,1411,control,2,1,0.6305,0,0.0,21,0,115.0
mech_md00_ppoff_r30,mechanism_sweep,1411,control,3,0,0,0,0,0,0,0
mech_md00_ppoff_r30,mechanism_sweep,1411,control,4,1,0.6073,0,0.0,14,0,94.0
mech_md00_ppoff_r30,mechanism_sweep,1411,treatment,0,9,0.6447,0,0.3247,189,3,110.22
mech_md00_ppoff_r30,mechanism_sweep,1411,treatment,1,5,0.6662,0,0.1931,135,2,96.0
mech_md00_ppoff_r30,mechanism_sweep,1411,treatment,2,6,0.6749,0,0.165,124,1,108.83
mech_md00_ppoff_r30,mechanism_sweep,1411,treatment,3,10,0.6735,0,0.2378,215,4,116.8
mech_md00_ppoff_r30,mechanism_sweep,1411,treatment,4,7,0.6769,0,0.2314,146,0,111.29
mech_md00_ppoff_r30,mechanism_sweep,1548,control,0,3,0.653,0,0.2709,66,3,82.0
mech_md00_ppoff_r30,mechanism_sweep,1548,control,1,4,0.61,0,0.2659,77,2,112.5
mech_md00_ppoff_r30,mechanism_sweep,1548,control,2,1,0.6196,0,0.0,21,0,163.0
mech_md00_ppoff_r30,mechanism_sweep,1548,control,3,2,0.6123,0,0.2969,38,0,91.5
mech_md00_ppoff_r30,mechanism_sweep,1548,control,4,1,0.6597,0,0.0,20,0,90.0
mech_md00_ppoff_r30,mechanism_sweep,1548,treatment,0,8,0.6276,0,0.3066,171,1,109.5
mech_md00_ppoff_r30,mechanism_sweep,1548,treatment,1,5,0.5324,0,0.3062,106,1,113.6
mech_md00_ppoff_r30,mechanism_sweep,1548,treatment,2,7,0.5999,0,0.2832,117,4,119.0
mech_md00_ppoff_r30,mechanism_sweep,1548,treatment,3,7,0.5749,0,0.257,103,5,121.43
mech_md00_ppoff_r30,mechanism_sweep,1548,treatment,4,7,0.514,0,0.1539,90,5,120.0
mech_md00_ppoff_r30,mechanism_sweep,1685,control,0,9,0.5849,0,0.2611,161,13,94.44
mech_md00_ppoff_r30,mechanism_sweep,1685,control,1,8,0.52,0,0.2823,122,10,112.38
mech_md00_ppoff_r30,mechanism_sweep,1685,control,2,3,0.6404,0,0.2859,61,4,104.0
mech_md00_ppoff_r30,mechanism_sweep,1685,control,3,22,0.5234,0,0.2203,320,30,113.59
mech_md00_ppoff_r30,mechanism_sweep,1685,control,4,2,0.6221,0,0.0329,42,2,110.0
mech_md00_ppoff_r30,mechanism_sweep,1685,treatment,0,5,0.662,0,0.2853,103,1,107.6
mech_md00_ppoff_r30,mechanism_sweep,1685,treatment,1,9,0.6384,0,0.2521,187,6,102.44
mech_md00_ppoff_r30,mechanism_sweep,1685,treatment,2,13,0.5922,0,0.2775,230,10,112.77
mech_md00_ppoff_r30,mechanism_sweep,1685,treatment,3,14,0.5557,0,0.2582,227,11,102.57
mech_md00_ppoff_r30,mechanism_sweep,1685,treatment,4,11,0.6025,0,0.2912,211,3,99.82
mech_md00_ppoff_r30,mechanism_sweep,1822,control,0,6,0.4931,0,0.3026,86,7,93.33
mech_md00_ppoff_r30,mechanism_sweep,1822,control,1,4,0.514,0,0.2768,69,0,91.25
mech_md00_ppoff_r30,mechanism_sweep,1822,control,2,1,0.5299,0,0.0,20,0,39.0
mech_md00_ppoff_r30,mechanism_sweep,1822,control,3,2,0.4952,0,0.1168,31,2,106.5
mech_md00_ppoff_r30,mechanism_sweep,1822,control,4,1,0.5699,0,0.0,37,0,119.0
mech_md00_ppoff_r30,mechanism_sweep,1822,treatment,0,3,0.6577,0,0.3655,63,4,102.0
mech_md00_ppoff_r30,mechanism_sweep,1822,treatment,1,4,0.5838,0,0.2527,72,0,119.0
mech_md00_ppoff_r30,mechanism_sweep,1822,treatment,2,5,0.5812,0,0.3434,96,2,83.4
mech_md00_ppoff_r30,mechanism_sweep,1822,treatment,3,3,0.6848,0,0.2329,69,1,122.0
mech_md00_ppoff_r30,mechanism_sweep,1822,treatment,4,2,0.6285,0,0.3592,33,0,102.5
mech_md00_ppoff_r30,mechanism_sweep,1959,control,0,6,0.6941,0,0.3686,121,2,117.0
mech_md00_ppoff_r30,mechanism_sweep,1959,control,1,6,0.6827,0,0.3155,128,4,92.5
mech_md00_ppoff_r30,mechanism_sweep,1959,control,2,5,0.6241,0,0.2926,86,2,110.6
mech_md00_ppoff_r30,mechanism_sweep,1959,control,3,15,0.4911,0,0.1667,172,13,107.2
mech_md00_ppoff_r30,mechanism_sweep,1959,control,4,10,0.5294,0,0.1686,135,4,117.8
mech_md00_ppoff_r30,mechanism_sweep,1959,treatment,0,13,0.6233,0,0.328,260,4,106.54
mech_md00_ppoff_r30,mechanism_sweep,1959,treatment,1,15,0.6548,0,0.3439,313,6,107.73
mech_md00_ppoff_r30,mechanism_sweep,1959,treatment,2,14,0.538,0,0.2605,225,16,93.71
mech_md00_ppoff_r30,mechanism_sweep,1959,treatment,3,13,0.6583,0,0.2856,279,12,107.46
mech_md00_ppoff_r30,mechanism_sweep,1959,treatment,4,12,0.5876,0,0.2747,213,5,102.92
mech_md00_ppoff_r30,mechanism_sweep,2096,control,0,6,0.646,0,0.312,119,2,121.0
mech_md00_ppoff_r30,mechanism_sweep,2096,control,1,2,0.5221,0,0.2258,32,0,116.5
mech_md00_ppoff_r30,mechanism_sweep,2096,control,2,4,0.6416,0,0.2455,81,2,108.5
mech_md00_ppoff_r30,mechanism_sweep,2096,control,3,1,0.7051,0,0.0,41,1,60.0
mech_md00_ppoff_r30,mechanism_sweep,2096,control,4,3,0.5813,0,0.3595,60,1,61.0
mech_md00_ppoff_r30,mechanism_sweep,2096,treatment,0,14,0.5874,0,0.2975,251,15,111.71
mech_md00_ppoff_r30,mechanism_sweep,2096,treatment,1,7,0.6526,0,0.2509,148,1,112.0
mech_md00_ppoff_r30,mechanism_sweep,2096,treatment,2,7,0.7431,0,0.267,171,7,132.43
mech_md00_ppoff_r30,mechanism_sweep,2096,treatment,3,9,0.6423,0,0.2904,166,7,114.11
mech_md00_ppoff_r30,mechanism_sweep,2096,treatment,4,9,0.6362,0,0.2574,181,3,99.22
mech_md00_ppoff_r30,mechanism_sweep,2233,control,0,3,0.7385,0,0.3217,65,4,115.0
mech_md00_ppoff_r30,mechanism_sweep,2233,control,1,0,0,0,0,0,0,0
mech_md00_ppoff_r30,mechanism_sweep,2233,control,2,2,0.569,0,0.3142,36,0,108.5
mech_md00_ppoff_r30,mechanism_sweep,2233,control,3,9,0.4806,0,0.0825,92,11,93.67
mech_md00_ppoff_r30,mechanism_sweep,2233,control,4,11,0.529,0,0.2327,124,7,92.18
mech_md00_ppoff_r30,mechanism_sweep,2233,treatment,0,8,0.6204,0,0.3322,167,2,89.88
mech_md00_ppoff_r30,mechanism_sweep,2233,treatment,1,15,0.5612,0,0.2825,248,10,98.67
mech_md00_ppoff_r30,mechanism_sweep,2233,treatment,2,9,0.6906,0,0.306,180,2,107.56
mech_md00_ppoff_r30,mechanism_sweep,2233,treatment,3,6,0.7041,0,0.2443,113,5,100.83
mech_md00_ppoff_r30,mechanism_sweep,2233,treatment,4,5,0.621,0,0.26,95,1,109.8
mech_md00_ppoff_r30,mechanism_sweep,2370,control,0,6,0.6315,0,0.3552,116,3,105.33
mech_md00_ppoff_r30,mechanism_sweep,2370,control,1,10,0.5958,0,0.312,183,7,87.7
mech_md00_ppoff_r30,mechanism_sweep,2370,control,2,10,0.562,0,0.263,161,9,96.5
mech_md00_ppoff_r30,mechanism_sweep,2370,control,3,3,0.6465,0,0.2825,64,1,109.0
mech_md00_ppoff_r30,mechanism_sweep,2370,control,4,6,0.5832,0,0.2273,120,2,87.33
mech_md00_ppoff_r30,mechanism_sweep,2370,treatment,0,11,0.5388,0,0.3331,202,2,100.45
mech_md00_ppoff_r30,mechanism_sweep,2370,treatment,1,11,0.6332,0,0.3067,217,1,119.0
mech_md00_ppoff_r30,mechanism_sweep,2370,treatment,2,12,0.563,0,0.2801,210,2,105.58
mech_md00_ppoff_r30,mechanism_sweep,2370,treatment,3,9,0.5899,0,0.3059,160,4,135.11
mech_md00_ppoff_r30,mechanism_sweep,2370,treatment,4,23,0.5419,0,0.1904,338,24,115.48
mech_md00_ppoff_r30,mechanism_sweep,2507,control,0,3,0.6603,0,0.315,61,0,107.0
mech_md00_ppoff_r30,mechanism_sweep,2507,control,1,4,0.7044,0,0.3092,86,2,139.5
mech_md00_ppoff_r30,mechanism_sweep,2507,control,2,6,0.6326,0,0.3592,121,1,106.17
mech_md00_ppoff_r30,mechanism_sweep,2507,control,3,8,0.6398,0,0.2785,162,1,100.75
mech_md00_ppoff_r30,mechanism_sweep,2507,control,4,1,0.6721,0,0.0,20,0,100.0
mech_md00_ppoff_r30,mechanism_sweep,2507,treatment,0,12,0.6339,0,0.2858,251,7,110.0
mech_md00_ppoff_r30,mechanism_sweep,2507,treatment,1,4,0.6453,0,0.3392,84,1,111.75
mech_md00_ppoff_r30,mechanism_sweep,2507,treatment,2,1,0.7833,0,0.0,21,1,110.0
mech_md00_ppoff_r30,mechanism_sweep,2507,treatment,3,3,0.6941,0,0.2267,64,1,126.0
mech_md00_ppoff_r30,mechanism_sweep,2507,treatment,4,3,0.7216,0,0.3075,54,3,89.33
mech_md00_ppoff_r30,mechanism_sweep,2644,control,0,2,0.629,0,0.2272,45,1,137.5
mech_md00_ppoff_r30,mechanism_sweep,2644,control,1,3,0.6371,0,0.224,60,0,96.67
mech_md00_ppoff_r30,mechanism_sweep,2644,control,2,1,0.7188,0,0.0,22,2,120.0
mech_md00_ppoff_r30,mechanism_sweep,2644,control,3,2,0.5443,0,0.3107,38,0,76.0
mech_md00_ppoff_r30,mechanism_sweep,2644,control,4,0,0,0,0,0,0,0
mech_md00_ppoff_r30,mechanism_sweep,2644,treatment,0,5,0.6655,0,0.2846,110,3,137.2
mech_md00_ppoff_r30,mechanism_sweep,2644,treatment,1,14,0.6195,0,0.3033,291,4,112.07
mech_md00_ppoff_r30,mechanism_sweep,2644,treatment,2,10,0.6532,0,0.2778,226,4,121.2
mech_md00_ppoff_r30,mechanism_sweep,2644,treatment,3,8,0.6188,0,0.2633,164,3,110.62
mech_md00_ppoff_r30,mechanism_sweep,2644,treatment,4,12,0.6324,0,0.2303,225,14,122.75
mech_md00_ppoff_r30,mechanism_sweep,2781,control,0,7,0.636,0,0.2764,151,5,103.14
mech_md00_ppoff_r30,mechanism_sweep,2781,control,1,8,0.632,0,0.2849,144,3,101.88
mech_md00_ppoff_r30,mechanism_sweep,2781,control,2,1,0.8682,0,0.0,22,2,120.0
mech_md00_ppoff_r30,mechanism_sweep,2781,control,3,3,0.6979,0,0.2621,62,1,112.33
mech_md00_ppoff_r30,mechanism_sweep,2781,control,4,3,0.6628,0,0.3218,59,1,101.33
mech_md00_ppoff_r30,mechanism_sweep,2781,treatment,0,8,0.6327,0,0.3123,171,4,122.88
mech_md00_ppoff_r30,mechanism_sweep,2781,treatment,1,9,0.659,0,0.2752,178,0,108.67
mech_md00_ppoff_r30,mechanism_sweep,2781,treatment,2,4,0.5758,0,0.2915,83,1,98.75
mech_md00_ppoff_r30,mechanism_sweep,2781,treatment,3,3,0.6869,0,0.2549,65,0,95.33
mech_md00_ppoff_r30,mechanism_sweep,2781,treatment,4,3,0.7241,0,0.1463,65,1,138.67
mech_md00_ppoff_r30,mechanism_sweep,2918,control,0,5,0.6191,0,0.3649,89,0,110.6
mech_md00_ppoff_r30,mechanism_sweep,2918,control,1,6,0.5514,0,0.2627,98,4,120.67
mech_md00_ppoff_r30,mechanism_sweep,2918,control,2,32,0.4556,0,0.1216,344,42,117.41
mech_md00_ppoff_r30,mechanism_sweep,2918,control,3,16,0.3775,0,0.1803,153,17,112.44
mech_md00_ppoff_r30,mechanism_sweep,2918,control,4,8,0.588,0,0.0966,117,9,118.0
mech_md00_ppoff_r30,mechanism_sweep,2918,treatment,0,4,0.6409,0,0.3637,78,1,112.5
mech_md00_ppoff_r30,mechanism_sweep,2918,treatment,1,3,0.6657,0,0.3584,62,0,94.0
mech_md00_ppoff_r30,mechanism_sweep,2918,treatment,2,4,0.7079,0,0.3182,83,1,89.75
mech_md00_ppoff_r30,mechanism_sweep,2918,treatment,3,2,0.6217,0,0.2867,33,0,157.0
mech_md00_ppoff_r30,mechanism_sweep,2918,treatment,4,4,0.4656,0,0.2206,51,0,80.75
mech_md00_ppoff_r30,mechanism_sweep,3055,control,0,7,0.6098,0,0.3416,143,0,107.14
mech_md00_ppoff_r30,mechanism_sweep,3055,control,1,5,0.5451,0,0.2806,77,4,122.0
mech_md00_ppoff_r30,mechanism_sweep,3055,control,2,0,0,0,0,0,0,0
mech_md00_ppoff_r30,mechanism_sweep,3055,control,3,11,0.4894,0,0.267,157,4,102.73
mech_md00_ppoff_r30,mechanism_sweep,3055,control,4,4,0.3841,0,0.2716,45,1,74.5
mech_md00_ppoff_r30,mechanism_sweep,3055,treatment,0,13,0.6778,0,0.3194,267,5,100.15
mech_md00_ppoff_r30,mechanism_sweep,3055,treatment,1,13,0.6873,0,0.3058,292,9,104.54
mech_md00_ppoff_r30,mechanism_sweep,3055,treatment,2,10,0.6458,0,0.3099,217,0,103.4
mech_md00_ppoff_r30,mechanism_sweep,3055,treatment,3,13,0.7098,0,0.2892,285,4,111.85
mech_md00_ppoff_r30,mechanism_sweep,3055,treatment,4,5,0.5797,0,0.3065,92,0,106.0
mech_md00_ppoff_r30,mechanism_sweep,3192,control,0,2,0.6292,0,0.2497,42,1,112.5
mech_md00_ppoff_r30,mechanism_sweep,3192,control,1,4,0.649,0,0.2669,81,2,90.75
mech_md00_ppoff_r30,mechanism_sweep,3192,control,2,0,0,0,0,0,0,0
mech_md00_ppoff_r30,mechanism_sweep,3192,control,3,3,0.6468,0,0.3146,64,1,139.67
mech_md00_ppoff_r30,mechanism_sweep,3192,control,4,4,0.5342,0,0.113,67,7,120.25
mech_md00_ppoff_r30,mechanism_sweep,3192,treatment,0,5,0.5733,0,0.2672,101,1,95.6
mech_md00_ppoff_r30,mechanism_sweep,3192,treatment,1,2,0.6079,0,0.3644,45,0,137.0
mech_md00_ppoff_r30,mechanism_sweep,3192,treatment,2,7,0.4997,0,0.3339,104,3,116.57
mech_md00_ppoff_r30,mechanism_sweep,3192,treatment,3,7,0.639,0,0.2658,140,1,118.57
mech_md00_ppoff_r30,mechanism_sweep,3192,treatment,4,13,0.5604,0,0.2684,178,11,117.08
mech_md00_ppoff_r30,mechanism_sweep,3329,control,0,5,0.6206,0,0.355,110,0,103.8
mech_md00_ppoff_r30,mechanism_sweep,3329,control,1,3,0.6509,0,0.3301,61,0,111.33
mech_md00_ppoff_r30,mechanism_sweep,3329,control,2,4,0.6284,0,0.1994,83,4,120.5
mech_md00_ppoff_r30,mechanism_sweep,3329,control,3,2,0.5919,0,0.2128,42,0,122.5
mech_md00_ppoff_r30,mechanism_sweep,3329,control,4,1,0.6198,0,0.0,21,0,117.0
mech_md00_ppoff_r30,mechanism_sweep,3329,treatment,0,10,0.5774,0,0.2965,182,2,124.2
mech_md00_ppoff_r30,mechanism_sweep,3329,treatment,1,7,0.6533,0,0.3011,150,1,97.71
mech_md00_ppoff_r30,mechanism_sweep,3329,treatment,2,8,0.5641,0,0.318,135,4,94.38
mech_md00_ppoff_r30,mechanism_sweep,3329,treatment,3,9,0.6468,0,0.2853,191,3,126.89
mech_md00_ppoff_r30,mechanism_sweep,3329,treatment,4,9,0.5456,0,0.2534,136,4,110.67
mech_md00_ppoff_r30,mechanism_sweep,3466,control,0,2,0.6487,0,0.3351,41,1,101.0
mech_md00_ppoff_r30,mechanism_sweep,3466,control,1,14,0.5418,0,0.2512,216,17,101.93
mech_md00_ppoff_r30,mechanism_sweep,3466,control,2,7,0.4855,0,0.2032,99,3,89.29
mech_md00_ppoff_r30,mechanism_sweep,3466,control,3,27,0.4596,0,0.2371,345,36,86.96
mech_md00_ppoff_r30,mechanism_sweep,3466,control,4,11,0.4468,0,0.1648,131,19,99.91
mech_md00_ppoff_r30,mechanism_sweep,3466,treatment,0,10,0.5986,0,0.2969,189,11,107.2
mech_md00_ppoff_r30,mechanism_sweep,3466,treatment,1,11,0.6466,0,0.2964,212,10,120.73
mech_md00_ppoff_r30,mechanism_sweep,3466,treatment,2,14,0.6347,0,0.2966,296,9,112.93
mech_md00_ppoff_r30,mechanism_sweep,3466,treatment,3,9,0.6584,0,0.3013,185,1,104.11
mech_md00_ppoff_r30,mechanism_sweep,3466,treatment,4,4,0.7374,0,0.2404,90,6,118.25
mech_md00_ppoff_r30,mechanism_sweep,3603,control,0,7,0.6289,0,0.3026,140,1,93.0
mech_md00_ppoff_r30,mechanism_sweep,3603,control,1,2,0.7775,0,0.2689,43,4,91.0
mech_md00_ppoff_r30,mechanism_sweep,3603,control,2,1,0.5722,0,0.0,20,0,100.0
mech_md00_ppoff_r30,mechanism_sweep,3603,control,3,4,0.5341,0,0.3326,65,1,103.5
mech_md00_ppoff_r30,mechanism_sweep,3603,control,4,3,0.7592,0,0.1169,66,5,133.0
mech_md00_ppoff_r30,mechanism_sweep,3603,treatment,0,9,0.634,0,0.3046,194,5,109.56
mech_md00_ppoff_r30,mechanism_sweep,3603,treatment,1,11,0.6217,0,0.2842,187,7,132.0
mech_md00_ppoff_r30,mechanism_sweep,3603,treatment,2,12,0.6411,0,0.2383,241,7,109.08
mech_md00_ppoff_r30,mechanism_sweep,3603,treatment,3,11,0.6685,0,0.237,212,7,110.36
mech_md00_ppoff_r30,mechanism_sweep,3603,treatment,4,6,0.6205,0,0.1734,131,4,104.83
mech_md00_ppoff_r30,mechanism_sweep,3740,control,0,7,0.6382,0,0.3285,144,2,106.29
mech_md00_ppoff_r30,mechanism_sweep,3740,control,1,6,0.5857,0,0.2611,106,2,100.33
mech_md00_ppoff_r30,mechanism_sweep,3740,control,2,7,0.6935,0,0.2708,140,4,106.86
mech_md00_ppoff_r30,mechanism_sweep,3740,control,3,3,0.7336,0,0.1772,63,0,133.0
mech_md00_ppoff_r30,mechanism_sweep,3740,control,4,2,0.8129,0,0.2647,43,3,115.0
mech_md00_ppoff_r30,mechanism_sweep,3740,treatment,0,16,0.6313,0,0.305,338,1,114.94
mech_md00_ppoff_r30,mechanism_sweep,3740,treatment,1,6,0.7139,0,0.308,125,0,134.17
mech_md00_ppoff_r30,mechanism_sweep,3740,treatment,2,6,0.7079,0,0.2775,130,2,112.33
mech_md00_ppoff_r30,mechanism_sweep,3740,treatment,3,8,0.6586,0,0.2498,137,7,129.5
mech_md00_ppoff_r30,mechanism_sweep,3740,treatment,4,7,0.7272,0,0.2723,148,2,111.86
mech_md00_ppoff_r30,mechanism_sweep,3877,control,0,5,0.6874,0,0.2605,103,2,97.0
mech_md00_ppoff_r30,mechanism_sweep,3877,control,1,3,0.7159,0,0.1595,65,2,135.33
mech_md00_ppoff_r30,mechanism_sweep,3877,control,2,3,0.6671,0,0.1778,60,3,132.0
mech_md00_ppoff_r30,mechanism_sweep,3877,control,3,9,0.4727,0,0.1487,123,14,110.0
mech_md00_ppoff_r30,mechanism_sweep,3877,control,4,3,0.4268,0,0.1318,41,2,109.0
mech_md00_ppoff_r30,mechanism_sweep,3877,treatment,0,8,0.6345,0,0.3224,172,2,105.38
mech_md00_ppoff_r30,mechanism_sweep,3877,treatment,1,6,0.6173,0,0.2947,126,0,104.17
mech_md00_ppoff_r30,mechanism_sweep,3877,treatment,2,10,0.6391,0,0.2934,198,1,113.4
mech_md00_ppoff_r30,mechanism_sweep,3877,treatment,3,7,0.6581,0,0.2878,140,4,115.86
mech_md00_ppoff_r30,mechanism_sweep,3877,treatment,4,2,0.5714,0,0.3656,32,0,92.5
mech_md00_ppoff_r30,mechanism_sweep,4014,control,0,8,0.709,0,0.2891,170,7,107.88
mech_md00_ppoff_r30,mechanism_sweep,4014,control,1,9,0.6016,0,0.2537,166,6,108.44
mech_md00_ppoff_r30,mechanism_sweep,4014,control,2,8,0.5814,0,0.2115,143,5,112.0
mech_md00_ppoff_r30,mechanism_sweep,4014,control,3,50,0.474,0,0.2292,666,81,111.56
mech_md00_ppoff_r30,mechanism_sweep,4014,control,4,12,0.5621,0,0.1733,196,13,119.67
mech_md00_ppoff_r30,mechanism_sweep,4014,treatment,0,18,0.6046,0,0.2724,328,15,113.61
mech_md00_ppoff_r30,mechanism_sweep,4014,treatment,1,12,0.6111,0,0.2959,235,7,109.67
mech_md00_ppoff_r30,mechanism_sweep,4014,treatment,2,11,0.5913,0,0.2766,201,5,95.09
mech_md00_ppoff_r30,mechanism_sweep,4014,treatment,3,12,0.6253,0,0.2541,222,6,116.75
mech_md00_ppoff_r30,mechanism_sweep,4014,treatment,4,11,0.5734,0,0.2354,179,4,93.0
mech_md00_ppoff_r30,mechanism_sweep,4151,control,0,3,0.5273,0,0.301,49,3,124.67
mech_md00_ppoff_r30,mechanism_sweep,4151,control,1,5,0.6562,0,0.3512,102,2,104.0
mech_md00_ppoff_r30,mechanism_sweep,4151,control,2,0,0,0,0,0,0,0
mech_md00_ppoff_r30,mechanism_sweep,4151,control,3,2,0.7289,0,0.246,41,1,103.5
mech_md00_ppoff_r30,mechanism_sweep,4151,control,4,2,0.6521,0,0.2304,37,2,101.0
mech_md00_ppoff_r30,mechanism_sweep,4151,treatment,0,6,0.6526,0,0.2786,138,6,86.67
mech_md00_ppoff_r30,mechanism_sweep,4151,treatment,1,9,0.5758,0,0.2507,173,3,102.22
mech_md00_ppoff_r30,mechanism_sweep,4151,treatment,2,8,0.6402,0,0.2934,179,1,109.0
mech_md00_ppoff_r30,mechanism_sweep,4151,treatment,3,2,0.7169,0,0.2285,37,0,155.5
mech_md00_ppoff_r30,mechanism_sweep,4151,treatment,4,3,0.5553,0,0.3473,53,0,110.33
mech_md00_ppoff_r30,mechanism_sweep,4288,control,0,2,0.6489,0,0.2362,44,1,146.5
mech_md00_ppoff_r30,mechanism_sweep,4288,control,1,10,0.6308,0,0.2887,194,12,125.4
mech_md00_ppoff_r30,mechanism_sweep,4288,control,2,7,0.5762,0,0.2774,135,1,109.57
mech_md00_ppoff_r30,mechanism_sweep,4288,control,3,6,0.6408,0,0.3137,111,2,98.33
mech_md00_ppoff_r30,mechanism_sweep,4288,control,4,6,0.6362,0,0.3221,113,0,125.83
mech_md00_ppoff_r30,mechanism_sweep,4288,treatment,0,11,0.569,0,0.2992,228,3,90.64
mech_md00_ppoff_r30,mechanism_sweep,4288,treatment,1,9,0.6871,0,0.2951,201,4,122.44
mech_md00_ppoff_r30,mechanism_sweep,4288,treatment,2,5,0.6739,0,0.2856,112,2,107.0
mech_md00_ppoff_r30,mechanism_sweep,4288,treatment,3,3,0.6487,0,0.259,67,1,131.67
mech_md00_ppoff_r30,mechanism_sweep,4288,treatment,4,0,0,0,0,0,0,0
mech_md00_ppoff_r30,mechanism_sweep,4425,control,0,8,0.537,0,0.2318,137,10,108.12
mech_md00_ppoff_r30,mechanism_sweep,4425,control,1,1,0.6079,0,0.0,20,0,93.0
mech_md00_ppoff_r30,mechanism_sweep,4425,control,2,6,0.599,0,0.246,117,2,110.33
mech_md00_ppoff_r30,mechanism_sweep,4425,control,3,2,0.6691,0,0.2327,43,1,141.0
mech_md00_ppoff_r30,mechanism_sweep,4425,control,4,13,0.5058,0,0.2041,194,10,111.54
mech_md00_ppoff_r30,mechanism_sweep,4425,treatment,0,7,0.6492,0,0.2911,145,2,126.0
mech_md00_ppoff_r30,mechanism_sweep,4425,treatment,1,8,0.6625,0,0.2949,166,4,104.25
mech_md00_ppoff_r30,mechanism_sweep,4425,treatment,2,10,0.5682,0,0.2723,168,4,98.6
mech_md00_ppoff_r30,mechanism_sweep,4425,treatment,3,11,0.6353,0,0.3119,206,5,101.18
mech_md00_ppoff_r30,mechanism_sweep,4425,treatment,4,11,0.6515,0,0.2808,210,9,132.82
mech_md00_ppoff_r30,mechanism_sweep,4562,control,0,4,0.6126,0,0.3073,72,1,86.25
mech_md00_ppoff_r30,mechanism_sweep,4562,control,1,1,0.7627,0,0.0,22,1,127.0
mech_md00_ppoff_r30,mechanism_sweep,4562,control,2,3,0.7053,0,0.1822,72,2,79.33
mech_md00_ppoff_r30,mechanism_sweep,4562,control,3,2,0.5706,0,0.2223,38,0,91.5
mech_md00_ppoff_r30,mechanism_sweep,4562,control,4,0,0,0,0,0,0,0
mech_md00_ppoff_r30,mechanism_sweep,4562,treatment,0,13,0.5135,0,0.265,212,8,118.62
mech_md00_ppoff_r30,mechanism_sweep,4562,treatment,1,9,0.6287,0,0.2612,176,2,101.67
mech_md00_ppoff_r30,mechanism_sweep,4562,treatment,2,13,0.5913,0,0.2452,215,9,107.46
mech_md00_ppoff_r30,mechanism_sweep,4562,treatment,3,18,0.6226,0,0.1707,294,21,98.0
mech_md00_ppoff_r30,mechanism_sweep,4562,treatment,4,51,0.4881,0,0.1964,602,67,101.71
mech_md00_ppoff_r30,mechanism_sweep,4699,control,0,4,0.6815,0,0.2958,79,4,114.75
mech_md00_ppoff_r30,mechanism_sweep,4699,control,1,6,0.6021,0,0.2416,117,4,92.33
mech_md00_ppoff_r30,mechanism_sweep,4699,control,2,1,0.7476,0,0.0,21,1,105.0
mech_md00_ppoff_r30,mechanism_sweep,4699,control,3,1,0.6688,0,0.0,18,1,13.0
mech_md00_ppoff_r30,mechanism_sweep,4699,control,4,7,0.4816,0,0.1842,83,4,112.71
mech_md00_ppoff_r30,mechanism_sweep,4699,treatment,0,7,0.627,0,0.3283,135,1,116.57
mech_md00_ppoff_r30,mechanism_sweep,4699,treatment,1,9,0.6735,0,0.2698,208,2,101.89
mech_md00_ppoff_r30,mechanism_sweep,4699,treatment,2,13,0.6352,0,0.2784,252,7,109.54
mech_md00_ppoff_r30,mechanism_sweep,4699,treatment,3,15,0.623,0,0.255,287,9,96.27
mech_md00_ppoff_r30,mechanism_sweep,4699,treatment,4,13,0.6645,0,0.218,252,2,124.08
mech_md00_ppoff_r30,mechanism_sweep,4836,control,0,4,0.6456,0,0.3319,83,1,121.75
mech_md00_ppoff_r30,mechanism_sweep,4836,control,1,10,0.4659,0,0.27,126,13,111.4
mech_md00_ppoff_r30,mechanism_sweep,4836,control,2,2,0.7361,0,0.1719,43,1,113.0
mech_md00_ppoff_r30,mechanism_sweep,4836,control,3,0,0,0,0,0,0,0
mech_md00_ppoff_r30,mechanism_sweep,4836,control,4,1,0.6983,0,0.0,21,1,110.0
mech_md00_ppoff_r30,mechanism_sweep,4836,treatment,0,4,0.6461,0,0.2515,104,2,150.0
mech_md00_ppoff_r30,mechanism_sweep,4836,treatment,1,14,0.5616,0,0.2247,274,18,104.21
mech_md00_ppoff_r30,mechanism_sweep,4836,treatment,2,12,0.547,0,0.2294,214,5,112.25
mech_md00_ppoff_r30,mechanism_sweep,4836,treatment,3,5,0.5597,0,0.231,80,6,101.8
mech_md00_ppoff_r30,mechanism_sweep,4836,treatment,4,7,0.6453,0,0.2793,120,5,114.71
mech_md00_ppoff_r30,mechanism_sweep,4973,control,0,6,0.5955,0,0.2554,116,1,96.33
mech_md00_ppoff_r30,mechanism_sweep,4973,control,1,8,0.6328,0,0.2475,155,8,116.12
mech_md00_ppoff_r30,mechanism_sweep,4973,control,2,23,0.4138,0,0.2453,251,19,98.09
mech_md00_ppoff_r30,mechanism_sweep,4973,control,3,4,0.5774,0,0.1927,68,2,76.75
mech_md00_ppoff_r30,mechanism_sweep,4973,control,4,9,0.569,0,0.2373,144,12,112.0
mech_md00_ppoff_r30,mechanism_sweep,4973,treatment,0,10,0.4242,0,0.26,129,4,114.6
mech_md00_ppoff_r30,mechanism_sweep,4973,treatment,1,11,0.6153,0,0.2881,204,4,100.45
mech_md00_ppoff_r30,mechanism_sweep,4973,treatment,2,14,0.6007,0,0.2847,267,12,106.57
mech_md00_ppoff_r30,mechanism_sweep,4973,treatment,3,12,0.6215,0,0.2622,226,5,120.33
mech_md00_ppoff_r30,mechanism_sweep,4973,treatment,4,5,0.7196,0,0.2595,106,4,66.2
mech_md00_ppon_r05,mechanism_sweep,1000,control,0,2,0.6167,0,0.2905,36,0,99.5
mech_md00_ppon_r05,mechanism_sweep,1000,control,1,0,0,0,0,0,0,0
mech_md00_ppon_r05,mechanism_sweep,1000,control,2,4,0.6569,0,0.2604,92,0,117.0
mech_md00_ppon_r05,mechanism_sweep,1000,control,3,1,0.6501,0,0.0,22,1,101.0
mech_md00_ppon_r05,mechanism_sweep,1000,control,4,5,0.6024,0,0.1985,92,5,105.0
mech_md00_ppon_r05,mechanism_sweep,1000,treatment,0,5,0.6603,0,0.2733,111,3,131.4
mech_md00_ppon_r05,mechanism_sweep,1000,treatment,1,1,0.5761,0,0.0,20,0,86.0
mech_md00_ppon_r05,mechanism_sweep,1000,treatment,2,4,0.7045,0,0.2476,77,6,127.25
mech_md00_ppon_r05,mechanism_sweep,1000,treatment,3,5,0.7434,0,0.2326,100,5,112.2
mech_md00_ppon_r05,mechanism_sweep,1000,treatment,4,8,0.5318,0,0.2137,97,6,110.62
mech_md00_ppon_r05,mechanism_sweep,1137,control,0,4,0.6478,0,0.3082,83,1,124.0
mech_md00_ppon_r05,mechanism_sweep,1137,control,1,8,0.6582,0,0.2846,162,3,109.62
mech_md00_ppon_r05,mechanism_sweep,1137,control,2,2,0.7375,0,0.2362,43,1,119.5
mech_md00_ppon_r05,mechanism_sweep,1137,control,3,2,0.6401,0,0.2271,42,0,148.5
mech_md00_ppon_r05,mechanism_sweep,1137,control,4,2,0.654,0,0.1709,41,1,105.0
mech_md00_ppon_r05,mechanism_sweep,1137,treatment,0,0,0,0,0,0,0,0
mech_md00_ppon_r05,mechanism_sweep,1137,treatment,1,3,0.6859,0,0.2928,60,1,102.33
mech_md00_ppon_r05,mechanism_sweep,1137,treatment,2,1,0.6649,0,0.0,19,0,50.0
mech_md00_ppon_r05,mechanism_sweep,1137,treatment,3,3,0.6923,0,0.3024,56,1,92.0
mech_md00_ppon_r05,mechanism_sweep,1137,treatment,4,0,0,0,0,0,0,0
mech_md00_ppon_r05,mechanism_sweep,1274,control,0,3,0.6672,0,0.2438,56,2,71.67
mech_md00_ppon_r05,mechanism_sweep,1274,control,1,1,0.7799,0,0.0,20,1,103.0
mech_md00_ppon_r05,mechanism_sweep,1274,control,2,3,0.4704,0,0.2325,45,1,105.0
mech_md00_ppon_r05,mechanism_sweep,1274,control,3,5,0.6158,0,0.1527,79,2,106.0
mech_md00_ppon_r05,mechanism_sweep,1274,control,4,0,0,0,0,0,0,0
mech_md00_ppon_r05,mechanism_sweep,1274,treatment,0,9,0.6506,0,0.2936,173,9,106.67
mech_md00_ppon_r05,mechanism_sweep,1274,treatment,1,11,0.5694,0,0.2413,171,13,106.91
mech_md00_ppon_r05,mechanism_sweep,1274,treatment,2,1,0.4558,0,0.0,14,0,103.0
mech_md00_ppon_r05,mechanism_sweep,1274,treatment,3,0,0,0,0,0,0,0
mech_md00_ppon_r05,mechanism_sweep,1274,treatment,4,1,0.663,0,0.0,20,0,100.0
mech_md00_ppon_r05,mechanism_sweep,1411,control,0,5,0.6328,0,0.3204,96,1,82.4
mech_md00_ppon_r05,mechanism_sweep,1411,control,1,4,0.6779,0,0.3459,81,0,100.25
mech_md00_ppon_r05,mechanism_sweep,1411,control,2,1,0.6305,0,0.0,21,0,115.0
mech_md00_ppon_r05,mechanism_sweep,1411,control,3,0,0,0,0,0,0,0
mech_md00_ppon_r05,mechanism_sweep,1411,control,4,1,0.6073,0,0.0,14,0,94.0
mech_md00_ppon_r05,mechanism_sweep,1411,treatment,0,2,0.6136,0,0.4223,37,0,86.0
mech_md00_ppon_r05,mechanism_sweep,1411,treatment,1,3,0.6886,0,0.3599,64,0,106.67
mech_md00_ppon_r05,mechanism_sweep,1411,treatment,2,0,0,0,0,0,0,0
mech_md00_ppon_r05,mechanism_sweep,1411,treatment,3,2,0.657,0,0.292,49,1,99.0
mech_md00_ppon_r05,mechanism_sweep,1411,treatment,4,0,0,0,0,0,0,0
mech_md00_ppon_r05,mechanism_sweep,1548,control,0,3,0.653,0,0.2709,66,3,82.0
mech_md00_ppon_r05,mechanism_sweep,1548,control,1,4,0.61,0,0.2659,77,2,112.5
mech_md00_ppon_r05,mechanism_sweep,1548,control,2,1,0.6196,0,0.0,21,0,163.0
mech_md00_ppon_r05,mechanism_sweep,1548,control,3,2,0.6123,0,0.2969,38,0,91.5
mech_md00_ppon_r05,mechanism_sweep,1548,control,4,1,0.6597,0,0.0,20,0,90.0
mech_md00_ppon_r05,mechanism_sweep,1548,treatment,0,4,0.6973,0,0.2889,84,2,118.5
mech_md00_ppon_r05,mechanism_sweep,1548,treatment,1,2,0.6466,0,0.501,31,1,97.5
mech_md00_ppon_r05,mechanism_sweep,1548,treatment,2,4,0.7915,0,0.3041,87,9,96.0
mech_md00_ppon_r05,mechanism_sweep,1548,treatment,3,10,0.7329,0,0.2338,186,12,92.2
mech_md00_ppon_r05,mechanism_sweep,1548,treatment,4,14,0.618,0,0.2448,244,11,97.64
mech_md00_ppon_r05,mechanism_sweep,1685,control,0,9,0.5849,0,0.2611,161,13,94.44
mech_md00_ppon_r05,mechanism_sweep,1685,control,1,8,0.52,0,0.2823,122,10,112.38
mech_md00_ppon_r05,mechanism_sweep,1685,control,2,3,0.6404,0,0.2859,61,4,104.0
mech_md00_ppon_r05,mechanism_sweep,1685,control,3,22,0.5234,0,0.2203,320,30,113.59
mech_md00_ppon_r05,mechanism_sweep,1685,control,4,2,0.6221,0,0.0329,42,2,110.0
mech_md00_ppon_r05,mechanism_sweep,1685,treatment,0,11,0.5561,0,0.2791,189,9,109.91
mech_md00_ppon_r05,mechanism_sweep,1685,treatment,1,3,0.6828,0,0.3163,63,1,128.67
mech_md00_ppon_r05,mechanism_sweep,1685,treatment,2,1,0.7173,0,0.0,20,0,100.0
mech_md00_ppon_r05,mechanism_sweep,1685,treatment,3,2,0.6877,0,0.2823,36,4,115.0
mech_md00_ppon_r05,mechanism_sweep,1685,treatment,4,1,0.7769,0,0.0,23,3,116.0
mech_md00_ppon_r05,mechanism_sweep,1822,control,0,6,0.4931,0,0.3026,86,7,93.33
mech_md00_ppon_r05,mechanism_sweep,1822,control,1,4,0.514,0,0.2768,69,0,91.25
mech_md00_ppon_r05,mechanism_sweep,1822,control,2,1,0.5299,0,0.0,20,0,39.0
mech_md00_ppon_r05,mechanism_sweep,1822,control,3,2,0.4952,0,0.1168,31,2,106.5
mech_md00_ppon_r05,mechanism_sweep,1822,control,4,1,0.5699,0,0.0,37,0,119.0
mech_md00_ppon_r05,mechanism_sweep,1822,treatment,0,3,0.6317,0,0.3849,60,1,120.0
mech_md00_ppon_r05,mechanism_sweep,1822,treatment,1,11,0.6129,0,0.2646,208,8,109.18
mech_md00_ppon_r05,mechanism_sweep,1822,treatment,2,5,0.6002,0,0.2628,101,2,87.4
mech_md00_ppon_r05,mechanism_sweep,1822,treatment,3,5,0.6165,0,0.3249,85,4,91.4
mech_md00_ppon_r05,mechanism_sweep,1822,treatment,4,3,0.746,0,0.3305,63,2,103.33
mech_md00_ppon_r05,mechanism_sweep,1959,control,0,6,0.6941,0,0.3686,121,2,117.0
mech_md00_ppon_r05,mechanism_sweep,1959,control,1,6,0.6827,0,0.3155,128,4,92.5
mech_md00_ppon_r05,mechanism_sweep,1959,control,2,5,0.6241,0,0.2926,86,2,110.6
mech_md00_ppon_r05,mechanism_sweep,1959,control,3,15,0.4911,0,0.1667,172,13,107.2
mech_md00_ppon_r05,mechanism_sweep,1959,control,4,10,0.5294,0,0.1686,135,4,117.8
mech_md00_ppon_r05,mechanism_sweep,1959,treatment,0,11,0.6413,0,0.2957,194,11,104.64
mech_md00_ppon_r05,mechanism_sweep,1959,treatment,1,5,0.5406,0,0.3668,76,2,100.2
mech_md00_ppon_r05,mechanism_sweep,1959,treatment,2,3,0.5611,0,0.2565,56,2,63.67
mech_md00_ppon_r05,mechanism_sweep,1959,treatment,3,2,0.6345,0,0.3589,39,0,100.0
mech_md00_ppon_r05,mechanism_sweep,1959,treatment,4,1,0.4437,0,0.0,11,0,161.0
mech_md00_ppon_r05,mechanism_sweep,2096,control,0,6,0.646,0,0.312,119,2,121.0
mech_md00_ppon_r05,mechanism_sweep,2096,control,1,2,0.5221,0,0.2258,32,0,116.5
mech_md00_ppon_r05,mechanism_sweep,2096,control,2,4,0.6416,0,0.2455,81,2,108.5
mech_md00_ppon_r05,mechanism_sweep,2096,control,3,1,0.7051,0,0.0,41,1,60.0
mech_md00_ppon_r05,mechanism_sweep,2096,control,4,3,0.5813,0,0.3595,60,1,61.0
mech_md00_ppon_r05,mechanism_sweep,2096,treatment,0,7,0.632,0,0.2794,140,7,105.29
mech_md00_ppon_r05,mechanism_sweep,2096,treatment,1,3,0.6106,0,0.3185,61,0,96.67
mech_md00_ppon_r05,mechanism_sweep,2096,treatment,2,6,0.6649,0,0.2856,122,5,108.67
mech_md00_ppon_r05,mechanism_sweep,2096,treatment,3,1,0.6187,0,0.0,20,0,99.0
mech_md00_ppon_r05,mechanism_sweep,2096,treatment,4,3,0.6283,0,0.3321,59,0,82.67
mech_md00_ppon_r05,mechanism_sweep,2233,control,0,3,0.7385,0,0.3217,65,4,115.0
mech_md00_ppon_r05,mechanism_sweep,2233,control,1,0,0,0,0,0,0,0
mech_md00_ppon_r05,mechanism_sweep,2233,control,2,2,0.569,0,0.3142,36,0,108.5
mech_md00_ppon_r05,mechanism_sweep,2233,control,3,9,0.4806,0,0.0825,92,11,93.67
mech_md00_ppon_r05,mechanism_sweep,2233,control,4,11,0.529,0,0.2327,124,7,92.18
mech_md00_ppon_r05,mechanism_sweep,2233,treatment,0,2,0.6594,0,0.2923,40,1,46.0
mech_md00_ppon_r05,mechanism_sweep,2233,treatment,1,3,0.7337,0,0.3199,65,10,107.67
mech_md00_ppon_r05,mechanism_sweep,2233,treatment,2,3,0.5469,0,0.2352,52,0,100.0
mech_md00_ppon_r05,mechanism_sweep,2233,treatment,3,1,0.6835,0,0.0,22,1,107.0
mech_md00_ppon_r05,mechanism_sweep,2233,treatment,4,1,0.6128,0,0.0,23,0,99.0
mech_md00_ppon_r05,mechanism_sweep,2370,control,0,6,0.6315,0,0.3552,116,3,105.33
mech_md00_ppon_r05,mechanism_sweep,2370,control,1,10,0.5958,0,0.312,183,7,87.7
mech_md00_ppon_r05,mechanism_sweep,2370,control,2,10,0.562,0,0.263,161,9,96.5
mech_md00_ppon_r05,mechanism_sweep,2370,control,3,3,0.6465,0,0.2825,64,1,109.0
mech_md00_ppon_r05,mechanism_sweep,2370,control,4,6,0.5832,0,0.2273,120,2,87.33
mech_md00_ppon_r05,mechanism_sweep,2370,treatment,0,10,0.5582,0,0.2902,169,4,117.1
mech_md00_ppon_r05,mechanism_sweep,2370,treatment,1,5,0.5625,0,0.312,86,2,61.0
mech_md00_ppon_r05,mechanism_sweep,2370,treatment,2,7,0.6174,0,0.3253,144,2,108.57
mech_md00_ppon_r05,mechanism_sweep,2370,treatment,3,3,0.5919,0,0.2259,50,3,94.33
mech_md00_ppon_r05,mechanism_sweep,2370,treatment,4,5,0.6358,0,0.2536,98,3,127.0
mech_md00_ppon_r05,mechanism_sweep,2507,control,0,3,0.6603,0,0.315,61,0,107.0
mech_md00_ppon_r05,mechanism_sweep,2507,control,1,4,0.7044,0,0.3092,86,2,139.5
mech_md00_ppon_r05,mechanism_sweep,2507,control,2,6,0.6326,0,0.3592,121,1,106.17
mech_md00_ppon_r05,mechanism_sweep,2507,control,3,8,0.6398,0,0.2785,162,1,100.75
mech_md00_ppon_r05,mechanism_sweep,2507,control,4,1,0.6721,0,0.0,20,0,100.0
mech_md00_ppon_r05,mechanism_sweep,2507,treatment,0,7,0.5979,0,0.3245,145,1,103.57
mech_md00_ppon_r05,mechanism_sweep,2507,treatment,1,3,0.6189,0,0.3061,60,0,95.0
mech_md00_ppon_r05,mechanism_sweep,2507,treatment,2,5,0.6403,0,0.3324,99,2,105.4
mech_md00_ppon_r05,mechanism_sweep,2507,treatment,3,2,0.825,0,0.2437,43,5,75.0
mech_md00_ppon_r05,mechanism_sweep,2507,treatment,4,0,0,0,0,0,0,0
mech_md00_ppon_r05,mechanism_sweep,2644,control,0,2,0.629,0,0.2272,45,1,137.5
mech_md00_ppon_r05,mechanism_sweep,2644,control,1,3,0.6371,0,0.224,60,0,96.67
mech_md00_ppon_r05,mechanism_sweep,2644,control,2,1,0.7188,0,0.0,22,2,120.0
mech_md00_ppon_r05,mechanism_sweep,2644,control,3,2,0.5443,0,0.3107,38,0,76.0
mech_md00_ppon_r05,mechanism_sweep,2644,control,4,0,0,0,0,0,0,0
mech_md00_ppon_r05,mechanism_sweep,2644,treatment,0,4,0.4402,0,0.2716,54,2,99.5
mech_md00_ppon_r05,mechanism_sweep,2644,treatment,1,7,0.6475,0,0.3218,139,2,98.0
mech_md00_ppon_r05,mechanism_sweep,2644,treatment,2,2,0.6968,0,0.3243,44,2,154.5
mech_md00_ppon_r05,mechanism_sweep,2644,treatment,3,1,0.5864,0,0.0,20,0,100.0
mech_md00_ppon_r05,mechanism_sweep,2644,treatment,4,0,0,0,0,0,0,0
mech_md00_ppon_r05,mechanism_sweep,2781,control,0,7,0.636,0,0.2764,151,5,103.14
mech_md00_ppon_r05,mechanism_sweep,2781,control,1,8,0.632,0,0.2849,144,3,101.88
mech_md00_ppon_r05,mechanism_sweep,2781,control,2,1,0.8682,0,0.0,22,2,120.0
mech_md00_ppon_r05,mechanism_sweep,2781,control,3,3,0.6979,0,0.2621,62,1,112.33
mech_md00_ppon_r05,mechanism_sweep,2781,control,4,3,0.6628,0,0.3218,59,1,101.33
mech_md00_ppon_r05,mechanism_sweep,2781,treatment,0,8,0.6601,0,0.3096,173,10,95.75
mech_md00_ppon_r05,mechanism_sweep,2781,treatment,1,5,0.6873,0,0.3051,105,1,69.4
mech_md00_ppon_r05,mechanism_sweep,2781,treatment,2,8,0.6248,0,0.2555,148,6,103.12
mech_md00_ppon_r05,mechanism_sweep,2781,treatment,3,5,0.7215,0,0.2236,117,3,80.4
mech_md00_ppon_r05,mechanism_sweep,2781,treatment,4,2,0.7,0,0.3498,41,2,83.0
mech_md00_ppon_r05,mechanism_sweep,2918,control,0,5,0.6191,0,0.3649,89,0,110.6
mech_md00_ppon_r05,mechanism_sweep,2918,control,1,6,0.5514,0,0.2627,98,4,120.67
mech_md00_ppon_r05,mechanism_sweep,2918,control,2,32,0.4556,0,0.1216,344,42,117.41
mech_md00_ppon_r05,mechanism_sweep,2918,control,3,16,0.3775,0,0.1803,153,17,112.44
mech_md00_ppon_r05,mechanism_sweep,2918,control,4,8,0.588,0,0.0966,117,9,118.0
mech_md00_ppon_r05,mechanism_sweep,2918,treatment,0,6,0.526,0,0.3658,87,3,97.0
mech_md00_ppon_r05,mechanism_sweep,2918,treatment,1,5,0.7121,0,0.3607,104,3,102.6
mech_md00_ppon_r05,mechanism_sweep,2918,treatment,2,3,0.6561,0,0.3559,63,1,100.33
mech_md00_ppon_r05,mechanism_sweep,2918,treatment,3,1,0.5993,0,0.0,26,0,102.0
mech_md00_ppon_r05,mechanism_sweep,2918,treatment,4,1,0.7373,0,0.0,18,0,164.0
mech_md00_ppon_r05,mechanism_sweep,3055,control,0,7,0.6098,0,0.3416,143,0,107.14
mech_md00_ppon_r05,mechanism_sweep,3055,control,1,5,0.5451,0,0.2806,77,4,122.0
mech_md00_ppon_r05,mechanism_sweep,3055,control,2,0,0,0,0,0,0,0
mech_md00_ppon_r05,mechanism_sweep,3055,control,3,11,0.4894,0,0.267,157,4,102.73
mech_md00_ppon_r05,mechanism_sweep,3055,control,4,4,0.3841,0,0.2716,45,1,74.5
mech_md00_ppon_r05,mechanism_sweep,3055,treatment,0,5,0.6153,0,0.2802,103,0,124.4
mech_md00_ppon_r05,mechanism_sweep,3055,treatment,1,3,0.5797,0,0.28,61,0,86.67
mech_md00_ppon_r05,mechanism_sweep,3055,treatment,2,4,0.5699,0,0.2313,74,2,96.0
mech_md00_ppon_r05,mechanism_sweep,3055,treatment,3,2,0.6353,0,0.3561,40,0,100.0
mech_md00_ppon_r05,mechanism_sweep,3055,treatment,4,3,0.6159,0,0.2729,54,1,97.33
mech_md00_ppon_r05,mechanism_sweep,3192,control,0,2,0.6292,0,0.2497,42,1,112.5
mech_md00_ppon_r05,mechanism_sweep,3192,control,1,4,0.649,0,0.2669,81,2,90.75
mech_md00_ppon_r05,mechanism_sweep,3192,control,2,0,0,0,0,0,0,0
mech_md00_ppon_r05,mechanism_sweep,3192,control,3,3,0.6468,0,0.3146,64,1,139.67
mech_md00_ppon_r05,mechanism_sweep,3192,control,4,4,0.5342,0,0.113,67,7,120.25
mech_md00_ppon_r05,mechanism_sweep,3192,treatment,0,2,0.5871,0,0.3061,39,0,75.0
mech_md00_ppon_r05,mechanism_sweep,3192,treatment,1,2,0.6479,0,0.3849,41,1,104.0
mech_md00_ppon_r05,mechanism_sweep,3192,treatment,2,3,0.5949,0,0.2413,50,1,112.67
mech_md00_ppon_r05,mechanism_sweep,3192,treatment,3,1,0.5935,0,0.0,20,0,100.0
mech_md00_ppon_r05,mechanism_sweep,3192,treatment,4,1,0.5935,0,0.0,20,0,100.0
mech_md00_ppon_r05,mechanism_sweep,3329,control,0,5,0.6206,0,0.355,110,0,103.8
mech_md00_ppon_r05,mechanism_sweep,3329,control,1,3,0.6509,0,0.3301,61,0,111.33
mech_md00_ppon_r05,mechanism_sweep,3329,control,2,4,0.6284,0,0.1994,83,4,120.5
mech_md00_ppon_r05,mechanism_sweep,3329,control,3,2,0.5919,0,0.2128,42,0,122.5
mech_md00_ppon_r05,mechanism_sweep,3329,control,4,1,0.6198,0,0.0,21,0,117.0
mech_md00_ppon_r05,mechanism_sweep,3329,treatment,0,7,0.5433,0,0.3287,126,3,124.29
mech_md00_ppon_r05,mechanism_sweep,3329,treatment,1,1,0.5456,0,0.0,18,1,90.0
mech_md00_ppon_r05,mechanism_sweep,3329,treatment,2,3,0.6243,0,0.2902,61,1,172.33
mech_md00_ppon_r05,mechanism_sweep,3329,treatment,3,5,0.6204,0,0.2344,97,3,111.0
mech_md00_ppon_r05,mechanism_sweep,3329,treatment,4,4,0.5576,0,0.4075,73,2,111.0
mech_md00_ppon_r05,mechanism_sweep,3466,control,0,2,0.6487,0,0.3351,41,1,101.0
mech_md00_ppon_r05,mechanism_sweep,3466,control,1,14,0.5418,0,0.2512,216,17,101.93
mech_md00_ppon_r05,mechanism_sweep,3466,control,2,7,0.4855,0,0.2032,99,3,89.29
mech_md00_ppon_r05,mechanism_sweep,3466,control,3,27,0.4596,0,0.2371,345,36,86.96
mech_md00_ppon_r05,mechanism_sweep,3466,control,4,11,0.4468,0,0.1648,131,19,99.91
mech_md00_ppon_r05,mechanism_sweep,3466,treatment,0,5,0.7172,0,0.3266,102,3,94.0
mech_md00_ppon_r05,mechanism_sweep,3466,treatment,1,4,0.6964,0,0.2884,82,1,104.75
mech_md00_ppon_r05,mechanism_sweep,3466,treatment,2,0,0,0,0,0,0,0
mech_md00_ppon_r05,mechanism_sweep,3466,treatment,3,2,0.5307,0,0.184,32,1,113.5
mech_md00_ppon_r05,mechanism_sweep,3466,treatment,4,2,0.6128,0,0.307,39,0,68.0
mech_md00_ppon_r05,mechanism_sweep,3603,control,0,7,0.6289,0,0.3026,140,1,93.0
mech_md00_ppon_r05,mechanism_sweep,3603,control,1,2,0.7775,0,0.2689,43,4,91.0
mech_md00_ppon_r05,mechanism_sweep,3603,control,2,1,0.5722,0,0.0,20,0,100.0
mech_md00_ppon_r05,mechanism_sweep,3603,control,3,4,0.5341,0,0.3326,65,1,103.5
mech_md00_ppon_r05,mechanism_sweep,3603,control,4,3,0.7592,0,0.1169,66,5,133.0
mech_md00_ppon_r05,mechanism_sweep,3603,treatment,0,2,0.6314,0,0.325,42,1,130.0
mech_md00_ppon_r05,mechanism_sweep,3603,treatment,1,11,0.4354,0,0.2596,138,4,118.91
mech_md00_ppon_r05,mechanism_sweep,3603,treatment,2,2,0.6397,0,0.0997,26,1,122.5
mech_md00_ppon_r05,mechanism_sweep,3603,treatment,3,5,0.6443,0,0.247,71,1,100.4
mech_md00_ppon_r05,mechanism_sweep,3603,treatment,4,11,0.3799,0,0.2013,99,14,84.91
mech_md00_ppon_r05,mechanism_sweep,3740,control,0,7,0.6382,0,0.3285,144,2,106.29
mech_md00_ppon_r05,mechanism_sweep,3740,control,1,6,0.5857,0,0.2611,106,2,100.33
mech_md00_ppon_r05,mechanism_sweep,3740,control,2,7,0.6935,0,0.2708,140,4,106.86
mech_md00_ppon_r05,mechanism_sweep,3740,control,3,3,0.7336,0,0.1772,63,0,133.0
mech_md00_ppon_r05,mechanism_sweep,3740,control,4,2,0.8129,0,0.2647,43,3,115.0
mech_md00_ppon_r05,mechanism_sweep,3740,treatment,0,9,0.6191,0,0.3261,172,5,107.78
mech_md00_ppon_r05,mechanism_sweep,3740,treatment,1,4,0.5902,0,0.2568,69,4,133.75
mech_md00_ppon_r05,mechanism_sweep,3740,treatment,2,6,0.6769,0,0.2623,119,4,104.33
mech_md00_ppon_r05,mechanism_sweep,3740,treatment,3,10,0.5165,0,0.2178,151,6,109.7
mech_md00_ppon_r05,mechanism_sweep,3740,treatment,4,8,0.5725,0,0.2411,130,8,111.62
mech_md00_ppon_r05,mechanism_sweep,3877,control,0,5,0.6874,0,0.2605,103,2,97.0
mech_md00_ppon_r05,mechanism_sweep,3877,control,1,3,0.7159,0,0.1595,65,2,135.33
mech_md00_ppon_r05,mechanism_sweep,3877,control,2,3,0.6671,0,0.1778,60,3,132.0
mech_md00_ppon_r05,mechanism_sweep,3877,control,3,9,0.4727,0,0.1487,123,14,110.0
mech_md00_ppon_r05,mechanism_sweep,3877,control,4,3,0.4268,0,0.1318,41,2,109.0
mech_md00_ppon_r05,mechanism_sweep,3877,treatment,0,4,0.6722,0,0.3282,83,0,143.0
mech_md00_ppon_r05,mechanism_sweep,3877,treatment,1,3,0.618,0,0.2203,54,3,100.67
mech_md00_ppon_r05,mechanism_sweep,3877,treatment,2,1,0.733,0,0.0,23,2,170.0
mech_md00_ppon_r05,mechanism_sweep,3877,treatment,3,0,0,0,0,0,0,0
mech_md00_ppon_r05,mechanism_sweep,3877,treatment,4,1,0.6586,0,0.0,20,0,100.0
mech_md00_ppon_r05,mechanism_sweep,4014,control,0,8,0.709,0,0.2891,170,7,107.88
mech_md00_ppon_r05,mechanism_sweep,4014,control,1,9,0.6016,0,0.2537,166,6,108.44
mech_md00_ppon_r05,mechanism_sweep,4014,control,2,8,0.5814,0,0.2115,143,5,112.0
mech_md00_ppon_r05,mechanism_sweep,4014,control,3,50,0.474,0,0.2292,666,81,111.56
mech_md00_ppon_r05,mechanism_sweep,4014,control,4,12,0.5621,0,0.1733,196,13,119.67
mech_md00_ppon_r05,mechanism_sweep,4014,treatment,0,10,0.5333,0,0.3038,164,4,85.7
mech_md00_ppon_r05,mechanism_sweep,4014,treatment,1,2,0.5874,0,0.3684,34,0,84.5
mech_md00_ppon_r05,mechanism_sweep,4014,treatment,2,2,0.6031,0,0.3872,39,0,75.0
mech_md00_ppon_r05,mechanism_sweep,4014,treatment,3,0,0,0,0,0,0,0
mech_md00_ppon_r05,mechanism_sweep,4014,treatment,4,0,0,0,0,0,0,0
mech_md00_ppon_r05,mechanism_sweep,4151,control,0,3,0.5273,0,0.301,49,3,124.67
mech_md00_ppon_r05,mechanism_sweep,4151,control,1,5,0.6562,0,0.3512,102,2,104.0
mech_md00_ppon_r05,mechanism_sweep,4151,control,2,0,0,0,0,0,0,0
mech_md00_ppon_r05,mechanism_sweep,4151,control,3,2,0.7289,0,0.246,41,1,103.5
mech_md00_ppon_r05,mechanism_sweep,4151,control,4,2,0.6521,0,0.2304,37,2,101.0
mech_md00_ppon_r05,mechanism_sweep,4151,treatment,0,11,0.6556,0,0.2967,233,7,108.36
mech_md00_ppon_r05,mechanism_sweep,4151,treatment,1,7,0.6272,0,0.2965,148,3,122.71
mech_md00_ppon_r05,mechanism_sweep,4151,treatment,2,11,0.5078,0,0.2607,173,16,102.0
mech_md00_ppon_r05,mechanism_sweep,4151,treatment,3,18,0.5965,0,0.2789,333,17,107.78
mech_md00_ppon_r05,mechanism_sweep,4151,treatment,4,7,0.5875,0,0.2137,132,2,117.0
mech_md00_ppon_r05,mechanism_sweep,4288,control,0,2,0.6489,0,0.2362,44,1,146.5
mech_md00_ppon_r05,mechanism_sweep,4288,control,1,10,0.6308,0,0.2887,194,12,125.4
mech_md00_ppon_r05,mechanism_sweep,4288,control,2,7,0.5762,0,0.2774,135,1,109.57
mech_md00_ppon_r05,mechanism_sweep,4288,control,3,6,0.6408,0,0.3137,111,2,98.33
mech_md00_ppon_r05,mechanism_sweep,4288,control,4,6,0.6362,0,0.3221,113,0,125.83
mech_md00_ppon_r05,mechanism_sweep,4288,treatment,0,4,0.6335,0,0.3749,86,0,115.75
mech_md00_ppon_r05,mechanism_sweep,4288,treatment,1,11,0.3736,0,0.2497,108,10,107.18
mech_md00_ppon_r05,mechanism_sweep,4288,treatment,2,9,0.661,0,0.2676,170,8,116.56
mech_md00_ppon_r05,mechanism_sweep,4288,treatment,3,5,0.669,0,0.2344,96,3,105.0
mech_md00_ppon_r05,mechanism_sweep,4288,treatment,4,3,0.5474,0,0.1841,48,0,71.67
mech_md00_ppon_r05,mechanism_sweep,4425,control,0,8,0.537,0,0.2318,137,10,108.12
mech_md00_ppon_r05,mechanism_sweep,4425,control,1,1,0.6079,0,0.0,20,0,93.0
mech_md00_ppon_r05,mechanism_sweep,4425,control,2,6,0.599,0,0.246,117,2,110.33
mech_md00_ppon_r05,mechanism_sweep,4425,control,3,2,0.6691,0,0.2327,43,1,141.0
mech_md00_ppon_r05,mechanism_sweep,4425,control,4,13,0.5058,0,0.2041,194,10,111.54
mech_md00_ppon_r05,mechanism_sweep,4425,treatment,0,5,0.603,0,0.2667,103,1,108.6
mech_md00_ppon_r05,mechanism_sweep,4425,treatment,1,6,0.637,0,0.3053,114,3,107.17
mech_md00_ppon_r05,mechanism_sweep,4425,treatment,2,4,0.6689,0,0.2822,76,5,86.0
mech_md00_ppon_r05,mechanism_sweep,4425,treatment,3,2,0.6116,0,0.2495,30,2,124.0
mech_md00_ppon_r05,mechanism_sweep,4425,treatment,4,1,0.8707,0,0.0,22,2,120.0
mech_md00_ppon_r05,mechanism_sweep,4562,control,0,4,0.6126,0,0.3073,72,1,86.25
mech_md00_ppon_r05,mechanism_sweep,4562,control,1,1,0.7627,0,0.0,22,1,127.0
mech_md00_ppon_r05,mechanism_sweep,4562,control,2,3,0.7053,0,0.1822,72,2,79.33
mech_md00_ppon_r05,mechanism_sweep,4562,control,3,2,0.5706,0,0.2223,38,0,91.5
mech_md00_ppon_r05,mechanism_sweep,4562,control,4,0,0,0,0,0,0,0
mech_md00_ppon_r05,mechanism_sweep,4562,treatment,0,0,0,0,0,0,0,0
mech_md00_ppon_r05,mechanism_sweep,4562,treatment,1,4,0.534,0,0.1906,63,2,82.25
mech_md00_ppon_r05,mechanism_sweep,4562,treatment,2,3,0.6657,0,0.2541,57,3,127.33
mech_md00_ppon_r05,mechanism_sweep,4562,treatment,3,9,0.6605,0,0.2746,159,3,124.67
mech_md00_ppon_r05,mechanism_sweep,4562,treatment,4,20,0.5358,0,0.1564,250,27,112.85
mech_md00_ppon_r05,mechanism_sweep,4699,control,0,4,0.6815,0,0.2958,79,4,114.75
mech_md00_ppon_r05,mechanism_sweep,4699,control,1,6,0.6021,0,0.2416,117,4,92.33
mech_md00_ppon_r05,mechanism_sweep,4699,control,2,1,0.7476,0,0.0,21,1,105.0
mech_md00_ppon_r05,mechanism_sweep,4699,control,3,1,0.6688,0,0.0,18,1,13.0
mech_md00_ppon_r05,mechanism_sweep,4699,control,4,7,0.4816,0,0.1842,83,4,112.71
mech_md00_ppon_r05,mechanism_sweep,4699,treatment,0,9,0.6639,0,0.2589,178,6,99.78
mech_md00_ppon_r05,mechanism_sweep,4699,treatment,1,4,0.7341,0,0.1639,85,5,107.75
mech_md00_ppon_r05,mechanism_sweep,4699,treatment,2,5,0.7387,0,0.2984,106,5,102.6
mech_md00_ppon_r05,mechanism_sweep,4699,treatment,3,5,0.6371,0,0.2695,102,2,118.8
mech_md00_ppon_r05,mechanism_sweep,4699,treatment,4,1,0.5357,0,0.0,13,1,103.0
mech_md00_ppon_r05,mechanism_sweep,4836,control,0,4,0.6456,0,0.3319,83,1,121.75
mech_md00_ppon_r05,mechanism_sweep,4836,control,1,10,0.4659,0,0.27,126,13,111.4
mech_md00_ppon_r05,mechanism_sweep,4836,control,2,2,0.7361,0,0.1719,43,1,113.0
mech_md00_ppon_r05,mechanism_sweep,4836,control,3,0,0,0,0,0,0,0
mech_md00_ppon_r05,mechanism_sweep,4836,control,4,1,0.6983,0,0.0,21,1,110.0
mech_md00_ppon_r05,mechanism_sweep,4836,treatment,0,6,0.5632,0,0.2519,105,5,113.67
mech_md00_ppon_r05,mechanism_sweep,4836,treatment,1,1,0.617,0,0.0,19,0,111.0
mech_md00_ppon_r05,mechanism_sweep,4836,treatment,2,4,0.7394,0,0.2224,82,5,95.0
mech_md00_ppon_r05,mechanism_sweep,4836,treatment,3,5,0.5527,0,0.2841,76,2,98.2
mech_md00_ppon_r05,mechanism_sweep,4836,treatment,4,17,0.5604,0,0.2807,256,14,107.59
mech_md00_ppon_r05,mechanism_sweep,4973,control,0,6,0.5955,0,0.2554,116,1,96.33
mech_md00_ppon_r05,mechanism_sweep,4973,control,1,8,0.6328,0,0.2475,155,8,116.12
mech_md00_ppon_r05,mechanism_sweep,4973,control,2,23,0.4138,0,0.2453,251,19,98.09
mech_md00_ppon_r05,mechanism_sweep,4973,control,3,4,0.5774,0,0.1927,68,2,76.75
mech_md00_ppon_r05,mechanism_sweep,4973,control,4,9,0.569,0,0.2373,144,12,112.0
mech_md00_ppon_r05,mechanism_sweep,4973,treatment,0,6,0.6694,0,0.3397,116,3,96.17
mech_md00_ppon_r05,mechanism_sweep,4973,treatment,1,2,0.4844,0,0.3016,30,0,85.5
mech_md00_ppon_r05,mechanism_sweep,4973,treatment,2,10,0.539,0,0.2134,176,16,92.0
mech_md00_ppon_r05,mechanism_sweep,4973,treatment,3,2,0.5774,0,0.3895,41,0,92.0
mech_md00_ppon_r05,mechanism_sweep,4973,treatment,4,17,0.4345,0,0.1779,220,16,108.0
mech_md00_ppon_r10,mechanism_sweep,1000,control,0,2,0.6167,0,0.2905,36,0,99.5
mech_md00_ppon_r10,mechanism_sweep,1000,control,1,0,0,0,0,0,0,0
mech_md00_ppon_r10,mechanism_sweep,1000,control,2,4,0.6569,0,0.2604,92,0,117.0
mech_md00_ppon_r10,mechanism_sweep,1000,control,3,1,0.6501,0,0.0,22,1,101.0
mech_md00_ppon_r10,mechanism_sweep,1000,control,4,5,0.6024,0,0.1985,92,5,105.0
mech_md00_ppon_r10,mechanism_sweep,1000,treatment,0,11,0.6062,0,0.303,202,9,113.09
mech_md00_ppon_r10,mechanism_sweep,1000,treatment,1,10,0.6068,0,0.2897,179,5,123.2
mech_md00_ppon_r10,mechanism_sweep,1000,treatment,2,4,0.6215,0,0.2672,68,5,126.0
mech_md00_ppon_r10,mechanism_sweep,1000,treatment,3,2,0.4955,0,0.2606,22,0,108.0
mech_md00_ppon_r10,mechanism_sweep,1000,treatment,4,7,0.522,0,0.248,95,4,103.71
mech_md00_ppon_r10,mechanism_sweep,1137,control,0,4,0.6478,0,0.3082,83,1,124.0
mech_md00_ppon_r10,mechanism_sweep,1137,control,1,8,0.6582,0,0.2846,162,3,109.62
mech_md00_ppon_r10,mechanism_sweep,1137,control,2,2,0.7375,0,0.2362,43,1,119.5
mech_md00_ppon_r10,mechanism_sweep,1137,control,3,2,0.6401,0,0.2271,42,0,148.5
mech_md00_ppon_r10,mechanism_sweep,1137,control,4,2,0.654,0,0.1709,41,1,105.0
mech_md00_ppon_r10,mechanism_sweep,1137,treatment,0,2,0.6955,0,0.4336,40,0,100.0
mech_md00_ppon_r10,mechanism_sweep,1137,treatment,1,8,0.5861,0,0.3119,134,4,107.0
mech_md00_ppon_r10,mechanism_sweep,1137,treatment,2,5,0.7092,0,0.2679,108,5,113.6
mech_md00_ppon_r10,mechanism_sweep,1137,treatment,3,3,0.6745,0,0.2418,56,1,112.33
mech_md00_ppon_r10,mechanism_sweep,1137,treatment,4,5,0.576,0,0.3143,83,1,125.0
mech_md00_ppon_r10,mechanism_sweep,1274,control,0,3,0.6672,0,0.2438,56,2,71.67
mech_md00_ppon_r10,mechanism_sweep,1274,control,1,1,0.7799,0,0.0,20,1,103.0
mech_md00_ppon_r10,mechanism_sweep,1274,control,2,3,0.4704,0,0.2325,45,1,105.0
mech_md00_ppon_r10,mechanism_sweep,1274,control,3,5,0.6158,0,0.1527,79,2,106.0
mech_md00_ppon_r10,mechanism_sweep,1274,control,4,0,0,0,0,0,0,0
mech_md00_ppon_r10,mechanism_sweep,1274,treatment,0,6,0.6706,0,0.309,121,4,80.5
mech_md00_ppon_r10,mechanism_sweep,1274,treatment,1,13,0.5519,0,0.2762,214,9,106.46
mech_md00_ppon_r10,mechanism_sweep,1274,treatment,2,10,0.5978,0,0.2767,172,6,95.7
mech_md00_ppon_r10,mechanism_sweep,1274,treatment,3,4,0.5919,0,0.3462,71,2,87.75
mech_md00_ppon_r10,mechanism_sweep,1274,treatment,4,3,0.3034,0,0.0859,28,0,101.0
mech_md00_ppon_r10,mechanism_sweep,1411,control,0,5,0.6328,0,0.3204,96,1,82.4
mech_md00_ppon_r10,mechanism_sweep,1411,control,1,4,0.6779,0,0.3459,81,0,100.25
mech_md00_ppon_r10,mechanism_sweep,1411,control,2,1,0.6305,0,0.0,21,0,115.0
mech_md00_ppon_r10,mechanism_sweep,1411,control,3,0,0,0,0,0,0,0
mech_md00_ppon_r10,mechanism_sweep,1411,control,4,1,0.6073,0,0.0,14,0,94.0
mech_md00_ppon_r10,mechanism_sweep,1411,treatment,0,5,0.6109,0,0.3152,100,0,94.4
mech_md00_ppon_r10,mechanism_sweep,1411,treatment,1,0,0,0,0,0,0,0
mech_md00_ppon_r10,mechanism_sweep,1411,treatment,2,4,0.6003,0,0.2514,61,1,83.0
mech_md00_ppon_r10,mechanism_sweep,1411,treatment,3,3,0.4198,0,0.2824,34,0,106.33
mech_md00_ppon_r10,mechanism_sweep,1411,treatment,4,2,0.7416,0,0.2421,41,0,116.0
mech_md00_ppon_r10,mechanism_sweep,1548,control,0,3,0.653,0,0.2709,66,3,82.0
mech_md00_ppon_r10,mechanism_sweep,1548,control,1,4,0.61,0,0.2659,77,2,112.5
mech_md00_ppon_r10,mechanism_sweep,1548,control,2,1,0.6196,0,0.0,21,0,163.0
mech_md00_ppon_r10,mechanism_sweep,1548,control,3,2,0.6123,0,0.2969,38,0,91.5
mech_md00_ppon_r10,mechanism_sweep,1548,control,4,1,0.6597,0,0.0,20,0,90.0
mech_md00_ppon_r10,mechanism_sweep,1548,treatment,0,6,0.572,0,0.3115,107,1,92.67
mech_md00_ppon_r10,mechanism_sweep,1548,treatment,1,6,0.6554,0,0.332,121,0,100.67
mech_md00_ppon_r10,mechanism_sweep,1548,treatment,2,12,0.6512,0,0.2237,197,12,111.75
mech_md00_ppon_r10,mechanism_sweep,1548,treatment,3,4,0.6709,0,0.2022,72,2,126.75
mech_md00_ppon_r10,mechanism_sweep,1548,treatment,4,6,0.6821,0,0.2761,116,0,115.83
mech_md00_ppon_r10,mechanism_sweep,1685,control,0,9,0.5849,0,0.2611,161,13,94.44
mech_md00_ppon_r10,mechanism_sweep,1685,control,1,8,0.52,0,0.2823,122,10,112.38
mech_md00_ppon_r10,mechanism_sweep,1685,control,2,3,0.6404,0,0.2859,61,4,104.0
mech_md00_ppon_r10,mechanism_sweep,1685,control,3,22,0.5234,0,0.2203,320,30,113.59
mech_md00_ppon_r10,mechanism_sweep,1685,control,4,2,0.6221,0,0.0329,42,2,110.0
mech_md00_ppon_r10,mechanism_sweep,1685,treatment,0,4,0.575,0,0.3299,70,2,89.5
mech_md00_ppon_r10,mechanism_sweep,1685,treatment,1,11,0.6083,0,0.2742,201,9,103.64
mech_md00_ppon_r10,mechanism_sweep,1685,treatment,2,0,0,0,0,0,0,0
mech_md00_ppon_r10,mechanism_sweep,1685,treatment,3,2,0.6262,0,0.1374,37,1,83.0
mech_md00_ppon_r10,mechanism_sweep,1685,treatment,4,8,0.6606,0,0.2819,154,9,117.38
mech_md00_ppon_r10,mechanism_sweep,1822,control,0,6,0.4931,0,0.3026,86,7,93.33
mech_md00_ppon_r10,mechanism_sweep,1822,control,1,4,0.514,0,0.2768,69,0,91.25
mech_md00_ppon_r10,mechanism_sweep,1822,control,2,1,0.5299,0,0.0,20,0,39.0
mech_md00_ppon_r10,mechanism_sweep,1822,control,3,2,0.4952,0,0.1168,31,2,106.5
mech_md00_ppon_r10,mechanism_sweep,1822,control,4,1,0.5699,0,0.0,37,0,119.0
mech_md00_ppon_r10,mechanism_sweep,1822,treatment,0,3,0.5584,0,0.3102,55,1,48.0
mech_md00_ppon_r10,mechanism_sweep,1822,treatment,1,2,0.5506,0,0.2836,32,1,119.5
mech_md00_ppon_r10,mechanism_sweep,1822,treatment,2,2,0.632,0,0.2057,41,1,104.5
mech_md00_ppon_r10,mechanism_sweep,1822,treatment,3,1,0.5431,0,0.0,12,0,123.0
mech_md00_ppon_r10,mechanism_sweep,1822,treatment,4,1,0.6655,0,0.0,20,0,93.0
mech_md00_ppon_r10,mechanism_sweep,1959,control,0,6,0.6941,0,0.3686,121,2,117.0
mech_md00_ppon_r10,mechanism_sweep,1959,control,1,6,0.6827,0,0.3155,128,4,92.5
mech_md00_ppon_r10,mechanism_sweep,1959,control,2,5,0.6241,0,0.2926,86,2,110.6
mech_md00_ppon_r10,mechanism_sweep,1959,control,3,15,0.4911,0,0.1667,172,13,107.2
mech_md00_ppon_r10,mechanism_sweep,1959,control,4,10,0.5294,0,0.1686,135,4,117.8
mech_md00_ppon_r10,mechanism_sweep,1959,treatment,0,15,0.6171,0,0.3139,275,11,117.07
mech_md00_ppon_r10,mechanism_sweep,1959,treatment,1,5,0.6089,0,0.321,97,3,100.0
mech_md00_ppon_r10,mechanism_sweep,1959,treatment,2,5,0.63,0,0.2014,95,5,110.6
mech_md00_ppon_r10,mechanism_sweep,1959,treatment,3,4,0.6239,0,0.2781,82,3,99.25
mech_md00_ppon_r10,mechanism_sweep,1959,treatment,4,10,0.5091,0,0.1955,125,8,80.4
mech_md00_ppon_r10,mechanism_sweep,2096,control,0,6,0.646,0,0.312,119,2,121.0
mech_md00_ppon_r10,mechanism_sweep,2096,control,1,2,0.5221,0,0.2258,32,0,116.5
mech_md00_ppon_r10,mechanism_sweep,2096,control,2,4,0.6416,0,0.2455,81,2,108.5
mech_md00_ppon_r10,mechanism_sweep,2096,control,3,1,0.7051,0,0.0,41,1,60.0
mech_md00_ppon_r10,mechanism_sweep,2096,control,4,3,0.5813,0,0.3595,60,1,61.0
mech_md00_ppon_r10,mechanism_sweep,2096,treatment,0,7,0.674,0,0.2925,144,3,107.71
mech_md00_ppon_r10,mechanism_sweep,2096,treatment,1,7,0.6135,0,0.2059,140,3,95.71
mech_md00_ppon_r10,mechanism_sweep,2096,treatment,2,10,0.5798,0,0.2651,178,9,115.4
mech_md00_ppon_r10,mechanism_sweep,2096,treatment,3,10,0.5578,0,0.2564,180,8,85.3
mech_md00_ppon_r10,mechanism_sweep,2096,treatment,4,5,0.5504,0,0.3019,74,0,80.0
mech_md00_ppon_r10,mechanism_sweep,2233,control,0,3,0.7385,0,0.3217,65,4,115.0
mech_md00_ppon_r10,mechanism_sweep,2233,control,1,0,0,0,0,0,0,0
mech_md00_ppon_r10,mechanism_sweep,2233,control,2,2,0.569,0,0.3142,36,0,108.5
mech_md00_ppon_r10,mechanism_sweep,2233,control,3,9,0.4806,0,0.0825,92,11,93.67
mech_md00_ppon_r10,mechanism_sweep,2233,control,4,11,0.529,0,0.2327,124,7,92.18
mech_md00_ppon_r10,mechanism_sweep,2233,treatment,0,4,0.6154,0,0.3734,86,0,105.0
mech_md00_ppon_r10,mechanism_sweep,2233,treatment,1,4,0.5271,0,0.3397,72,0,113.5
mech_md00_ppon_r10,mechanism_sweep,2233,treatment,2,10,0.5362,0,0.2873,144,3,110.0
mech_md00_ppon_r10,mechanism_sweep,2233,treatment,3,8,0.5188,0,0.2212,123,8,112.88
mech_md00_ppon_r10,mechanism_sweep,2233,treatment,4,2,0.5125,0,0.3067,29,0,105.0
mech_md00_ppon_r10,mechanism_sweep,2370,control,0,6,0.6315,0,0.3552,116,3,105.33
mech_md00_ppon_r10,mechanism_sweep,2370,control,1,10,0.5958,0,0.312,183,7,87.7
mech_md00_ppon_r10,mechanism_sweep,2370,control,2,10,0.562,0,0.263,161,9,96.5
mech_md00_ppon_r10,mechanism_sweep,2370,control,3,3,0.6465,0,0.2825,64,1,109.0
mech_md00_ppon_r10,mechanism_sweep,2370,control,4,6,0.5832,0,0.2273,120,2,87.33
mech_md00_ppon_r10,mechanism_sweep,2370,treatment,0,8,0.586,0,0.3331,148,5,112.75
mech_md00_ppon_r10,mechanism_sweep,2370,treatment,1,9,0.6524,0,0.3515,175,4,100.56
mech_md00_ppon_r10,mechanism_sweep,2370,treatment,2,3,0.5796,0,0.3571,52,0,74.0
mech_md00_ppon_r10,mechanism_sweep,2370,treatment,3,4,0.669,0,0.2803,74,0,98.0
mech_md00_ppon_r10,mechanism_sweep,2370,treatment,4,1,0.7506,0,0.0,21,1,110.0
mech_md00_ppon_r10,mechanism_sweep,2507,control,0,3,0.6603,0,0.315,61,0,107.0
mech_md00_ppon_r10,mechanism_sweep,2507,control,1,4,0.7044,0,0.3092,86,2,139.5
mech_md00_ppon_r10,mechanism_sweep,2507,control,2,6,0.6326,0,0.3592,121,1,106.17
mech_md00_ppon_r10,mechanism_sweep,2507,control,3,8,0.6398,0,0.2785,162,1,100.75
mech_md00_ppon_r10,mechanism_sweep,2507,control,4,1,0.6721,0,0.0,20,0,100.0
mech_md00_ppon_r10,mechanism_sweep,2507,treatment,0,4,0.5883,0,0.358,74,0,114.5
mech_md00_ppon_r10,mechanism_sweep,2507,treatment,1,3,0.6537,0,0.3055,63,2,110.33
mech_md00_ppon_r10,mechanism_sweep,2507,treatment,2,0,0,0,0,0,0,0
mech_md00_ppon_r10,mechanism_sweep,2507,treatment,3,1,0.6787,0,0.0,20,0,100.0
mech_md00_ppon_r10,mechanism_sweep,2507,treatment,4,1,0.7257,0,0.0,17,2,38.0
mech_md00_ppon_r10,mechanism_sweep,2644,control,0,2,0.629,0,0.2272,45,1,137.5
mech_md00_ppon_r10,mechanism_sweep,2644,control,1,3,0.6371,0,0.224,60,0,96.67
mech_md00_ppon_r10,mechanism_sweep,2644,control,2,1,0.7188,0,0.0,22,2,120.0
mech_md00_ppon_r10,mechanism_sweep,2644,control,3,2,0.5443,0,0.3107,38,0,76.0
mech_md00_ppon_r10,mechanism_sweep,2644,control,4,0,0,0,0,0,0,0
mech_md00_ppon_r10,mechanism_sweep,2644,treatment,0,4,0.5854,0,0.303,73,2,106.0
mech_md00_ppon_r10,mechanism_sweep,2644,treatment,1,4,0.6989,0,0.2764,83,4,106.5
mech_md00_ppon_r10,mechanism_sweep,2644,treatment,2,4,0.6638,0,0.3497,76,2,110.5
mech_md00_ppon_r10,mechanism_sweep,2644,treatment,3,2,0.6822,0,0.1213,42,1,156.0
mech_md00_ppon_r10,mechanism_sweep,2644,treatment,4,3,0.6227,0,0.264,52,0,96.67
mech_md00_ppon_r10,mechanism_sweep,2781,control,0,7,0.636,0,0.2764,151,5,103.14
mech_md00_ppon_r10,mechanism_sweep,2781,control,1,8,0.632,0,0.2849,144,3,101.88
mech_md00_ppon_r10,mechanism_sweep,2781,control,2,1,0.8682,0,0.0,22,2,120.0
mech_md00_ppon_r10,mechanism_sweep,2781,control,3,3,0.6979,0,0.2621,62,1,112.33
mech_md00_ppon_r10,mechanism_sweep,2781,control,4,3,0.6628,0,0.3218,59,1,101.33
mech_md00_ppon_r10,mechanism_sweep,2781,treatment,0,5,0.7442,0,0.297,109,6,118.4
mech_md00_ppon_r10,mechanism_sweep,2781,treatment,1,4,0.7197,0,0.3184,85,1,117.5
mech_md00_ppon_r10,mechanism_sweep,2781,treatment,2,14,0.7046,0,0.2499,283,7,115.64
mech_md00_ppon_r10,mechanism_sweep,2781,treatment,3,15,0.7146,0,0.2209,297,9,125.93
mech_md00_ppon_r10,mechanism_sweep,2781,treatment,4,14,0.637,0,0.1807,244,5,113.71
mech_md00_ppon_r10,mechanism_sweep,2918,control,0,5,0.6191,0,0.3649,89,0,110.6
mech_md00_ppon_r10,mechanism_sweep,2918,control,1,6,0.5514,0,0.2627,98,4,120.67
mech_md00_ppon_r10,mechanism_sweep,2918,control,2,32,0.4556,0,0.1216,344,42,117.41
mech_md00_ppon_r10,mechanism_sweep,2918,control,3,16,0.3775,0,0.1803,153,17,112.44
mech_md00_ppon_r10,mechanism_sweep,2918,control,4,8,0.588,0,0.0966,117,9,118.0
mech_md00_ppon_r10,mechanism_sweep,2918,treatment,0,3,0.6029,0,0.3131,57,0,75.33
mech_md00_ppon_r10,mechanism_sweep,2918,treatment,1,1,0.6293,0,0.0,27,0,111.0
mech_md00_ppon_r10,mechanism_sweep,2918,treatment,2,3,0.6524,0,0.3549,64,2,99.33
mech_md00_ppon_r10,mechanism_sweep,2918,treatment,3,1,0.6612,0,0.0,21,0,149.0
mech_md00_ppon_r10,mechanism_sweep,2918,treatment,4,3,0.6067,0,0.1579,62,1,126.0
mech_md00_ppon_r10,mechanism_sweep,3055,control,0,7,0.6098,0,0.3416,143,0,107.14
mech_md00_ppon_r10,mechanism_sweep,3055,control,1,5,0.5451,0,0.2806,77,4,122.0
mech_md00_ppon_r10,mechanism_sweep,3055,control,2,0,0,0,0,0,0,0
mech_md00_ppon_r10,mechanism_sweep,3055,control,3,11,0.4894,0,0.267,157,4,102.73
mech_md00_ppon_r10,mechanism_sweep,3055,control,4,4,0.3841,0,0.2716,45,1,74.5
mech_md00_ppon_r10,mechanism_sweep,3055,treatment,0,6,0.5767,0,0.35,107,3,108.5
mech_md00_ppon_r10,mechanism_sweep,3055,treatment,1,6,0.6737,0,0.3074,122,2,98.67
mech_md00_ppon_r10,mechanism_sweep,3055,treatment,2,10,0.6023,0,0.3049,176,2,82.1
mech_md00_ppon_r10,mechanism_sweep,3055,treatment,3,12,0.6112,0,0.2659,207,4,102.58
mech_md00_ppon_r10,mechanism_sweep,3055,treatment,4,12,0.4908,0,0.1715,131,13,89.58
mech_md00_ppon_r10,mechanism_sweep,3192,control,0,2,0.6292,0,0.2497,42,1,112.5
mech_md00_ppon_r10,mechanism_sweep,3192,control,1,4,0.649,0,0.2669,81,2,90.75
mech_md00_ppon_r10,mechanism_sweep,3192,control,2,0,0,0,0,0,0,0
mech_md00_ppon_r10,mechanism_sweep,3192,control,3,3,0.6468,0,0.3146,64,1,139.67
mech_md00_ppon_r10,mechanism_sweep,3192,control,4,4,0.5342,0,0.113,67,7,120.25
mech_md00_ppon_r10,mechanism_sweep,3192,treatment,0,6,0.6208,0,0.3401,123,1,100.83
mech_md00_ppon_r10,mechanism_sweep,3192,treatment,1,2,0.7233,0,0.4329,41,3,65.0
mech_md00_ppon_r10,mechanism_sweep,3192,treatment,2,3,0.5626,0,0.3182,44,1,90.0
mech_md00_ppon_r10,mechanism_sweep,3192,treatment,3,5,0.5919,0,0.2799,86,2,102.2
mech_md00_ppon_r10,mechanism_sweep,3192,treatment,4,6,0.7321,0,0.2571,123,5,113.5
mech_md00_ppon_r10,mechanism_sweep,3329,control,0,5,0.6206,0,0.355,110,0,103.8
mech_md00_ppon_r10,mechanism_sweep,3329,control,1,3,0.6509,0,0.3301,61,0,111.33
mech_md00_ppon_r10,mechanism_sweep,3329,control,2,4,0.6284,0,0.1994,83,4,120.5
mech_md00_ppon_r10,mechanism_sweep,3329,control,3,2,0.5919,0,0.2128,42,0,122.5
mech_md00_ppon_r10,mechanism_sweep,3329,control,4,1,0.6198,0,0.0,21,0,117.0
mech_md00_ppon_r10,mechanism_sweep,3329,treatment,0,3,0.6771,0,0.3291,61,0,106.33
mech_md00_ppon_r10,mechanism_sweep,3329,treatment,1,3,0.7027,0,0.2881,62,1,120.0
mech_md00_ppon_r10,mechanism_sweep,3329,treatment,2,4,0.6796,0,0.2481,87,0,105.5
mech_md00_ppon_r10,mechanism_sweep,3329,treatment,3,9,0.5282,0,0.2757,136,8,123.22
mech_md00_ppon_r10,mechanism_sweep,3329,treatment,4,5,0.6508,0,0.2435,99,0,122.4
mech_md00_ppon_r10,mechanism_sweep,3466,control,0,2,0.6487,0,0.3351,41,1,101.0
mech_md00_ppon_r10,mechanism_sweep,3466,control,1,14,0.5418,0,0.2512,216,17,101.93
mech_md00_ppon_r10,mechanism_sweep,3466,control,2,7,0.4855,0,0.2032,99,3,89.29
mech_md00_ppon_r10,mechanism_sweep,3466,control,3,27,0.4596,0,0.2371,345,36,86.96
mech_md00_ppon_r10,mechanism_sweep,3466,control,4,11,0.4468,0,0.1648,131,19,99.91
mech_md00_ppon_r10,mechanism_sweep,3466,treatment,0,6,0.6725,0,0.3229,123,1,101.83
mech_md00_ppon_r10,mechanism_sweep,3466,treatment,1,5,0.6567,0,0.35,107,0,87.8
mech_md00_ppon_r10,mechanism_sweep,3466,treatment,2,6,0.7539,0,0.2414,123,2,109.17
mech_md00_ppon_r10,mechanism_sweep,3466,treatment,3,3,0.7098,0,0.2028,69,0,80.0
mech_md00_ppon_r10,mechanism_sweep,3466,treatment,4,2,0.7164,0,0.3948,46,0,85.0
mech_md00_ppon_r10,mechanism_sweep,3603,control,0,7,0.6289,0,0.3026,140,1,93.0
mech_md00_ppon_r10,mechanism_sweep,3603,control,1,2,0.7775,0,0.2689,43,4,91.0
mech_md00_ppon_r10,mechanism_sweep,3603,control,2,1,0.5722,0,0.0,20,0,100.0
mech_md00_ppon_r10,mechanism_sweep,3603,control,3,4,0.5341,0,0.3326,65,1,103.5
mech_md00_ppon_r10,mechanism_sweep,3603,control,4,3,0.7592,0,0.1169,66,5,133.0
mech_md00_ppon_r10,mechanism_sweep,3603,treatment,0,3,0.6104,0,0.3539,60,0,101.0
mech_md00_ppon_r10,mechanism_sweep,3603,treatment,1,4,0.55,0,0.2804,67,1,62.25
mech_md00_ppon_r10,mechanism_sweep,3603,treatment,2,3,0.7199,0,0.099,63,2,110.67
mech_md00_ppon_r10,mechanism_sweep,3603,treatment,3,3,0.5403,0,0.2526,41,1,79.67
mech_md00_ppon_r10,mechanism_sweep,3603,treatment,4,2,0.6965,0,0.0071,48,0,141.5
mech_md00_ppon_r10,mechanism_sweep,3740,control,0,7,0.6382,0,0.3285,144,2,106.29
mech_md00_ppon_r10,mechanism_sweep,3740,control,1,6,0.5857,0,0.2611,106,2,100.33
mech_md00_ppon_r10,mechanism_sweep,3740,control,2,7,0.6935,0,0.2708,140,4,106.86
mech_md00_ppon_r10,mechanism_sweep,3740,control,3,3,0.7336,0,0.1772,63,0,133.0
mech_md00_ppon_r10,mechanism_sweep,3740,control,4,2,0.8129,0,0.2647,43,3,115.0
mech_md00_ppon_r10,mechanism_sweep,3740,treatment,0,10,0.5578,0,0.3129,179,2,90.5
mech_md00_ppon_r10,mechanism_sweep,3740,treatment,1,12,0.6062,0,0.3054,215,8,102.83
mech_md00_ppon_r10,mechanism_sweep,3740,treatment,2,3,0.4718,0,0.2965,47,1,101.67
mech_md00_ppon_r10,mechanism_sweep,3740,treatment,3,1,0.5971,0,0.0,23,0,182.0
mech_md00_ppon_r10,mechanism_sweep,3740,treatment,4,2,0.6592,0,0.3382,42,3,84.0
mech_md00_ppon_r10,mechanism_sweep,3877,control,0,5,0.6874,0,0.2605,103,2,97.0
mech_md00_ppon_r10,mechanism_sweep,3877,control,1,3,0.7159,0,0.1595,65,2,135.33
mech_md00_ppon_r10,mechanism_sweep,3877,control,2,3,0.6671,0,0.1778,60,3,132.0
mech_md00_ppon_r10,mechanism_sweep,3877,control,3,9,0.4727,0,0.1487,123,14,110.0
mech_md00_ppon_r10,mechanism_sweep,3877,control,4,3,0.4268,0,0.1318,41,2,109.0
mech_md00_ppon_r10,mechanism_sweep,3877,treatment,0,6,0.608,0,0.3039,116,2,112.17
mech_md00_ppon_r10,mechanism_sweep,3877,treatment,1,4,0.6093,0,0.3383,80,3,102.75
mech_md00_ppon_r10,mechanism_sweep,3877,treatment,2,0,0,0,0,0,0,0
mech_md00_ppon_r10,mechanism_sweep,3877,treatment,3,0,0,0,0,0,0,0
mech_md00_ppon_r10,mechanism_sweep,3877,treatment,4,0,0,0,0,0,0,0
mech_md00_ppon_r10,mechanism_sweep,4014,control,0,8,0.709,0,0.2891,170,7,107.88
mech_md00_ppon_r10,mechanism_sweep,4014,control,1,9,0.6016,0,0.2537,166,6,108.44
mech_md00_ppon_r10,mechanism_sweep,4014,control,2,8,0.5814,0,0.2115,143,5,112.0
mech_md00_ppon_r10,mechanism_sweep,4014,control,3,50,0.474,0,0.2292,666,81,111.56
mech_md00_ppon_r10,mechanism_sweep,4014,control,4,12,0.5621,0,0.1733,196,13,119.67
mech_md00_ppon_r10,mechanism_sweep,4014,treatment,0,12,0.5524,0,0.3007,211,10,94.25
mech_md00_ppon_r10,mechanism_sweep,4014,treatment,1,4,0.632,0,0.3049,80,0,100.0
mech_md00_ppon_r10,mechanism_sweep,4014,treatment,2,3,0.4905,0,0.2292,50,1,104.67
mech_md00_ppon_r10,mechanism_sweep,4014,treatment,3,2,0.6508,0,0.2738,40,0,97.5
mech_md00_ppon_r10,mechanism_sweep,4014,treatment,4,1,0.6208,0,0.0,20,0,100.0
mech_md00_ppon_r10,mechanism_sweep,4151,control,0,3,0.5273,0,0.301,49,3,124.67
mech_md00_ppon_r10,mechanism_sweep,4151,control,1,5,0.6562,0,0.3512,102,2,104.0
mech_md00_ppon_r10,mechanism_sweep,4151,control,2,0,0,0,0,0,0,0
mech_md00_ppon_r10,mechanism_sweep,4151,control,3,2,0.7289,0,0.246,41,1,103.5
mech_md00_ppon_r10,mechanism_sweep,4151,control,4,2,0.6521,0,0.2304,37,2,101.0
mech_md00_ppon_r10,mechanism_sweep,4151,treatment,0,12,0.6019,0,0.3378,238,5,112.67
mech_md00_ppon_r10,mechanism_sweep,4151,treatment,1,9,0.5045,0,0.2465,141,11,102.78
mech_md00_ppon_r10,mechanism_sweep,4151,treatment,2,10,0.5119,0,0.2281,149,9,98.7
mech_md00_ppon_r10,mechanism_sweep,4151,treatment,3,4,0.7766,0,0.1893,88,7,99.75
mech_md00_ppon_r10,mechanism_sweep,4151,treatment,4,17,0.5635,0,0.2669,251,17,113.18
mech_md00_ppon_r10,mechanism_sweep,4288,control,0,2,0.6489,0,0.2362,44,1,146.5
mech_md00_ppon_r10,mechanism_sweep,4288,control,1,10,0.6308,0,0.2887,194,12,125.4
mech_md00_ppon_r10,mechanism_sweep,4288,control,2,7,0.5762,0,0.2774,135,1,109.57
mech_md00_ppon_r10,mechanism_sweep,4288,control,3,6,0.6408,0,0.3137,111,2,98.33
mech_md00_ppon_r10,mechanism_sweep,4288,control,4,6,0.6362,0,0.3221,113,0,125.83
mech_md00_ppon_r10,mechanism_sweep,4288,treatment,0,19,0.5935,0,0.2895,350,23,115.58
mech_md00_ppon_r10,mechanism_sweep,4288,treatment,1,11,0.6529,0,0.2531,209,7,128.45
mech_md00_ppon_r10,mechanism_sweep,4288,treatment,2,12,0.637,0,0.2272,234,8,135.0
mech_md00_ppon_r10,mechanism_sweep,4288,treatment,3,15,0.6488,0,0.2123,276,16,114.0
mech_md00_ppon_r10,mechanism_sweep,4288,treatment,4,10,0.5755,0,0.194,169,6,129.6
mech_md00_ppon_r10,mechanism_sweep,4425,control,0,8,0.537,0,0.2318,137,10,108.12
mech_md00_ppon_r10,mechanism_sweep,4425,control,1,1,0.6079,0,0.0,20,0,93.0
mech_md00_ppon_r10,mechanism_sweep,4425,control,2,6,0.599,0,0.246,117,2,110.33
mech_md00_ppon_r10,mechanism_sweep,4425,control,3,2,0.6691,0,0.2327,43,1,141.0
mech_md00_ppon_r10,mechanism_sweep,4425,control,4,13,0.5058,0,0.2041,194,10,111.54
mech_md00_ppon_r10,mechanism_sweep,4425,treatment,0,12,0.5827,0,0.2655,233,6,112.67
mech_md00_ppon_r10,mechanism_sweep,4425,treatment,1,4,0.6383,0,0.2887,79,0,84.0
mech_md00_ppon_r10,mechanism_sweep,4425,treatment,2,5,0.7434,0,0.2194,92,6,122.0
mech_md00_ppon_r10,mechanism_sweep,4425,treatment,3,21,0.4303,0,0.1664,178,26,102.19
mech_md00_ppon_r10,mechanism_sweep,4425,treatment,4,7,0.5091,0,0.092,79,3,133.86
mech_md00_ppon_r10,mechanism_sweep,4562,control,0,4,0.6126,0,0.3073,72,1,86.25
mech_md00_ppon_r10,mechanism_sweep,4562,control,1,1,0.7627,0,0.0,22,1,127.0
mech_md00_ppon_r10,mechanism_sweep,4562,control,2,3,0.7053,0,0.1822,72,2,79.33
mech_md00_ppon_r10,mechanism_sweep,4562,control,3,2,0.5706,0,0.2223,38,0,91.5
mech_md00_ppon_r10,mechanism_sweep,4562,control,4,0,0,0,0,0,0,0
mech_md00_ppon_r10,mechanism_sweep,4562,treatment,0,7,0.5629,0,0.3215,130,3,120.43
mech_md00_ppon_r10,mechanism_sweep,4562,treatment,1,6,0.6358,0,0.3223,114,2,106.83
mech_md00_ppon_r10,mechanism_sweep,4562,treatment,2,5,0.5426,0,0.3348,79,0,135.0
mech_md00_ppon_r10,mechanism_sweep,4562,treatment,3,1,0.679,0,0.0,21,1,91.0
mech_md00_ppon_r10,mechanism_sweep,4562,treatment,4,0,0,0,0,0,0,0
mech_md00_ppon_r10,mechanism_sweep,4699,control,0,4,0.6815,0,0.2958,79,4,114.75
mech_md00_ppon_r10,mechanism_sweep,4699,control,1,6,0.6021,0,0.2416,117,4,92.33
mech_md00_ppon_r10,mechanism_sweep,4699,control,2,1,0.7476,0,0.0,21,1,105.0
mech_md00_ppon_r10,mechanism_sweep,4699,control,3,1,0.6688,0,0.0,18,1,13.0
mech_md00_ppon_r10,mechanism_sweep,4699,control,4,7,0.4816,0,0.1842,83,4,112.71
mech_md00_ppon_r10,mechanism_sweep,4699,treatment,0,13,0.6342,0,0.273,262,4,96.0
mech_md00_ppon_r10,mechanism_sweep,4699,treatment,1,7,0.6014,0,0.2452,121,4,129.0
mech_md00_ppon_r10,mechanism_sweep,4699,treatment,2,3,0.6895,0,0.2383,62,1,94.67
mech_md00_ppon_r10,mechanism_sweep,4699,treatment,3,9,0.537,0,0.1832,123,4,105.78
mech_md00_ppon_r10,mechanism_sweep,4699,treatment,4,11,0.4576,0,0.1535,114,6,118.18
mech_md00_ppon_r10,mechanism_sweep,4836,control,0,4,0.6456,0,0.3319,83,1,121.75
mech_md00_ppon_r10,mechanism_sweep,4836,control,1,10,0.4659,0,0.27,126,13,111.4
mech_md00_ppon_r10,mechanism_sweep,4836,control,2,2,0.7361,0,0.1719,43,1,113.0
mech_md00_ppon_r10,mechanism_sweep,4836,control,3,0,0,0,0,0,0,0
mech_md00_ppon_r10,mechanism_sweep,4836,control,4,1,0.6983,0,0.0,21,1,110.0
mech_md00_ppon_r10,mechanism_sweep,4836,treatment,0,8,0.6203,0,0.3269,154,3,100.38
mech_md00_ppon_r10,mechanism_sweep,4836,treatment,1,7,0.6225,0,0.2994,140,3,95.14
mech_md00_ppon_r10,mechanism_sweep,4836,treatment,2,16,0.4467,0,0.2715,205,15,79.81
mech_md00_ppon_r10,mechanism_sweep,4836,treatment,3,17,0.5727,0,0.2786,281,13,97.29
mech_md00_ppon_r10,mechanism_sweep,4836,treatment,4,5,0.6958,0,0.3376,114,2,96.0
mech_md00_ppon_r10,mechanism_sweep,4973,control,0,6,0.5955,0,0.2554,116,1,96.33
mech_md00_ppon_r10,mechanism_sweep,4973,control,1,8,0.6328,0,0.2475,155,8,116.12
mech_md00_ppon_r10,mechanism_sweep,4973,control,2,23,0.4138,0,0.2453,251,19,98.09
mech_md00_ppon_r10,mechanism_sweep,4973,control,3,4,0.5774,0,0.1927,68,2,76.75
mech_md00_ppon_r10,mechanism_sweep,4973,control,4,9,0.569,0,0.2373,144,12,112.0
mech_md00_ppon_r10,mechanism_sweep,4973,treatment,0,5,0.6854,0,0.3238,103,2,110.6
mech_md00_ppon_r10,mechanism_sweep,4973,treatment,1,12,0.5806,0,0.2648,200,8,98.83
mech_md00_ppon_r10,mechanism_sweep,4973,treatment,2,8,0.6359,0,0.2483,149,1,94.75
mech_md00_ppon_r10,mechanism_sweep,4973,treatment,3,6,0.5746,0,0.2308,83,6,122.5
mech_md00_ppon_r10,mechanism_sweep,4973,treatment,4,29,0.446,0,0.1998,324,47,100.24
mech_md00_ppon_r20,mechanism_sweep,1000,control,0,2,0.6167,0,0.2905,36,0,99.5
mech_md00_ppon_r20,mechanism_sweep,1000,control,1,0,0,0,0,0,0,0
mech_md00_ppon_r20,mechanism_sweep,1000,control,2,4,0.6569,0,0.2604,92,0,117.0
mech_md00_ppon_r20,mechanism_sweep,1000,control,3,1,0.6501,0,0.0,22,1,101.0
mech_md00_ppon_r20,mechanism_sweep,1000,control,4,5,0.6024,0,0.1985,92,5,105.0
mech_md00_ppon_r20,mechanism_sweep,1000,treatment,0,14,0.5911,0,0.3091,266,7,96.0
mech_md00_ppon_r20,mechanism_sweep,1000,treatment,1,6,0.6375,0,0.2674,122,2,118.83
mech_md00_ppon_r20,mechanism_sweep,1000,treatment,2,16,0.5008,0,0.2207,219,23,117.06
mech_md00_ppon_r20,mechanism_sweep,1000,treatment,3,23,0.5072,0,0.2208,345,29,106.74
mech_md00_ppon_r20,mechanism_sweep,1000,treatment,4,2,0.6859,0,0.3833,42,2,99.0
mech_md00_ppon_r20,mechanism_sweep,1137,control,0,4,0.6478,0,0.3082,83,1,124.0
mech_md00_ppon_r20,mechanism_sweep,1137,control,1,8,0.6582,0,0.2846,162,3,109.62
mech_md00_ppon_r20,mechanism_sweep,1137,control,2,2,0.7375,0,0.2362,43,1,119.5
mech_md00_ppon_r20,mechanism_sweep,1137,control,3,2,0.6401,0,0.2271,42,0,148.5
mech_md00_ppon_r20,mechanism_sweep,1137,control,4,2,0.654,0,0.1709,41,1,105.0
mech_md00_ppon_r20,mechanism_sweep,1137,treatment,0,2,0.6573,0,0.3625,40,0,107.5
mech_md00_ppon_r20,mechanism_sweep,1137,treatment,1,9,0.6642,0,0.2734,191,2,111.0
mech_md00_ppon_r20,mechanism_sweep,1137,treatment,2,6,0.5273,0,0.202,87,7,112.33
mech_md00_ppon_r20,mechanism_sweep,1137,treatment,3,7,0.5244,0,0.2384,100,8,107.71
mech_md00_ppon_r20,mechanism_sweep,1137,treatment,4,2,0.6997,0,0.163,41,1,97.5
mech_md00_ppon_r20,mechanism_sweep,1274,control,0,3,0.6672,0,0.2438,56,2,71.67
mech_md00_ppon_r20,mechanism_sweep,1274,control,1,1,0.7799,0,0.0,20,1,103.0
mech_md00_ppon_r20,mechanism_sweep,1274,control,2,3,0.4704,0,0.2325,45,1,105.0
mech_md00_ppon_r20,mechanism_sweep,1274,control,3,5,0.6158,0,0.1527,79,2,106.0
mech_md00_ppon_r20,mechanism_sweep,1274,control,4,0,0,0,0,0,0,0
mech_md00_ppon_r20,mechanism_sweep,1274,treatment,0,8,0.661,0,0.2939,165,1,105.25
mech_md00_ppon_r20,mechanism_sweep,1274,treatment,1,12,0.6104,0,0.2297,204,6,99.67
mech_md00_ppon_r20,mechanism_sweep,1274,treatment,2,9,0.6906,0,0.2221,190,5,115.89
mech_md00_ppon_r20,mechanism_sweep,1274,treatment,3,13,0.6183,0,0.2499,228,7,106.85
mech_md00_ppon_r20,mechanism_sweep,1274,treatment,4,20,0.5511,0,0.1764,324,24,109.1
mech_md00_ppon_r20,mechanism_sweep,1411,control,0,5,0.6328,0,0.3204,96,1,82.4
mech_md00_ppon_r20,mechanism_sweep,1411,control,1,4,0.6779,0,0.3459,81,0,100.25
mech_md00_ppon_r20,mechanism_sweep,1411,control,2,1,0.6305,0,0.0,21,0,115.0
mech_md00_ppon_r20,mechanism_sweep,1411,control,3,0,0,0,0,0,0,0
mech_md00_ppon_r20,mechanism_sweep,1411,control,4,1,0.6073,0,0.0,14,0,94.0
mech_md00_ppon_r20,mechanism_sweep,1411,treatment,0,9,0.6233,0,0.2985,175,1,116.22
mech_md00_ppon_r20,mechanism_sweep,1411,treatment,1,8,0.6253,0,0.273,144,4,120.38
mech_md00_ppon_r20,mechanism_sweep,1411,treatment,2,9,0.725,0,0.2722,183,5,118.67
mech_md00_ppon_r20,mechanism_sweep,1411,treatment,3,3,0.6774,0,0.2814,64,0,116.0
mech_md00_ppon_r20,mechanism_sweep,1411,treatment,4,49,0.4973,0,0.2486,602,59,115.16
mech_md00_ppon_r20,mechanism_sweep,1548,control,0,3,0.653,0,0.2709,66,3,82.0
mech_md00_ppon_r20,mechanism_sweep,1548,control,1,4,0.61,0,0.2659,77,2,112.5
mech_md00_ppon_r20,mechanism_sweep,1548,control,2,1,0.6196,0,0.0,21,0,163.0
mech_md00_ppon_r20,mechanism_sweep,1548,control,3,2,0.6123,0,0.2969,38,0,91.5
mech_md00_ppon_r20,mechanism_sweep,1548,control,4,1,0.6597,0,0.0,20,0,90.0
mech_md00_ppon_r20,mechanism_sweep,1548,treatment,0,11,0.6371,0,0.2641,219,5,104.18
mech_md00_ppon_r20,mechanism_sweep,1548,treatment,1,9,0.6136,0,0.2869,181,1,124.89
mech_md00_ppon_r20,mechanism_sweep,1548,treatment,2,9,0.6373,0,0.331,171,2,124.89
mech_md00_ppon_r20,mechanism_sweep,1548,treatment,3,6,0.6187,0,0.3411,104,4,98.17
mech_md00_ppon_r20,mechanism_sweep,1548,treatment,4,8,0.5993,0,0.2726,141,3,102.0
mech_md00_ppon_r20,mechanism_sweep,1685,control,0,9,0.5849,0,0.2611,161,13,94.44
mech_md00_ppon_r20,mechanism_sweep,1685,control,1,8,0.52,0,0.2823,122,10,112.38
mech_md00_ppon_r20,mechanism_sweep,1685,control,2,3,0.6404,0,0.2859,61,4,104.0
mech_md00_ppon_r20,mechanism_sweep,1685,control,3,22,0.5234,0,0.2203,320,30,113.59
mech_md00_ppon_r20,mechanism_sweep,1685,control,4,2,0.6221,0,0.0329,42,2,110.0
mech_md00_ppon_r20,mechanism_sweep,1685,treatment,0,6,0.6254,0,0.3609,118,0,111.83
mech_md00_ppon_r20,mechanism_sweep,1685,treatment,1,14,0.564,0,0.2229,208,16,93.57
mech_md00_ppon_r20,mechanism_sweep,1685,treatment,2,2,0.6101,0,0.3696,40,1,74.0
mech_md00_ppon_r20,mechanism_sweep,1685,treatment,3,4,0.5366,0,0.275,62,1,71.5
mech_md00_ppon_r20,mechanism_sweep,1685,treatment,4,13,0.5375,0,0.1908,177,10,116.69
mech_md00_ppon_r20,mechanism_sweep,1822,control,0,6,0.4931,0,0.3026,86,7,93.33
mech_md00_ppon_r20,mechanism_sweep,1822,control,1,4,0.514,0,0.2768,69,0,91.25
mech_md00_ppon_r20,mechanism_sweep,1822,control,2,1,0.5299,0,0.0,20,0,39.0
mech_md00_ppon_r20,mechanism_sweep,1822,control,3,2,0.4952,0,0.1168,31,2,106.5
mech_md00_ppon_r20,mechanism_sweep,1822,control,4,1,0.5699,0,0.0,37,0,119.0
mech_md00_ppon_r20,mechanism_sweep,1822,treatment,0,16,0.6157,0,0.3023,300,16,107.94
mech_md00_ppon_r20,mechanism_sweep,1822,treatment,1,8,0.4031,0,0.2633,79,3,123.25
mech_md00_ppon_r20,mechanism_sweep,1822,treatment,2,5,0.6814,0,0.1963,98,0,74.8
mech_md00_ppon_r20,mechanism_sweep,1822,treatment,3,4,0.7625,0,0.1564,91,3,111.75
mech_md00_ppon_r20,mechanism_sweep,1822,treatment,4,6,0.6292,0,0.2612,116,2,106.67
mech_md00_ppon_r20,mechanism_sweep,1959,control,0,6,0.6941,0,0.3686,121,2,117.0
mech_md00_ppon_r20,mechanism_sweep,1959,control,1,6,0.6827,0,0.3155,128,4,92.5
mech_md00_ppon_r20,mechanism_sweep,1959,control,2,5,0.6241,0,0.2926,86,2,110.6
mech_md00_ppon_r20,mechanism_sweep,1959,control,3,15,0.4911,0,0.1667,172,13,107.2
mech_md00_ppon_r20,mechanism_sweep,1959,control,4,10,0.5294,0,0.1686,135,4,117.8
mech_md00_ppon_r20,mechanism_sweep,1959,treatment,0,11,0.6405,0,0.3057,203,5,118.09
mech_md00_ppon_r20,mechanism_sweep,1959,treatment,1,7,0.612,0,0.3227,122,3,111.29
mech_md00_ppon_r20,mechanism_sweep,1959,treatment,2,3,0.6427,0,0.3597,59,1,119.0
mech_md00_ppon_r20,mechanism_sweep,1959,treatment,3,2,0.763,0,0.3368,41,1,105.5
mech_md00_ppon_r20,mechanism_sweep,1959,treatment,4,2,0.449,0,0.3868,28,0,129.0
mech_md00_ppon_r20,mechanism_sweep,2096,control,0,6,0.646,0,0.312,119,2,121.0
mech_md00_ppon_r20,mechanism_sweep,2096,control,1,2,0.5221,0,0.2258,32,0,116.5
mech_md00_ppon_r20,mechanism_sweep,2096,control,2,4,0.6416,0,0.2455,81,2,108.5
mech_md00_ppon_r20,mechanism_sweep,2096,control,3,1,0.7051,0,0.0,41,1,60.0
mech_md00_ppon_r20,mechanism_sweep,2096,control,4,3,0.5813,0,0.3595,60,1,61.0
mech_md00_ppon_r20,mechanism_sweep,2096,treatment,0,5,0.6103,0,0.3158,104,0,96.4
mech_md00_ppon_r20,mechanism_sweep,2096,treatment,1,11,0.622,0,0.2969,221,6,110.0
mech_md00_ppon_r20,mechanism_sweep,2096,treatment,2,7,0.6545,0,0.2889,142,0,100.86
mech_md00_ppon_r20,mechanism_sweep,2096,treatment,3,5,0.6733,0,0.1658,115,2,102.0
mech_md00_ppon_r20,mechanism_sweep,2096,treatment,4,14,0.5964,0,0.1684,242,10,112.79
mech_md00_ppon_r20,mechanism_sweep,2233,control,0,3,0.7385,0,0.3217,65,4,115.0
mech_md00_ppon_r20,mechanism_sweep,2233,control,1,0,0,0,0,0,0,0
mech_md00_ppon_r20,mechanism_sweep,2233,control,2,2,0.569,0,0.3142,36,0,108.5
mech_md00_ppon_r20,mechanism_sweep,2233,control,3,9,0.4806,0,0.0825,92,11,93.67
mech_md00_ppon_r20,mechanism_sweep,2233,control,4,11,0.529,0,0.2327,124,7,92.18
mech_md00_ppon_r20,mechanism_sweep,2233,treatment,0,6,0.6252,0,0.3206,122,1,80.67
mech_md00_ppon_r20,mechanism_sweep,2233,treatment,1,6,0.6651,0,0.2757,128,3,122.83
mech_md00_ppon_r20,mechanism_sweep,2233,treatment,2,5,0.5714,0,0.2071,97,3,100.0
mech_md00_ppon_r20,mechanism_sweep,2233,treatment,3,5,0.647,0,0.2787,92,2,132.2
mech_md00_ppon_r20,mechanism_sweep,2233,treatment,4,18,0.493,0,0.2618,249,11,110.78
mech_md00_ppon_r20,mechanism_sweep,2370,control,0,6,0.6315,0,0.3552,116,3,105.33
mech_md00_ppon_r20,mechanism_sweep,2370,control,1,10,0.5958,0,0.312,183,7,87.7
mech_md00_ppon_r20,mechanism_sweep,2370,control,2,10,0.562,0,0.263,161,9,96.5
mech_md00_ppon_r20,mechanism_sweep,2370,control,3,3,0.6465,0,0.2825,64,1,109.0
mech_md00_ppon_r20,mechanism_sweep,2370,control,4,6,0.5832,0,0.2273,120,2,87.33
mech_md00_ppon_r20,mechanism_sweep,2370,treatment,0,9,0.668,0,0.3248,197,0,109.67
mech_md00_ppon_r20,mechanism_sweep,2370,treatment,1,11,0.6472,0,0.3005,220,2,96.45
mech_md00_ppon_r20,mechanism_sweep,2370,treatment,2,6,0.5915,0,0.2485,106,1,111.5
mech_md00_ppon_r20,mechanism_sweep,2370,treatment,3,8,0.7007,0,0.1921,165,1,104.5
mech_md00_ppon_r20,mechanism_sweep,2370,treatment,4,3,0.6446,0,0.3017,61,0,107.67
mech_md00_ppon_r20,mechanism_sweep,2507,control,0,3,0.6603,0,0.315,61,0,107.0
mech_md00_ppon_r20,mechanism_sweep,2507,control,1,4,0.7044,0,0.3092,86,2,139.5
mech_md00_ppon_r20,mechanism_sweep,2507,control,2,6,0.6326,0,0.3592,121,1,106.17
mech_md00_ppon_r20,mechanism_sweep,2507,control,3,8,0.6398,0,0.2785,162,1,100.75
mech_md00_ppon_r20,mechanism_sweep,2507,control,4,1,0.6721,0,0.0,20,0,100.0
mech_md00_ppon_r20,mechanism_sweep,2507,treatment,0,5,0.6216,0,0.2933,101,0,110.0
mech_md00_ppon_r20,mechanism_sweep,2507,treatment,1,3,0.5623,0,0.2106,61,0,116.67
mech_md00_ppon_r20,mechanism_sweep,2507,treatment,2,5,0.5933,0,0.3507,96,2,101.6
mech_md00_ppon_r20,mechanism_sweep,2507,treatment,3,0,0,0,0,0,0,0
mech_md00_ppon_r20,mechanism_sweep,2507,treatment,4,0,0,0,0,0,0,0
mech_md00_ppon_r20,mechanism_sweep,2644,control,0,2,0.629,0,0.2272,45,1,137.5
mech_md00_ppon_r20,mechanism_sweep,2644,control,1,3,0.6371,0,0.224,60,0,96.67
mech_md00_ppon_r20,mechanism_sweep,2644,control,2,1,0.7188,0,0.0,22,2,120.0
mech_md00_ppon_r20,mechanism_sweep,2644,control,3,2,0.5443,0,0.3107,38,0,76.0
mech_md00_ppon_r20,mechanism_sweep,2644,control,4,0,0,0,0,0,0,0
mech_md00_ppon_r20,mechanism_sweep,2644,treatment,0,6,0.6312,0,0.273,114,1,97.17
mech_md00_ppon_r20,mechanism_sweep,2644,treatment,1,11,0.5884,0,0.2587,195,9,103.82
mech_md00_ppon_r20,mechanism_sweep,2644,treatment,2,2,0.6998,0,0.2118,53,2,122.0
mech_md00_ppon_r20,mechanism_sweep,2644,treatment,3,2,0.6333,0,0.4102,40,0,93.0
mech_md00_ppon_r20,mechanism_sweep,2644,treatment,4,0,0,0,0,0,0,0
mech_md00_ppon_r20,mechanism_sweep,2781,control,0,7,0.636,0,0.2764,151,5,103.14
mech_md00_ppon_r20,mechanism_sweep,2781,control,1,8,0.632,0,0.2849,144,3,101.88
mech_md00_ppon_r20,mechanism_sweep,2781,control,2,1,0.8682,0,0.0,22,2,120.0
mech_md00_ppon_r20,mechanism_sweep,2781,control,3,3,0.6979,0,0.2621,62,1,112.33
mech_md00_ppon_r20,mechanism_sweep,2781,control,4,3,0.6628,0,0.3218,59,1,101.33
mech_md00_ppon_r20,mechanism_sweep,2781,treatment,0,6,0.6499,0,0.3422,122,2,105.67
mech_md00_ppon_r20,mechanism_sweep,2781,treatment,1,9,0.6972,0,0.2638,205,1,101.22
mech_md00_ppon_r20,mechanism_sweep,2781,treatment,2,8,0.7271,0,0.2782,165,2,100.25
mech_md00_ppon_r20,mechanism_sweep,2781,treatment,3,7,0.6968,0,0.298,140,0,89.43
mech_md00_ppon_r20,mechanism_sweep,2781,treatment,4,8,0.7449,0,0.3009,169,4,103.88
mech_md00_ppon_r20,mechanism_sweep,2918,control,0,5,0.6191,0,0.3649,89,0,110.6
mech_md00_ppon_r20,mechanism_sweep,2918,control,1,6,0.5514,0,0.2627,98,4,120.67
mech_md00_ppon_r20,mechanism_sweep,2918,control,2,32,0.4556,0,0.1216,344,42,117.41
mech_md00_ppon_r20,mechanism_sweep,2918,control,3,16,0.3775,0,0.1803,153,17,112.44
mech_md00_ppon_r20,mechanism_sweep,2918,control,4,8,0.588,0,0.0966,117,9,118.0
mech_md00_ppon_r20,mechanism_sweep,2918,treatment,0,5,0.6126,0,0.3534,91,0,72.2
mech_md00_ppon_r20,mechanism_sweep,2918,treatment,1,7,0.5818,0,0.3469,133,1,103.14
mech_md00_ppon_r20,mechanism_sweep,2918,treatment,2,12,0.5203,0,0.289,174,11,89.42
mech_md00_ppon_r20,mechanism_sweep,2918,treatment,3,8,0.5741,0,0.2691,149,1,95.5
mech_md00_ppon_r20,mechanism_sweep,2918,treatment,4,16,0.5632,0,0.2666,248,10,109.56
mech_md00_ppon_r20,mechanism_sweep,3055,control,0,7,0.6098,0,0.3416,143,0,107.14
mech_md00_ppon_r20,mechanism_sweep,3055,control,1,5,0.5451,0,0.2806,77,4,122.0
mech_md00_ppon_r20,mechanism_sweep,3055,control,2,0,0,0,0,0,0,0
mech_md00_ppon_r20,mechanism_sweep,3055,control,3,11,0.4894,0,0.267,157,4,102.73
mech_md00_ppon_r20,mechanism_sweep,3055,control,4,4,0.3841,0,0.2716,45,1,74.5
mech_md00_ppon_r20,mechanism_sweep,3055,treatment,0,6,0.6258,0,0.3371,123,0,119.5
mech_md00_ppon_r20,mechanism_sweep,3055,treatment,1,2,0.6516,0,0.2248,40,0,89.5
mech_md00_ppon_r20,mechanism_sweep,3055,treatment,2,7,0.6885,0,0.2549,142,2,108.14
mech_md00_ppon_r20,mechanism_sweep,3055,treatment,3,6,0.6208,0,0.2184,100,2,112.33
mech_md00_ppon_r20,mechanism_sweep,3055,treatment,4,11,0.6701,0,0.2292,189,13,124.45
mech_md00_ppon_r20,mechanism_sweep,3192,control,0,2,0.6292,0,0.2497,42,1,112.5
mech_md00_ppon_r20,mechanism_sweep,3192,control,1,4,0.649,0,0.2669,81,2,90.75
mech_md00_ppon_r20,mechanism_sweep,3192,control,2,0,0,0,0,0,0,0
mech_md00_ppon_r20,mechanism_sweep,3192,control,3,3,0.6468,0,0.3146,64,1,139.67
mech_md00_ppon_r20,mechanism_sweep,3192,control,4,4,0.5342,0,0.113,67,7,120.25
mech_md00_ppon_r20,mechanism_sweep,3192,treatment,0,8,0.6092,0,0.3178,164,2,108.62
mech_md00_ppon_r20,mechanism_sweep,3192,treatment,1,11,0.6506,0,0.3081,209,6,117.55
mech_md00_ppon_r20,mechanism_sweep,3192,treatment,2,9,0.6118,0,0.2811,164,8,105.89
mech_md00_ppon_r20,mechanism_sweep,3192,treatment,3,7,0.6967,0,0.2794,124,5,116.86
mech_md00_ppon_r20,mechanism_sweep,3192,treatment,4,3,0.5706,0,0.2526,56,0,85.0
mech_md00_ppon_r20,mechanism_sweep,3329,control,0,5,0.6206,0,0.355,110,0,103.8
mech_md00_ppon_r20,mechanism_sweep,3329,control,1,3,0.6509,0,0.3301,61,0,111.33
mech_md00_ppon_r20,mechanism_sweep,3329,control,2,4,0.6284,0,0.1994,83,4,120.5
mech_md00_ppon_r20,mechanism_sweep,3329,control,3,2,0.5919,0,0.2128,42,0,122.5
mech_md00_ppon_r20,mechanism_sweep,3329,control,4,1,0.6198,0,0.0,21,0,117.0
mech_md00_ppon_r20,mechanism_sweep,3329,treatment,0,31,0.4209,0,0.2569,362,30,96.58
mech_md00_ppon_r20,mechanism_sweep,3329,treatment,1,9,0.6768,0,0.285,186,6,107.44
mech_md00_ppon_r20,mechanism_sweep,3329,treatment,2,9,0.6458,0,0.2726,173,6,104.0
mech_md00_ppon_r20,mechanism_sweep,3329,treatment,3,7,0.6749,0,0.2688,130,3,113.14
mech_md00_ppon_r20,mechanism_sweep,3329,treatment,4,35,0.5538,0,0.2116,501,44,109.77
mech_md00_ppon_r20,mechanism_sweep,3466,control,0,2,0.6487,0,0.3351,41,1,101.0
mech_md00_ppon_r20,mechanism_sweep,3466,control,1,14,0.5418,0,0.2512,216,17,101.93
mech_md00_ppon_r20,mechanism_sweep,3466,control,2,7,0.4855,0,0.2032,99,3,89.29
mech_md00_ppon_r20,mechanism_sweep,3466,control,3,27,0.4596,0,0.2371,345,36,86.96
mech_md00_ppon_r20,mechanism_sweep,3466,control,4,11,0.4468,0,0.1648,131,19,99.91
mech_md00_ppon_r20,mechanism_sweep,3466,treatment,0,7,0.62,0,0.2926,130,1,94.14
mech_md00_ppon_r20,mechanism_sweep,3466,treatment,1,3,0.54,0,0.2337,45,2,102.67
mech_md00_ppon_r20,mechanism_sweep,3466,treatment,2,2,0.4961,0,0.3634,23,0,52.5
mech_md00_ppon_r20,mechanism_sweep,3466,treatment,3,1,0.6812,0,0.0,20,0,98.0
mech_md00_ppon_r20,mechanism_sweep,3466,treatment,4,2,0.3375,0,0.2753,18,0,92.5
mech_md00_ppon_r20,mechanism_sweep,3603,control,0,7,0.6289,0,0.3026,140,1,93.0
mech_md00_ppon_r20,mechanism_sweep,3603,control,1,2,0.7775,0,0.2689,43,4,91.0
mech_md00_ppon_r20,mechanism_sweep,3603,control,2,1,0.5722,0,0.0,20,0,100.0
mech_md00_ppon_r20,mechanism_sweep,3603,control,3,4,0.5341,0,0.3326,65,1,103.5
mech_md00_ppon_r20,mechanism_sweep,3603,control,4,3,0.7592,0,0.1169,66,5,133.0
mech_md00_ppon_r20,mechanism_sweep,3603,treatment,0,5,0.6269,0,0.2832,100,1,104.4
mech_md00_ppon_r20,mechanism_sweep,3603,treatment,1,25,0.4957,0,0.2722,353,26,107.36
mech_md00_ppon_r20,mechanism_sweep,3603,treatment,2,18,0.6031,0,0.2922,328,11,120.61
mech_md00_ppon_r20,mechanism_sweep,3603,treatment,3,6,0.62,0,0.2539,115,1,120.33
mech_md00_ppon_r20,mechanism_sweep,3603,treatment,4,8,0.6886,0,0.2408,159,4,128.88
mech_md00_ppon_r20,mechanism_sweep,3740,control,0,7,0.6382,0,0.3285,144,2,106.29
mech_md00_ppon_r20,mechanism_sweep,3740,control,1,6,0.5857,0,0.2611,106,2,100.33
mech_md00_ppon_r20,mechanism_sweep,3740,control,2,7,0.6935,0,0.2708,140,4,106.86
mech_md00_ppon_r20,mechanism_sweep,3740,control,3,3,0.7336,0,0.1772,63,0,133.0
mech_md00_ppon_r20,mechanism_sweep,3740,control,4,2,0.8129,0,0.2647,43,3,115.0
mech_md00_ppon_r20,mechanism_sweep,3740,treatment,0,7,0.6024,0,0.3277,139,1,104.71
mech_md00_ppon_r20,mechanism_sweep,3740,treatment,1,12,0.6374,0,0.2405,241,7,112.58
mech_md00_ppon_r20,mechanism_sweep,3740,treatment,2,16,0.605,0,0.1965,302,10,108.62
mech_md00_ppon_r20,mechanism_sweep,3740,treatment,3,10,0.5748,0,0.2136,166,2,105.4
mech_md00_ppon_r20,mechanism_sweep,3740,treatment,4,22,0.5661,0,0.2008,347,22,117.68
mech_md00_ppon_r20,mechanism_sweep,3877,control,0,5,0.6874,0,0.2605,103,2,97.0
mech_md00_ppon_r20,mechanism_sweep,3877,control,1,3,0.7159,0,0.1595,65,2,135.33
mech_md00_ppon_r20,mechanism_sweep,3877,control,2,3,0.6671,0,0.1778,60,3,132.0
mech_md00_ppon_r20,mechanism_sweep,3877,control,3,9,0.4727,0,0.1487,123,14,110.0
mech_md00_ppon_r20,mechanism_sweep,3877,control,4,3,0.4268,0,0.1318,41,2,109.0
mech_md00_ppon_r20,mechanism_sweep,3877,treatment,0,3,0.5983,0,0.3546,65,0,110.0
mech_md00_ppon_r20,mechanism_sweep,3877,treatment,1,5,0.6189,0,0.3218,102,1,97.0
mech_md00_ppon_r20,mechanism_sweep,3877,treatment,2,1,0.5526,0,0.0,20,0,100.0
mech_md00_ppon_r20,mechanism_sweep,3877,treatment,3,4,0.6325,0,0.2938,82,0,104.0
mech_md00_ppon_r20,mechanism_sweep,3877,treatment,4,3,0.7411,0,0.2562,64,1,120.67
mech_md00_ppon_r20,mechanism_sweep,4014,control,0,8,0.709,0,0.2891,170,7,107.88
mech_md00_ppon_r20,mechanism_sweep,4014,control,1,9,0.6016,0,0.2537,166,6,108.44
mech_md00_ppon_r20,mechanism_sweep,4014,control,2,8,0.5814,0,0.2115,143,5,112.0
mech_md00_ppon_r20,mechanism_sweep,4014,control,3,50,0.474,0,0.2292,666,81,111.56
mech_md00_ppon_r20,mechanism_sweep,4014,control,4,12,0.5621,0,0.1733,196,13,119.67
mech_md00_ppon_r20,mechanism_sweep,4014,treatment,0,5,0.6589,0,0.327,102,1,106.0
mech_md00_ppon_r20,mechanism_sweep,4014,treatment,1,1,0.7376,0,0.0,21,1,110.0
mech_md00_ppon_r20,mechanism_sweep,4014,treatment,2,1,0.691,0,0.0,21,0,150.0
mech_md00_ppon_r20,mechanism_sweep,4014,treatment,3,7,0.6278,0,0.2009,101,5,121.57
mech_md00_ppon_r20,mechanism_sweep,4014,treatment,4,1,0.6461,0,0.0,15,0,140.0
mech_md00_ppon_r20,mechanism_sweep,4151,control,0,3,0.5273,0,0.301,49,3,124.67
mech_md00_ppon_r20,mechanism_sweep,4151,control,1,5,0.6562,0,0.3512,102,2,104.0
mech_md00_ppon_r20,mechanism_sweep,4151,control,2,0,0,0,0,0,0,0
mech_md00_ppon_r20,mechanism_sweep,4151,control,3,2,0.7289,0,0.246,41,1,103.5
mech_md00_ppon_r20,mechanism_sweep,4151,control,4,2,0.6521,0,0.2304,37,2,101.0
mech_md00_ppon_r20,mechanism_sweep,4151,treatment,0,16,0.5519,0,0.3167,281,6,106.44
mech_md00_ppon_r20,mechanism_sweep,4151,treatment,1,6,0.6041,0,0.3211,119,0,103.17
mech_md00_ppon_r20,mechanism_sweep,4151,treatment,2,14,0.6578,0,0.2671,267,8,103.43
mech_md00_ppon_r20,mechanism_sweep,4151,treatment,3,12,0.7105,0,0.2677,244,9,97.92
mech_md00_ppon_r20,mechanism_sweep,4151,treatment,4,12,0.6777,0,0.2347,229,5,101.83
mech_md00_ppon_r20,mechanism_sweep,4288,control,0,2,0.6489,0,0.2362,44,1,146.5
mech_md00_ppon_r20,mechanism_sweep,4288,control,1,10,0.6308,0,0.2887,194,12,125.4
mech_md00_ppon_r20,mechanism_sweep,4288,control,2,7,0.5762,0,0.2774,135,1,109.57
mech_md00_ppon_r20,mechanism_sweep,4288,control,3,6,0.6408,0,0.3137,111,2,98.33
mech_md00_ppon_r20,mechanism_sweep,4288,control,4,6,0.6362,0,0.3221,113,0,125.83
mech_md00_ppon_r20,mechanism_sweep,4288,treatment,0,12,0.6661,0,0.3507,251,9,114.25
mech_md00_ppon_r20,mechanism_sweep,4288,treatment,1,17,0.5959,0,0.2594,292,19,94.12
mech_md00_ppon_r20,mechanism_sweep,4288,treatment,2,18,0.6649,0,0.2506,343,10,104.0
mech_md00_ppon_r20,mechanism_sweep,4288,treatment,3,12,0.6737,0,0.2501,236,8,114.0
mech_md00_ppon_r20,mechanism_sweep,4288,treatment,4,20,0.647,0,0.199,356,16,110.25
mech_md00_ppon_r20,mechanism_sweep,4425,control,0,8,0.537,0,0.2318,137,10,108.12
mech_md00_ppon_r20,mechanism_sweep,4425,control,1,1,0.6079,0,0.0,20,0,93.0
mech_md00_ppon_r20,mechanism_sweep,4425,control,2,6,0.599,0,0.246,117,2,110.33
mech_md00_ppon_r20,mechanism_sweep,4425,control,3,2,0.6691,0,0.2327,43,1,141.0
mech_md00_ppon_r20,mechanism_sweep,4425,control,4,13,0.5058,0,0.2041,194,10,111.54
mech_md00_ppon_r20,mechanism_sweep,4425,treatment,0,7,0.6094,0,0.2643,138,1,93.71
mech_md00_ppon_r20,mechanism_sweep,4425,treatment,1,8,0.6141,0,0.2709,140,5,108.12
mech_md00_ppon_r20,mechanism_sweep,4425,treatment,2,6,0.6067,0,0.2347,99,2,96.67
mech_md00_ppon_r20,mechanism_sweep,4425,treatment,3,0,0,0,0,0,0,0
mech_md00_ppon_r20,mechanism_sweep,4425,treatment,4,2,0.7021,0,0.1586,29,1,132.0
mech_md00_ppon_r20,mechanism_sweep,4562,control,0,4,0.6126,0,0.3073,72,1,86.25
mech_md00_ppon_r20,mechanism_sweep,4562,control,1,1,0.7627,0,0.0,22,1,127.0
mech_md00_ppon_r20,mechanism_sweep,4562,control,2,3,0.7053,0,0.1822,72,2,79.33
mech_md00_ppon_r20,mechanism_sweep,4562,control,3,2,0.5706,0,0.2223,38,0,91.5
mech_md00_ppon_r20,mechanism_sweep,4562,control,4,0,0,0,0,0,0,0
mech_md00_ppon_r20,mechanism_sweep,4562,treatment,0,6,0.5865,0,0.2059,120,0,95.33
mech_md00_ppon_r20,mechanism_sweep,4562,treatment,1,6,0.6219,0,0.1183,137,0,122.0
mech_md00_ppon_r20,mechanism_sweep,4562,treatment,2,6,0.6786,0,0.2166,143,3,98.0
mech_md00_ppon_r20,mechanism_sweep,4562,treatment,3,13,0.5697,0,0.247,235,3,101.92
mech_md00_ppon_r20,mechanism_sweep,4562,treatment,4,7,0.6506,0,0.265,147,0,117.0
mech_md00_ppon_r20,mechanism_sweep,4699,control,0,4,0.6815,0,0.2958,79,4,114.75
mech_md00_ppon_r20,mechanism_sweep,4699,control,1,6,0.6021,0,0.2416,117,4,92.33
mech_md00_ppon_r20,mechanism_sweep,4699,control,2,1,0.7476,0,0.0,21,1,105.0
mech_md00_ppon_r20,mechanism_sweep,4699,control,3,1,0.6688,0,0.0,18,1,13.0
mech_md00_ppon_r20,mechanism_sweep,4699,control,4,7,0.4816,0,0.1842,83,4,112.71
mech_md00_ppon_r20,mechanism_sweep,4699,treatment,0,13,0.6412,0,0.2807,268,4,110.08
mech_md00_ppon_r20,mechanism_sweep,4699,treatment,1,11,0.7094,0,0.2772,213,7,116.36
mech_md00_ppon_r20,mechanism_sweep,4699,treatment,2,4,0.7448,0,0.3044,91,4,127.25
mech_md00_ppon_r20,mechanism_sweep,4699,treatment,3,3,0.7277,0,0.3243,67,2,100.67
mech_md00_ppon_r20,mechanism_sweep,4699,treatment,4,17,0.5155,0,0.203,231,9,122.94
mech_md00_ppon_r20,mechanism_sweep,4836,control,0,4,0.6456,0,0.3319,83,1,121.75
mech_md00_ppon_r20,mechanism_sweep,4836,control,1,10,0.4659,0,0.27,126,13,111.4
mech_md00_ppon_r20,mechanism_sweep,4836,control,2,2,0.7361,0,0.1719,43,1,113.0
mech_md00_ppon_r20,mechanism_sweep,4836,control,3,0,0,0,0,0,0,0
mech_md00_ppon_r20,mechanism_sweep,4836,control,4,1,0.6983,0,0.0,21,1,110.0
mech_md00_ppon_r20,mechanism_sweep,4836,treatment,0,10,0.6228,0,0.3286,207,2,109.7
mech_md00_ppon_r20,mechanism_sweep,4836,treatment,1,5,0.6911,0,0.2883,112,4,131.2
mech_md00_ppon_r20,mechanism_sweep,4836,treatment,2,4,0.6283,0,0.2569,82,1,103.25
mech_md00_ppon_r20,mechanism_sweep,4836,treatment,3,8,0.6921,0,0.2705,168,3,106.38
mech_md00_ppon_r20,mechanism_sweep,4836,treatment,4,13,0.5873,0,0.2358,215,9,95.77
mech_md00_ppon_r20,mechanism_sweep,4973,control,0,6,0.5955,0,0.2554,116,1,96.33
mech_md00_ppon_r20,mechanism_sweep,4973,control,1,8,0.6328,0,0.2475,155,8,116.12
mech_md00_ppon_r20,mechanism_sweep,4973,control,2,23,0.4138,0,0.2453,251,19,98.09
mech_md00_ppon_r20,mechanism_sweep,4973,control,3,4,0.5774,0,0.1927,68,2,76.75
mech_md00_ppon_r20,mechanism_sweep,4973,control,4,9,0.569,0,0.2373,144,12,112.0
mech_md00_ppon_r20,mechanism_sweep,4973,treatment,0,15,0.6031,0,0.2769,286,7,113.67
mech_md00_ppon_r20,mechanism_sweep,4973,treatment,1,21,0.5644,0,0.2924,338,15,126.38
mech_md00_ppon_r20,mechanism_sweep,4973,treatment,2,11,0.6568,0,0.2755,202,13,110.82
mech_md00_ppon_r20,mechanism_sweep,4973,treatment,3,14,0.6146,0,0.2472,234,12,101.5
mech_md00_ppon_r20,mechanism_sweep,4973,treatment,4,3,0.729,0,0.3165,61,2,85.0
mech_md00_ppon_r30,mechanism_sweep,1000,control,0,2,0.6167,0,0.2905,36,0,99.5
mech_md00_ppon_r30,mechanism_sweep,1000,control,1,0,0,0,0,0,0,0
mech_md00_ppon_r30,mechanism_sweep,1000,control,2,4,0.6569,0,0.2604,92,0,117.0
mech_md00_ppon_r30,mechanism_sweep,1000,control,3,1,0.6501,0,0.0,22,1,101.0
mech_md00_ppon_r30,mechanism_sweep,1000,control,4,5,0.6024,0,0.1985,92,5,105.0
mech_md00_ppon_r30,mechanism_sweep,1000,treatment,0,12,0.6182,0,0.2847,248,2,110.83
mech_md00_ppon_r30,mechanism_sweep,1000,treatment,1,5,0.625,0,0.3032,116,0,105.0
mech_md00_ppon_r30,mechanism_sweep,1000,treatment,2,9,0.674,0,0.2775,169,6,102.22
mech_md00_ppon_r30,mechanism_sweep,1000,treatment,3,13,0.6025,0,0.2573,241,11,118.62
mech_md00_ppon_r30,mechanism_sweep,1000,treatment,4,27,0.5563,0,0.2876,414,27,110.59
mech_md00_ppon_r30,mechanism_sweep,1137,control,0,4,0.6478,0,0.3082,83,1,124.0
mech_md00_ppon_r30,mechanism_sweep,1137,control,1,8,0.6582,0,0.2846,162,3,109.62
mech_md00_ppon_r30,mechanism_sweep,1137,control,2,2,0.7375,0,0.2362,43,1,119.5
mech_md00_ppon_r30,mechanism_sweep,1137,control,3,2,0.6401,0,0.2271,42,0,148.5
mech_md00_ppon_r30,mechanism_sweep,1137,control,4,2,0.654,0,0.1709,41,1,105.0
mech_md00_ppon_r30,mechanism_sweep,1137,treatment,0,9,0.6749,0,0.3204,221,4,120.89
mech_md00_ppon_r30,mechanism_sweep,1137,treatment,1,10,0.6669,0,0.3271,198,1,112.6
mech_md00_ppon_r30,mechanism_sweep,1137,treatment,2,14,0.6716,0,0.2638,267,4,96.29
mech_md00_ppon_r30,mechanism_sweep,1137,treatment,3,18,0.5929,0,0.2185,287,6,108.17
mech_md00_ppon_r30,mechanism_sweep,1137,treatment,4,7,0.6941,0,0.2025,132,4,82.71
mech_md00_ppon_r30,mechanism_sweep,1274,control,0,3,0.6672,0,0.2438,56,2,71.67
mech_md00_ppon_r30,mechanism_sweep,1274,control,1,1,0.7799,0,0.0,20,1,103.0
mech_md00_ppon_r30,mechanism_sweep,1274,control,2,3,0.4704,0,0.2325,45,1,105.0
mech_md00_ppon_r30,mechanism_sweep,1274,control,3,5,0.6158,0,0.1527,79,2,106.0
mech_md00_ppon_r30,mechanism_sweep,1274,control,4,0,0,0,0,0,0,0
mech_md00_ppon_r30,mechanism_sweep,1274,treatment,0,7,0.6854,0,0.2769,145,6,115.43
mech_md00_ppon_r30,mechanism_sweep,1274,treatment,1,10,0.557,0,0.2521,179,3,96.3
mech_md00_ppon_r30,mechanism_sweep,1274,treatment,2,4,0.6162,0,0.226,81,0,107.75
mech_md00_ppon_r30,mechanism_sweep,1274,treatment,3,17,0.5597,0,0.1547,293,13,99.06
mech_md00_ppon_r30,mechanism_sweep,1274,treatment,4,12,0.5723,0,0.1271,196,7,106.08
mech_md00_ppon_r30,mechanism_sweep,1411,control,0,5,0.6328,0,0.3204,96,1,82.4
mech_md00_ppon_r30,mechanism_sweep,1411,control,1,4,0.6779,0,0.3459,81,0,100.25
mech_md00_ppon_r30,mechanism_sweep,1411,control,2,1,0.6305,0,0.0,21,0,115.0
mech_md00_ppon_r30,mechanism_sweep,1411,control,3,0,0,0,0,0,0,0
mech_md00_ppon_r30,mechanism_sweep,1411,control,4,1,0.6073,0,0.0,14,0,94.0
mech_md00_ppon_r30,mechanism_sweep,1411,treatment,0,10,0.6495,0,0.2976,201,1,102.0
mech_md00_ppon_r30,mechanism_sweep,1411,treatment,1,11,0.644,0,0.2877,237,4,121.27
mech_md00_ppon_r30,mechanism_sweep,1411,treatment,2,12,0.6351,0,0.2534,243,2,103.17
mech_md00_ppon_r30,mechanism_sweep,1411,treatment,3,12,0.648,0,0.2178,228,7,97.0
mech_md00_ppon_r30,mechanism_sweep,1411,treatment,4,30,0.4639,0,0.2332,387,20,94.07
mech_md00_ppon_r30,mechanism_sweep,1548,control,0,3,0.653,0,0.2709,66,3,82.0
mech_md00_ppon_r30,mechanism_sweep,1548,control,1,4,0.61,0,0.2659,77,2,112.5
mech_md00_ppon_r30,mechanism_sweep,1548,control,2,1,0.6196,0,0.0,21,0,163.0
mech_md00_ppon_r30,mechanism_sweep,1548,control,3,2,0.6123,0,0.2969,38,0,91.5
mech_md00_ppon_r30,mechanism_sweep,1548,control,4,1,0.6597,0,0.0,20,0,90.0
mech_md00_ppon_r30,mechanism_sweep,1548,treatment,0,6,0.6506,0,0.2791,126,1,101.5
mech_md00_ppon_r30,mechanism_sweep,1548,treatment,1,9,0.6026,0,0.2913,159,1,97.56
mech_md00_ppon_r30,mechanism_sweep,1548,treatment,2,9,0.5876,0,0.2323,157,1,113.56
mech_md00_ppon_r30,mechanism_sweep,1548,treatment,3,10,0.602,0,0.2194,182,5,102.7
mech_md00_ppon_r30,mechanism_sweep,1548,treatment,4,18,0.5822,0,0.236,313,13,105.78
mech_md00_ppon_r30,mechanism_sweep,1685,control,0,9,0.5849,0,0.2611,161,13,94.44
mech_md00_ppon_r30,mechanism_sweep,1685,control,1,8,0.52,0,0.2823,122,10,112.38
mech_md00_ppon_r30,mechanism_sweep,1685,control,2,3,0.6404,0,0.2859,61,4,104.0
mech_md00_ppon_r30,mechanism_sweep,1685,control,3,22,0.5234,0,0.2203,320,30,113.59
mech_md00_ppon_r30,mechanism_sweep,1685,control,4,2,0.6221,0,0.0329,42,2,110.0
mech_md00_ppon_r30,mechanism_sweep,1685,treatment,0,12,0.5427,0,0.3212,173,9,112.58
mech_md00_ppon_r30,mechanism_sweep,1685,treatment,1,12,0.6884,0,0.2495,247,9,99.33
mech_md00_ppon_r30,mechanism_sweep,1685,treatment,2,4,0.5981,0,0.2529,70,1,138.25
mech_md00_ppon_r30,mechanism_sweep,1685,treatment,3,9,0.6973,0,0.252,193,0,115.44
mech_md00_ppon_r30,mechanism_sweep,1685,treatment,4,10,0.5718,0,0.2111,165,6,82.1
mech_md00_ppon_r30,mechanism_sweep,1822,control,0,6,0.4931,0,0.3026,86,7,93.33
mech_md00_ppon_r30,mechanism_sweep,1822,control,1,4,0.514,0,0.2768,69,0,91.25
mech_md00_ppon_r30,mechanism_sweep,1822,control,2,1,0.5299,0,0.0,20,0,39.0
mech_md00_ppon_r30,mechanism_sweep,1822,control,3,2,0.4952,0,0.1168,31,2,106.5
mech_md00_ppon_r30,mechanism_sweep,1822,control,4,1,0.5699,0,0.0,37,0,119.0
mech_md00_ppon_r30,mechanism_sweep,1822,treatment,0,13,0.6366,0,0.3285,252,5,106.62
mech_md00_ppon_r30,mechanism_sweep,1822,treatment,1,7,0.5654,0,0.2915,121,3,72.86
mech_md00_ppon_r30,mechanism_sweep,1822,treatment,2,10,0.5303,0,0.2473,154,4,125.9
mech_md00_ppon_r30,mechanism_sweep,1822,treatment,3,7,0.4507,0,0.2681,92,2,97.57
mech_md00_ppon_r30,mechanism_sweep,1822,treatment,4,10,0.4269,0,0.2539,105,7,99.8
mech_md00_ppon_r30,mechanism_sweep,1959,control,0,6,0.6941,0,0.3686,121,2,117.0
mech_md00_ppon_r30,mechanism_sweep,1959,control,1,6,0.6827,0,0.3155,128,4,92.5
mech_md00_ppon_r30,mechanism_sweep,1959,control,2,5,0.6241,0,0.2926,86,2,110.6
mech_md00_ppon_r30,mechanism_sweep,1959,control,3,15,0.4911,0,0.1667,172,13,107.2
mech_md00_ppon_r30,mechanism_sweep,1959,control,4,10,0.5294,0,0.1686,135,4,117.8
mech_md00_ppon_r30,mechanism_sweep,1959,treatment,0,13,0.6478,0,0.3197,247,11,102.38
mech_md00_ppon_r30,mechanism_sweep,1959,treatment,1,24,0.5737,0,0.303,403,17,99.38
mech_md00_ppon_r30,mechanism_sweep,1959,treatment,2,32,0.499,0,0.2875,451,29,123.59
mech_md00_ppon_r30,mechanism_sweep,1959,treatment,3,31,0.4624,0,0.2629,395,22,119.84
mech_md00_ppon_r30,mechanism_sweep,1959,treatment,4,61,0.4732,0,0.2355,741,80,113.84
mech_md00_ppon_r30,mechanism_sweep,2096,control,0,6,0.646,0,0.312,119,2,121.0
mech_md00_ppon_r30,mechanism_sweep,2096,control,1,2,0.5221,0,0.2258,32,0,116.5
mech_md00_ppon_r30,mechanism_sweep,2096,control,2,4,0.6416,0,0.2455,81,2,108.5
mech_md00_ppon_r30,mechanism_sweep,2096,control,3,1,0.7051,0,0.0,41,1,60.0
mech_md00_ppon_r30,mechanism_sweep,2096,control,4,3,0.5813,0,0.3595,60,1,61.0
mech_md00_ppon_r30,mechanism_sweep,2096,treatment,0,10,0.5888,0,0.3123,192,3,130.8
mech_md00_ppon_r30,mechanism_sweep,2096,treatment,1,12,0.6659,0,0.2849,245,6,108.83
mech_md00_ppon_r30,mechanism_sweep,2096,treatment,2,12,0.6734,0,0.2291,247,1,101.08
mech_md00_ppon_r30,mechanism_sweep,2096,treatment,3,9,0.6185,0,0.2431,166,4,107.44
mech_md00_ppon_r30,mechanism_sweep,2096,treatment,4,9,0.6971,0,0.224,184,2,112.0
mech_md00_ppon_r30,mechanism_sweep,2233,control,0,3,0.7385,0,0.3217,65,4,115.0
mech_md00_ppon_r30,mechanism_sweep,2233,control,1,0,0,0,0,0,0,0
mech_md00_ppon_r30,mechanism_sweep,2233,control,2,2,0.569,0,0.3142,36,0,108.5
mech_md00_ppon_r30,mechanism_sweep,2233,control,3,9,0.4806,0,0.0825,92,11,93.67
mech_md00_ppon_r30,mechanism_sweep,2233,control,4,11,0.529,0,0.2327,124,7,92.18
mech_md00_ppon_r30,mechanism_sweep,2233,treatment,0,10,0.6471,0,0.307,219,1,89.4
mech_md00_ppon_r30,mechanism_sweep,2233,treatment,1,3,0.7129,0,0.2764,59,2,83.0
mech_md00_ppon_r30,mechanism_sweep,2233,treatment,2,3,0.6157,0,0.2946,54,1,96.67
mech_md00_ppon_r30,mechanism_sweep,2233,treatment,3,1,0.7524,0,0.0,22,2,120.0
mech_md00_ppon_r30,mechanism_sweep,2233,treatment,4,4,0.6609,0,0.0691,70,8,137.25
mech_md00_ppon_r30,mechanism_sweep,2370,control,0,6,0.6315,0,0.3552,116,3,105.33
mech_md00_ppon_r30,mechanism_sweep,2370,control,1,10,0.5958,0,0.312,183,7,87.7
mech_md00_ppon_r30,mechanism_sweep,2370,control,2,10,0.562,0,0.263,161,9,96.5
mech_md00_ppon_r30,mechanism_sweep,2370,control,3,3,0.6465,0,0.2825,64,1,109.0
mech_md00_ppon_r30,mechanism_sweep,2370,control,4,6,0.5832,0,0.2273,120,2,87.33
mech_md00_ppon_r30,mechanism_sweep,2370,treatment,0,11,0.6455,0,0.3192,214,1,99.55
mech_md00_ppon_r30,mechanism_sweep,2370,treatment,1,13,0.5979,0,0.3235,246,6,102.15
mech_md00_ppon_r30,mechanism_sweep,2370,treatment,2,10,0.6402,0,0.2853,208,4,87.0
mech_md00_ppon_r30,mechanism_sweep,2370,treatment,3,3,0.6257,0,0.2783,63,0,105.67
mech_md00_ppon_r30,mechanism_sweep,2370,treatment,4,5,0.6698,0,0.3234,104,3,92.2
mech_md00_ppon_r30,mechanism_sweep,2507,control,0,3,0.6603,0,0.315,61,0,107.0
mech_md00_ppon_r30,mechanism_sweep,2507,control,1,4,0.7044,0,0.3092,86,2,139.5
mech_md00_ppon_r30,mechanism_sweep,2507,control,2,6,0.6326,0,0.3592,121,1,106.17
mech_md00_ppon_r30,mechanism_sweep,2507,control,3,8,0.6398,0,0.2785,162,1,100.75
mech_md00_ppon_r30,mechanism_sweep,2507,control,4,1,0.6721,0,0.0,20,0,100.0
mech_md00_ppon_r30,mechanism_sweep,2507,treatment,0,10,0.6199,0,0.2963,216,2,99.1
mech_md00_ppon_r30,mechanism_sweep,2507,treatment,1,5,0.6551,0,0.2946,104,3,94.6
mech_md00_ppon_r30,mechanism_sweep,2507,treatment,2,5,0.6819,0,0.2154,100,4,88.6
mech_md00_ppon_r30,mechanism_sweep,2507,treatment,3,4,0.6766,0,0.2762,82,0,110.0
mech_md00_ppon_r30,mechanism_sweep,2507,treatment,4,3,0.6185,0,0.3581,60,0,97.0
mech_md00_ppon_r30,mechanism_sweep,2644,control,0,2,0.629,0,0.2272,45,1,137.5
mech_md00_ppon_r30,mechanism_sweep,2644,control,1,3,0.6371,0,0.224,60,0,96.67
mech_md00_ppon_r30,mechanism_sweep,2644,control,2,1,0.7188,0,0.0,22,2,120.0
mech_md00_ppon_r30,mechanism_sweep,2644,control,3,2,0.5443,0,0.3107,38,0,76.0
mech_md00_ppon_r30,mechanism_sweep,2644,control,4,0,0,0,0,0,0,0
mech_md00_ppon_r30,mechanism_sweep,2644,treatment,0,15,0.6105,0,0.2961,294,4,123.27
mech_md00_ppon_r30,mechanism_sweep,2644,treatment,1,4,0.699,0,0.2527,85,1,104.75
mech_md00_ppon_r30,mechanism_sweep,2644,treatment,2,18,0.6034,0,0.2824,324,9,109.83
mech_md00_ppon_r30,mechanism_sweep,2644,treatment,3,23,0.5883,0,0.2764,395,10,106.13
mech_md00_ppon_r30,mechanism_sweep,2644,treatment,4,21,0.5778,0,0.2749,332,17,98.86
mech_md00_ppon_r30,mechanism_sweep,2781,control,0,7,0.636,0,0.2764,151,5,103.14
mech_md00_ppon_r30,mechanism_sweep,2781,control,1,8,0.632,0,0.2849,144,3,101.88
mech_md00_ppon_r30,mechanism_sweep,2781,control,2,1,0.8682,0,0.0,22,2,120.0
mech_md00_ppon_r30,mechanism_sweep,2781,control,3,3,0.6979,0,0.2621,62,1,112.33
mech_md00_ppon_r30,mechanism_sweep,2781,control,4,3,0.6628,0,0.3218,59,1,101.33
mech_md00_ppon_r30,mechanism_sweep,2781,treatment,0,20,0.4949,0,0.2805,280,21,102.1
mech_md00_ppon_r30,mechanism_sweep,2781,treatment,1,16,0.691,0,0.2882,329,8,89.75
mech_md00_ppon_r30,mechanism_sweep,2781,treatment,2,11,0.6945,0,0.304,230,1,92.0
mech_md00_ppon_r30,mechanism_sweep,2781,treatment,3,24,0.6988,0,0.2716,488,21,110.33
mech_md00_ppon_r30,mechanism_sweep,2781,treatment,4,9,0.7332,0,0.2478,190,3,132.89
mech_md00_ppon_r30,mechanism_sweep,2918,control,0,5,0.6191,0,0.3649,89,0,110.6
mech_md00_ppon_r30,mechanism_sweep,2918,control,1,6,0.5514,0,0.2627,98,4,120.67
mech_md00_ppon_r30,mechanism_sweep,2918,control,2,32,0.4556,0,0.1216,344,42,117.41
mech_md00_ppon_r30,mechanism_sweep,2918,control,3,16,0.3775,0,0.1803,153,17,112.44
mech_md00_ppon_r30,mechanism_sweep,2918,control,4,8,0.588,0,0.0966,117,9,118.0
mech_md00_ppon_r30,mechanism_sweep,2918,treatment,0,10,0.5672,0,0.3465,188,3,105.4
mech_md00_ppon_r30,mechanism_sweep,2918,treatment,1,6,0.6525,0,0.2988,135,2,106.33
mech_md00_ppon_r30,mechanism_sweep,2918,treatment,2,4,0.6832,0,0.2657,84,1,97.5
mech_md00_ppon_r30,mechanism_sweep,2918,treatment,3,2,0.6976,0,0.3609,45,1,93.0
mech_md00_ppon_r30,mechanism_sweep,2918,treatment,4,4,0.6623,0,0.1137,86,0,89.0
mech_md00_ppon_r30,mechanism_sweep,3055,control,0,7,0.6098,0,0.3416,143,0,107.14
mech_md00_ppon_r30,mechanism_sweep,3055,control,1,5,0.5451,0,0.2806,77,4,122.0
mech_md00_ppon_r30,mechanism_sweep,3055,control,2,0,0,0,0,0,0,0
mech_md00_ppon_r30,mechanism_sweep,3055,control,3,11,0.4894,0,0.267,157,4,102.73
mech_md00_ppon_r30,mechanism_sweep,3055,control,4,4,0.3841,0,0.2716,45,1,74.5
mech_md00_ppon_r30,mechanism_sweep,3055,treatment,0,13,0.6798,0,0.3194,268,5,104.0
mech_md00_ppon_r30,mechanism_sweep,3055,treatment,1,16,0.6133,0,0.2844,293,5,104.94
mech_md00_ppon_r30,mechanism_sweep,3055,treatment,2,20,0.6377,0,0.2474,385,11,112.65
mech_md00_ppon_r30,mechanism_sweep,3055,treatment,3,13,0.6502,0,0.2476,244,8,91.08
mech_md00_ppon_r30,mechanism_sweep,3055,treatment,4,13,0.6166,0,0.2595,239,6,121.62
mech_md00_ppon_r30,mechanism_sweep,3192,control,0,2,0.6292,0,0.2497,42,1,112.5
mech_md00_ppon_r30,mechanism_sweep,3192,control,1,4,0.649,0,0.2669,81,2,90.75
mech_md00_ppon_r30,mechanism_sweep,3192,control,2,0,0,0,0,0,0,0
mech_md00_ppon_r30,mechanism_sweep,3192,control,3,3,0.6468,0,0.3146,64,1,139.67
mech_md00_ppon_r30,mechanism_sweep,3192,control,4,4,0.5342,0,0.113,67,7,120.25
mech_md00_ppon_r30,mechanism_sweep,3192,treatment,0,5,0.6118,0,0.2764,103,0,97.4
mech_md00_ppon_r30,mechanism_sweep,3192,treatment,1,11,0.6276,0,0.3078,224,1,103.45
mech_md00_ppon_r30,mechanism_sweep,3192,treatment,2,5,0.6347,0,0.2894,102,2,84.4
mech_md00_ppon_r30,mechanism_sweep,3192,treatment,3,9,0.5943,0,0.2586,146,7,90.89
mech_md00_ppon_r30,mechanism_sweep,3192,treatment,4,0,0,0,0,0,0,0
mech_md00_ppon_r30,mechanism_sweep,3329,control,0,5,0.6206,0,0.355,110,0,103.8
mech_md00_ppon_r30,mechanism_sweep,3329,control,1,3,0.6509,0,0.3301,61,0,111.33
mech_md00_ppon_r30,mechanism_sweep,3329,control,2,4,0.6284,0,0.1994,83,4,120.5
mech_md00_ppon_r30,mechanism_sweep,3329,control,3,2,0.5919,0,0.2128,42,0,122.5
mech_md00_ppon_r30,mechanism_sweep,3329,control,4,1,0.6198,0,0.0,21,0,117.0
mech_md00_ppon_r30,mechanism_sweep,3329,treatment,0,8,0.5935,0,0.3137,157,1,106.5
mech_md00_ppon_r30,mechanism_sweep,3329,treatment,1,6,0.6316,0,0.2436,130,0,98.33
mech_md00_ppon_r30,mechanism_sweep,3329,treatment,2,5,0.7028,0,0.3004,121,3,126.6
mech_md00_ppon_r30,mechanism_sweep,3329,treatment,3,9,0.6898,0,0.2915,190,3,118.44
mech_md00_ppon_r30,mechanism_sweep,3329,treatment,4,6,0.6494,0,0.2732,117,1,111.17
mech_md00_ppon_r30,mechanism_sweep,3466,control,0,2,0.6487,0,0.3351,41,1,101.0
mech_md00_ppon_r30,mechanism_sweep,3466,control,1,14,0.5418,0,0.2512,216,17,101.93
mech_md00_ppon_r30,mechanism_sweep,3466,control,2,7,0.4855,0,0.2032,99,3,89.29
mech_md00_ppon_r30,mechanism_sweep,3466,control,3,27,0.4596,0,0.2371,345,36,86.96
mech_md00_ppon_r30,mechanism_sweep,3466,control,4,11,0.4468,0,0.1648,131,19,99.91
mech_md00_ppon_r30,mechanism_sweep,3466,treatment,0,7,0.7011,0,0.3343,148,7,111.0
mech_md00_ppon_r30,mechanism_sweep,3466,treatment,1,5,0.6624,0,0.2898,106,1,93.2
mech_md00_ppon_r30,mechanism_sweep,3466,treatment,2,7,0.6766,0,0.258,132,2,110.0
mech_md00_ppon_r30,mechanism_sweep,3466,treatment,3,5,0.7099,0,0.208,101,1,106.0
mech_md00_ppon_r30,mechanism_sweep,3466,treatment,4,3,0.6518,0,0.251,62,1,117.67
mech_md00_ppon_r30,mechanism_sweep,3603,control,0,7,0.6289,0,0.3026,140,1,93.0
mech_md00_ppon_r30,mechanism_sweep,3603,control,1,2,0.7775,0,0.2689,43,4,91.0
mech_md00_ppon_r30,mechanism_sweep,3603,control,2,1,0.5722,0,0.0,20,0,100.0
mech_md00_ppon_r30,mechanism_sweep,3603,control,3,4,0.5341,0,0.3326,65,1,103.5
mech_md00_ppon_r30,mechanism_sweep,3603,control,4,3,0.7592,0,0.1169,66,5,133.0
mech_md00_ppon_r30,mechanism_sweep,3603,treatment,0,12,0.6182,0,0.2979,255,3,117.83
mech_md00_ppon_r30,mechanism_sweep,3603,treatment,1,9,0.6241,0,0.2996,182,2,72.67
mech_md00_ppon_r30,mechanism_sweep,3603,treatment,2,5,0.5518,0,0.2671,82,2,131.6
mech_md00_ppon_r30,mechanism_sweep,3603,treatment,3,9,0.6287,0,0.2376,146,3,112.78
mech_md00_ppon_r30,mechanism_sweep,3603,treatment,4,3,0.7139,0,0.1137,62,2,111.0
mech_md00_ppon_r30,mechanism_sweep,3740,control,0,7,0.6382,0,0.3285,144,2,106.29
mech_md00_ppon_r30,mechanism_sweep,3740,control,1,6,0.5857,0,0.2611,106,2,100.33
mech_md00_ppon_r30,mechanism_sweep,3740,control,2,7,0.6935,0,0.2708,140,4,106.86
mech_md00_ppon_r30,mechanism_sweep,3740,control,3,3,0.7336,0,0.1772,63,0,133.0
mech_md00_ppon_r30,mechanism_sweep,3740,control,4,2,0.8129,0,0.2647,43,3,115.0
mech_md00_ppon_r30,mechanism_sweep,3740,treatment,0,12,0.6516,0,0.3155,259,2,108.75
mech_md00_ppon_r30,mechanism_sweep,3740,treatment,1,21,0.6014,0,0.27,356,13,119.57
mech_md00_ppon_r30,mechanism_sweep,3740,treatment,2,9,0.7704,0,0.2983,195,11,125.78
mech_md00_ppon_r30,mechanism_sweep,3740,treatment,3,14,0.6376,0,0.2971,235,9,108.79
mech_md00_ppon_r30,mechanism_sweep,3740,treatment,4,19,0.6455,0,0.2505,341,19,103.21
mech_md00_ppon_r30,mechanism_sweep,3877,control,0,5,0.6874,0,0.2605,103,2,97.0
mech_md00_ppon_r30,mechanism_sweep,3877,control,1,3,0.7159,0,0.1595,65,2,135.33
mech_md00_ppon_r30,mechanism_sweep,3877,control,2,3,0.6671,0,0.1778,60,3,132.0
mech_md00_ppon_r30,mechanism_sweep,3877,control,3,9,0.4727,0,0.1487,123,14,110.0
mech_md00_ppon_r30,mechanism_sweep,3877,control,4,3,0.4268,0,0.1318,41,2,109.0
mech_md00_ppon_r30,mechanism_sweep,3877,treatment,0,11,0.5908,0,0.3012,216,7,122.45
mech_md00_ppon_r30,mechanism_sweep,3877,treatment,1,13,0.5868,0,0.2829,273,2,89.54
mech_md00_ppon_r30,mechanism_sweep,3877,treatment,2,5,0.5752,0,0.282,112,0,98.6
mech_md00_ppon_r30,mechanism_sweep,3877,treatment,3,8,0.6324,0,0.28,169,5,106.25
mech_md00_ppon_r30,mechanism_sweep,3877,treatment,4,6,0.4995,0,0.2537,93,2,101.0
mech_md00_ppon_r30,mechanism_sweep,4014,control,0,8,0.709,0,0.2891,170,7,107.88
mech_md00_ppon_r30,mechanism_sweep,4014,control,1,9,0.6016,0,0.2537,166,6,108.44
mech_md00_ppon_r30,mechanism_sweep,4014,control,2,8,0.5814,0,0.2115,143,5,112.0
mech_md00_ppon_r30,mechanism_sweep,4014,control,3,50,0.474,0,0.2292,666,81,111.56
mech_md00_ppon_r30,mechanism_sweep,4014,control,4,12,0.5621,0,0.1733,196,13,119.67
mech_md00_ppon_r30,mechanism_sweep,4014,treatment,0,16,0.6149,0,0.3091,297,13,105.31
mech_md00_ppon_r30,mechanism_sweep,4014,treatment,1,11,0.6653,0,0.2891,221,6,109.36
mech_md00_ppon_r30,mechanism_sweep,4014,treatment,2,13,0.6396,0,0.3066,264,2,122.69
mech_md00_ppon_r30,mechanism_sweep,4014,treatment,3,8,0.6326,0,0.2942,161,0,107.0
mech_md00_ppon_r30,mechanism_sweep,4014,treatment,4,9,0.6653,0,0.261,179,4,108.67
mech_md00_ppon_r30,mechanism_sweep,4151,control,0,3,0.5273,0,0.301,49,3,124.67
mech_md00_ppon_r30,mechanism_sweep,4151,control,1,5,0.6562,0,0.3512,102,2,104.0
mech_md00_ppon_r30,mechanism_sweep,4151,control,2,0,0,0,0,0,0,0
mech_md00_ppon_r30,mechanism_sweep,4151,control,3,2,0.7289,0,0.246,41,1,103.5
mech_md00_ppon_r30,mechanism_sweep,4151,control,4,2,0.6521,0,0.2304,37,2,101.0
mech_md00_ppon_r30,mechanism_sweep,4151,treatment,0,15,0.6262,0,0.3108,295,9,107.13
mech_md00_ppon_r30,mechanism_sweep,4151,treatment,1,2,0.6409,0,0.3014,34,0,63.5
mech_md00_ppon_r30,mechanism_sweep,4151,treatment,2,9,0.5804,0,0.2634,152,5,107.56
mech_md00_ppon_r30,mechanism_sweep,4151,treatment,3,1,0.7021,0,0.0,21,0,100.0
mech_md00_ppon_r30,mechanism_sweep,4151,treatment,4,5,0.6888,0,0.1093,90,1,106.4
mech_md00_ppon_r30,mechanism_sweep,4288,control,0,2,0.6489,0,0.2362,44,1,146.5
mech_md00_ppon_r30,mechanism_sweep,4288,control,1,10,0.6308,0,0.2887,194,12,125.4
mech_md00_ppon_r30,mechanism_sweep,4288,control,2,7,0.5762,0,0.2774,135,1,109.57
mech_md00_ppon_r30,mechanism_sweep,4288,control,3,6,0.6408,0,0.3137,111,2,98.33
mech_md00_ppon_r30,mechanism_sweep,4288,control,4,6,0.6362,0,0.3221,113,0,125.83
mech_md00_ppon_r30,mechanism_sweep,4288,treatment,0,9,0.5951,0,0.319,170,2,104.22
mech_md00_ppon_r30,mechanism_sweep,4288,treatment,1,22,0.5533,0,0.268,378,18,105.55
mech_md00_ppon_r30,mechanism_sweep,4288,treatment,2,10,0.6403,0,0.2585,216,4,115.3
mech_md00_ppon_r30,mechanism_sweep,4288,treatment,3,8,0.5568,0,0.2277,139,1,97.75
mech_md00_ppon_r30,mechanism_sweep,4288,treatment,4,5,0.6224,0,0.2938,105,2,120.8
mech_md00_ppon_r30,mechanism_sweep,4425,control,0,8,0.537,0,0.2318,137,10,108.12
mech_md00_ppon_r30,mechanism_sweep,4425,control,1,1,0.6079,0,0.0,20,0,93.0
mech_md00_ppon_r30,mechanism_sweep,4425,control,2,6,0.599,0,0.246,117,2,110.33
mech_md00_ppon_r30,mechanism_sweep,4425,control,3,2,0.6691,0,0.2327,43,1,141.0
mech_md00_ppon_r30,mechanism_sweep,4425,control,4,13,0.5058,0,0.2041,194,10,111.54
mech_md00_ppon_r30,mechanism_sweep,4425,treatment,0,11,0.6245,0,0.3056,227,2,81.27
mech_md00_ppon_r30,mechanism_sweep,4425,treatment,1,15,0.57,0,0.2498,267,17,108.33
mech_md00_ppon_r30,mechanism_sweep,4425,treatment,2,3,0.5813,0,0.148,61,0,76.33
mech_md00_ppon_r30,mechanism_sweep,4425,treatment,3,3,0.6262,0,0.2734,64,1,94.33
mech_md00_ppon_r30,mechanism_sweep,4425,treatment,4,8,0.4682,0,0.2528,110,2,78.12
mech_md00_ppon_r30,mechanism_sweep,4562,control,0,4,0.6126,0,0.3073,72,1,86.25
mech_md00_ppon_r30,mechanism_sweep,4562,control,1,1,0.7627,0,0.0,22,1,127.0
mech_md00_ppon_r30,mechanism_sweep,4562,control,2,3,0.7053,0,0.1822,72,2,79.33
mech_md00_ppon_r30,mechanism_sweep,4562,control,3,2,0.5706,0,0.2223,38,0,91.5
mech_md00_ppon_r30,mechanism_sweep,4562,control,4,0,0,0,0,0,0,0
mech_md00_ppon_r30,mechanism_sweep,4562,treatment,0,12,0.5519,0,0.2916,227,1,105.5
mech_md00_ppon_r30,mechanism_sweep,4562,treatment,1,7,0.7041,0,0.2878,150,2,109.43
mech_md00_ppon_r30,mechanism_sweep,4562,treatment,2,11,0.6568,0,0.2675,215,7,107.82
mech_md00_ppon_r30,mechanism_sweep,4562,treatment,3,6,0.6432,0,0.2381,105,1,109.5
mech_md00_ppon_r30,mechanism_sweep,4562,treatment,4,9,0.6227,0,0.2418,156,3,114.89
mech_md00_ppon_r30,mechanism_sweep,4699,control,0,4,0.6815,0,0.2958,79,4,114.75
mech_md00_ppon_r30,mechanism_sweep,4699,control,1,6,0.6021,0,0.2416,117,4,92.33
mech_md00_ppon_r30,mechanism_sweep,4699,control,2,1,0.7476,0,0.0,21,1,105.0
mech_md00_ppon_r30,mechanism_sweep,4699,control,3,1,0.6688,0,0.0,18,1,13.0
mech_md00_ppon_r30,mechanism_sweep,4699,control,4,7,0.4816,0,0.1842,83,4,112.71
mech_md00_ppon_r30,mechanism_sweep,4699,treatment,0,9,0.6482,0,0.2915,195,0,111.44
mech_md00_ppon_r30,mechanism_sweep,4699,treatment,1,8,0.6374,0,0.256,165,1,108.0
mech_md00_ppon_r30,mechanism_sweep,4699,treatment,2,20,0.5541,0,0.2668,331,16,118.45
mech_md00_ppon_r30,mechanism_sweep,4699,treatment,3,19,0.5819,0,0.2503,343,9,106.11
mech_md00_ppon_r30,mechanism_sweep,4699,treatment,4,13,0.5447,0,0.2554,210,7,110.85
mech_md00_ppon_r30,mechanism_sweep,4836,control,0,4,0.6456,0,0.3319,83,1,121.75
mech_md00_ppon_r30,mechanism_sweep,4836,control,1,10,0.4659,0,0.27,126,13,111.4
mech_md00_ppon_r30,mechanism_sweep,4836,control,2,2,0.7361,0,0.1719,43,1,113.0
mech_md00_ppon_r30,mechanism_sweep,4836,control,3,0,0,0,0,0,0,0
mech_md00_ppon_r30,mechanism_sweep,4836,control,4,1,0.6983,0,0.0,21,1,110.0
mech_md00_ppon_r30,mechanism_sweep,4836,treatment,0,7,0.6451,0,0.3263,144,2,107.43
mech_md00_ppon_r30,mechanism_sweep,4836,treatment,1,14,0.6704,0,0.2788,305,4,105.14
mech_md00_ppon_r30,mechanism_sweep,4836,treatment,2,10,0.633,0,0.2799,175,4,118.2
mech_md00_ppon_r30,mechanism_sweep,4836,treatment,3,11,0.6281,0,0.2728,192,6,120.27
mech_md00_ppon_r30,mechanism_sweep,4836,treatment,4,3,0.6209,0,0.1898,48,1,115.33
mech_md00_ppon_r30,mechanism_sweep,4973,control,0,6,0.5955,0,0.2554,116,1,96.33
mech_md00_ppon_r30,mechanism_sweep,4973,control,1,8,0.6328,0,0.2475,155,8,116.12
mech_md00_ppon_r30,mechanism_sweep,4973,control,2,23,0.4138,0,0.2453,251,19,98.09
mech_md00_ppon_r30,mechanism_sweep,4973,control,3,4,0.5774,0,0.1927,68,2,76.75
mech_md00_ppon_r30,mechanism_sweep,4973,control,4,9,0.569,0,0.2373,144,12,112.0
mech_md00_ppon_r30,mechanism_sweep,4973,treatment,0,13,0.5428,0,0.296,208,4,115.0
mech_md00_ppon_r30,mechanism_sweep,4973,treatment,1,15,0.6321,0,0.2806,282,7,111.6
mech_md00_ppon_r30,mechanism_sweep,4973,treatment,2,17,0.5511,0,0.2454,264,12,89.65
mech_md00_ppon_r30,mechanism_sweep,4973,treatment,3,14,0.5223,0,0.2276,202,10,117.43
mech_md00_ppon_r30,mechanism_sweep,4973,treatment,4,46,0.4798,0,0.231,549,52,97.96
mech_md25_ppoff_r05,mechanism_sweep,1000,control,0,2,0.6167,0,0.2905,36,0,99.5
mech_md25_ppoff_r05,mechanism_sweep,1000,control,1,0,0,0,0,0,0,0
mech_md25_ppoff_r05,mechanism_sweep,1000,control,2,4,0.6569,0,0.2604,92,0,117.0
mech_md25_ppoff_r05,mechanism_sweep,1000,control,3,1,0.6501,0,0.0,22,1,101.0
mech_md25_ppoff_r05,mechanism_sweep,1000,control,4,5,0.6024,0,0.1985,92,5,105.0
mech_md25_ppoff_r05,mechanism_sweep,1000,treatment,0,19,0.3728,0,0.2736,186,18,107.37
mech_md25_ppoff_r05,mechanism_sweep,1000,treatment,1,7,0.4815,0,0.2728,92,5,124.29
mech_md25_ppoff_r05,mechanism_sweep,1000,treatment,2,3,0.5925,0,0.3529,48,2,77.5
mech_md25_ppoff_r05,mechanism_sweep,1000,treatment,3,20,0.5734,0,0.2209,278,22,108.8
mech_md25_ppoff_r05,mechanism_sweep,1000,treatment,4,12,0.5416,0,0.2443,169,15,124.12
mech_md25_ppoff_r05,mechanism_sweep,1137,control,0,4,0.6478,0,0.3082,83,1,124.0
mech_md25_ppoff_r05,mechanism_sweep,1137,control,1,8,0.6582,0,0.2846,162,3,109.62
mech_md25_ppoff_r05,mechanism_sweep,1137,control,2,2,0.7375,0,0.2362,43,1,119.5
mech_md25_ppoff_r05,mechanism_sweep,1137,control,3,2,0.6401,0,0.2271,42,0,148.5
mech_md25_ppoff_r05,mechanism_sweep,1137,control,4,2,0.654,0,0.1709,41,1,105.0
mech_md25_ppoff_r05,mechanism_sweep,1137,treatment,0,1,0.5464,0,0.0,20,0,64.5
mech_md25_ppoff_r05,mechanism_sweep,1137,treatment,1,3,0.4863,0,0.2908,38,0,124.0
mech_md25_ppoff_r05,mechanism_sweep,1137,treatment,2,1,0.558,0,0.0,17,0,124.0
mech_md25_ppoff_r05,mechanism_sweep,1137,treatment,3,3,0.6141,0,0.2808,47,0,69.33
mech_md25_ppoff_r05,mechanism_sweep,1137,treatment,4,1,0.5287,0,0.0,13,0,157.0
mech_md25_ppoff_r05,mechanism_sweep,1274,control,0,3,0.6672,0,0.2438,56,2,71.67
mech_md25_ppoff_r05,mechanism_sweep,1274,control,1,1,0.7799,0,0.0,20,1,103.0
mech_md25_ppoff_r05,mechanism_sweep,1274,control,2,3,0.4704,0,0.2325,45,1,105.0
mech_md25_ppoff_r05,mechanism_sweep,1274,control,3,5,0.6158,0,0.1527,79,2,106.0
mech_md25_ppoff_r05,mechanism_sweep,1274,control,4,0,0,0,0,0,0,0
mech_md25_ppoff_r05,mechanism_sweep,1274,treatment,0,4,0.7292,0,0.2743,82,4,91.12
mech_md25_ppoff_r05,mechanism_sweep,1274,treatment,1,3,0.6783,0,0.2425,60,2,112.83
mech_md25_ppoff_r05,mechanism_sweep,1274,treatment,2,1,0.6055,0,0.0,19,0,111.0
mech_md25_ppoff_r05,mechanism_sweep,1274,treatment,3,1,0.5493,0,0.0,20,0,104.0
mech_md25_ppoff_r05,mechanism_sweep,1274,treatment,4,1,0.7352,0,0.0,22,1,141.0
mech_md25_ppoff_r05,mechanism_sweep,1411,control,0,5,0.6328,0,0.3204,96,1,82.4
mech_md25_ppoff_r05,mechanism_sweep,1411,control,1,4,0.6779,0,0.3459,81,0,100.25
mech_md25_ppoff_r05,mechanism_sweep,1411,control,2,1,0.6305,0,0.0,21,0,115.0
mech_md25_ppoff_r05,mechanism_sweep,1411,control,3,0,0,0,0,0,0,0
mech_md25_ppoff_r05,mechanism_sweep,1411,control,4,1,0.6073,0,0.0,14,0,94.0
mech_md25_ppoff_r05,mechanism_sweep,1411,treatment,0,3,0.6116,0,0.3353,58,0,71.67
mech_md25_ppoff_r05,mechanism_sweep,1411,treatment,1,5,0.6623,0,0.289,99,2,101.1
mech_md25_ppoff_r05,mechanism_sweep,1411,treatment,2,1,0.622,0,0.0,27,0,145.0
mech_md25_ppoff_r05,mechanism_sweep,1411,treatment,3,1,0.687,0,0.0,22,1,90.0
mech_md25_ppoff_r05,mechanism_sweep,1411,treatment,4,1,0.7234,0,0.0,21,0,150.0
mech_md25_ppoff_r05,mechanism_sweep,1548,control,0,3,0.653,0,0.2709,66,3,82.0
mech_md25_ppoff_r05,mechanism_sweep,1548,control,1,4,0.61,0,0.2659,77,2,112.5
mech_md25_ppoff_r05,mechanism_sweep,1548,control,2,1,0.6196,0,0.0,21,0,163.0
mech_md25_ppoff_r05,mechanism_sweep,1548,control,3,2,0.6123,0,0.2969,38,0,91.5
mech_md25_ppoff_r05,mechanism_sweep,1548,control,4,1,0.6597,0,0.0,20,0,90.0
mech_md25_ppoff_r05,mechanism_sweep,1548,treatment,0,6,0.6574,0,0.3306,124,2,116.0
mech_md25_ppoff_r05,mechanism_sweep,1548,treatment,1,4,0.5882,0,0.3255,78,0,69.75
mech_md25_ppoff_r05,mechanism_sweep,1548,treatment,2,3,0.5423,0,0.3412,58,0,74.83
mech_md25_ppoff_r05,mechanism_sweep,1548,treatment,3,1,0.7181,0,0.0,22,2,120.0
mech_md25_ppoff_r05,mechanism_sweep,1548,treatment,4,0,0,0,0,0,0,0
mech_md25_ppoff_r05,mechanism_sweep,1685,control,0,9,0.5849,0,0.2611,161,13,94.44
mech_md25_ppoff_r05,mechanism_sweep,1685,control,1,8,0.52,0,0.2823,122,10,112.38
mech_md25_ppoff_r05,mechanism_sweep,1685,control,2,3,0.6404,0,0.2859,61,4,104.0
mech_md25_ppoff_r05,mechanism_sweep,1685,control,3,22,0.5234,0,0.2203,320,30,113.59
mech_md25_ppoff_r05,mechanism_sweep,1685,control,4,2,0.6221,0,0.0329,42,2,110.0
mech_md25_ppoff_r05,mechanism_sweep,1685,treatment,0,11,0.5816,0,0.3254,186,6,78.91
mech_md25_ppoff_r05,mechanism_sweep,1685,treatment,1,6,0.6318,0,0.323,114,3,94.92
mech_md25_ppoff_r05,mechanism_sweep,1685,treatment,2,5,0.5718,0,0.3,76,2,90.4
mech_md25_ppoff_r05,mechanism_sweep,1685,treatment,3,2,0.6198,0,0.346,39,0,75.0
mech_md25_ppoff_r05,mechanism_sweep,1685,treatment,4,2,0.8305,0,0.2863,46,4,142.0
mech_md25_ppoff_r05,mechanism_sweep,1822,control,0,6,0.4931,0,0.3026,86,7,93.33
mech_md25_ppoff_r05,mechanism_sweep,1822,control,1,4,0.514,0,0.2768,69,0,91.25
mech_md25_ppoff_r05,mechanism_sweep,1822,control,2,1,0.5299,0,0.0,20,0,39.0
mech_md25_ppoff_r05,mechanism_sweep,1822,control,3,2,0.4952,0,0.1168,31,2,106.5
mech_md25_ppoff_r05,mechanism_sweep,1822,control,4,1,0.5699,0,0.0,37,0,119.0
mech_md25_ppoff_r05,mechanism_sweep,1822,treatment,0,5,0.4957,0,0.2499,67,5,138.2
mech_md25_ppoff_r05,mechanism_sweep,1822,treatment,1,8,0.6271,0,0.3037,143,2,103.5
mech_md25_ppoff_r05,mechanism_sweep,1822,treatment,2,2,0.6377,0,0.3463,38,1,123.0
mech_md25_ppoff_r05,mechanism_sweep,1822,treatment,3,0,0,0,0,0,0,0
mech_md25_ppoff_r05,mechanism_sweep,1822,treatment,4,0,0,0,0,0,0,0
mech_md25_ppoff_r05,mechanism_sweep,1959,control,0,6,0.6941,0,0.3686,121,2,117.0
mech_md25_ppoff_r05,mechanism_sweep,1959,control,1,6,0.6827,0,0.3155,128,4,92.5
mech_md25_ppoff_r05,mechanism_sweep,1959,control,2,5,0.6241,0,0.2926,86,2,110.6
mech_md25_ppoff_r05,mechanism_sweep,1959,control,3,15,0.4911,0,0.1667,172,13,107.2
mech_md25_ppoff_r05,mechanism_sweep,1959,control,4,10,0.5294,0,0.1686,135,4,117.8
mech_md25_ppoff_r05,mechanism_sweep,1959,treatment,0,8,0.7151,0,0.2803,168,8,102.88
mech_md25_ppoff_r05,mechanism_sweep,1959,treatment,1,5,0.6175,0,0.3058,94,0,132.7
mech_md25_ppoff_r05,mechanism_sweep,1959,treatment,2,2,0.7301,0,0.2203,42,1,109.5
mech_md25_ppoff_r05,mechanism_sweep,1959,treatment,3,2,0.4815,0,0.2298,30,1,136.5
mech_md25_ppoff_r05,mechanism_sweep,1959,treatment,4,1,0.4333,0,0.0,11,0,161.0
mech_md25_ppoff_r05,mechanism_sweep,2096,control,0,6,0.646,0,0.312,119,2,121.0
mech_md25_ppoff_r05,mechanism_sweep,2096,control,1,2,0.5221,0,0.2258,32,0,116.5
mech_md25_ppoff_r05,mechanism_sweep,2096,control,2,4,0.6416,0,0.2455,81,2,108.5
mech_md25_ppoff_r05,mechanism_sweep,2096,control,3,1,0.7051,0,0.0,41,1,60.0
mech_md25_ppoff_r05,mechanism_sweep,2096,control,4,3,0.5813,0,0.3595,60,1,61.0
mech_md25_ppoff_r05,mechanism_sweep,2096,treatment,0,2,0.486,0,0.2263,35,0,112.25
mech_md25_ppoff_r05,mechanism_sweep,2096,treatment,1,4,0.6597,0,0.3198,83,2,105.25
mech_md25_ppoff_r05,mechanism_sweep,2096,treatment,2,3,0.7193,0,0.3072,67,2,140.67
mech_md25_ppoff_r05,mechanism_sweep,2096,treatment,3,1,0.6106,0,0.0,20,1,23.0
mech_md25_ppoff_r05,mechanism_sweep,2096,treatment,4,2,0.7137,0,0.2727,44,4,120.0
mech_md25_ppoff_r05,mechanism_sweep,2233,control,0,3,0.7385,0,0.3217,65,4,115.0
mech_md25_ppoff_r05,mechanism_sweep,2233,control,1,0,0,0,0,0,0,0
mech_md25_ppoff_r05,mechanism_sweep,2233,control,2,2,0.569,0,0.3142,36,0,108.5
mech_md25_ppoff_r05,mechanism_sweep,2233,control,3,9,0.4806,0,0.0825,92,11,93.67
mech_md25_ppoff_r05,mechanism_sweep,2233,control,4,11,0.529,0,0.2327,124,7,92.18
mech_md25_ppoff_r05,mechanism_sweep,2233,treatment,0,1,0.5788,0,0.0,20,0,100.0
mech_md25_ppoff_r05,mechanism_sweep,2233,treatment,1,5,0.6434,0,0.2257,95,7,107.3
mech_md25_ppoff_r05,mechanism_sweep,2233,treatment,2,7,0.3663,0,0.2287,68,5,78.07
mech_md25_ppoff_r05,mechanism_sweep,2233,treatment,3,1,0.6343,0,0.0,15,0,108.0
mech_md25_ppoff_r05,mechanism_sweep,2233,treatment,4,1,0.664,0,0.0,15,0,107.0
mech_md25_ppoff_r05,mechanism_sweep,2370,control,0,6,0.6315,0,0.3552,116,3,105.33
mech_md25_ppoff_r05,mechanism_sweep,2370,control,1,10,0.5958,0,0.312,183,7,87.7
mech_md25_ppoff_r05,mechanism_sweep,2370,control,2,10,0.562,0,0.263,161,9,96.5
mech_md25_ppoff_r05,mechanism_sweep,2370,control,3,3,0.6465,0,0.2825,64,1,109.0
mech_md25_ppoff_r05,mechanism_sweep,2370,control,4,6,0.5832,0,0.2273,120,2,87.33
mech_md25_ppoff_r05,mechanism_sweep,2370,treatment,0,6,0.6224,0,0.3597,121,2,117.33
mech_md25_ppoff_r05,mechanism_sweep,2370,treatment,1,7,0.5596,0,0.3026,120,3,95.43
mech_md25_ppoff_r05,mechanism_sweep,2370,treatment,2,6,0.6238,0,0.2528,119,0,101.5
mech_md25_ppoff_r05,mechanism_sweep,2370,treatment,3,1,0.7417,0,0.0,21,1,110.0
mech_md25_ppoff_r05,mechanism_sweep,2370,treatment,4,5,0.5703,0,0.2148,72,6,102.4
mech_md25_ppoff_r05,mechanism_sweep,2507,control,0,3,0.6603,0,0.315,61,0,107.0
mech_md25_ppoff_r05,mechanism_sweep,2507,control,1,4,0.7044,0,0.3092,86,2,139.5
mech_md25_ppoff_r05,mechanism_sweep,2507,control,2,6,0.6326,0,0.3592,121,1,106.17
mech_md25_ppoff_r05,mechanism_sweep,2507,control,3,8,0.6398,0,0.2785,162,1,100.75
mech_md25_ppoff_r05,mechanism_sweep,2507,control,4,1,0.6721,0,0.0,20,0,100.0
mech_md25_ppoff_r05,mechanism_sweep,2507,treatment,0,9,0.6289,0,0.3334,179,2,102.0
mech_md25_ppoff_r05,mechanism_sweep,2507,treatment,1,5,0.5964,0,0.3469,90,0,95.9
mech_md25_ppoff_r05,mechanism_sweep,2507,treatment,2,1,0.674,0,0.0,21,0,122.0
mech_md25_ppoff_r05,mechanism_sweep,2507,treatment,3,1,0.688,0,0.0,21,0,150.0
mech_md25_ppoff_r05,mechanism_sweep,2507,treatment,4,3,0.6699,0,0.2442,65,0,158.0
mech_md25_ppoff_r05,mechanism_sweep,2644,control,0,2,0.629,0,0.2272,45,1,137.5
mech_md25_ppoff_r05,mechanism_sweep,2644,control,1,3,0.6371,0,0.224,60,0,96.67
mech_md25_ppoff_r05,mechanism_sweep,2644,control,2,1,0.7188,0,0.0,22,2,120.0
mech_md25_ppoff_r05,mechanism_sweep,2644,control,3,2,0.5443,0,0.3107,38,0,76.0
mech_md25_ppoff_r05,mechanism_sweep,2644,control,4,0,0,0,0,0,0,0
mech_md25_ppoff_r05,mechanism_sweep,2644,treatment,0,5,0.6116,0,0.2653,81,6,72.0
mech_md25_ppoff_r05,mechanism_sweep,2644,treatment,1,8,0.6299,0,0.2603,132,15,120.09
mech_md25_ppoff_r05,mechanism_sweep,2644,treatment,2,4,0.6618,0,0.2519,74,2,88.38
mech_md25_ppoff_r05,mechanism_sweep,2644,treatment,3,1,0.7493,0,0.0,20,0,125.0
mech_md25_ppoff_r05,mechanism_sweep,2644,treatment,4,4,0.6527,0,0.2464,64,5,90.5
mech_md25_ppoff_r05,mechanism_sweep,2781,control,0,7,0.636,0,0.2764,151,5,103.14
mech_md25_ppoff_r05,mechanism_sweep,2781,control,1,8,0.632,0,0.2849,144,3,101.88
mech_md25_ppoff_r05,mechanism_sweep,2781,control,2,1,0.8682,0,0.0,22,2,120.0
mech_md25_ppoff_r05,mechanism_sweep,2781,control,3,3,0.6979,0,0.2621,62,1,112.33
mech_md25_ppoff_r05,mechanism_sweep,2781,control,4,3,0.6628,0,0.3218,59,1,101.33
mech_md25_ppoff_r05,mechanism_sweep,2781,treatment,0,18,0.6289,0,0.2277,328,18,98.14
mech_md25_ppoff_r05,mechanism_sweep,2781,treatment,1,20,0.5279,0,0.2117,293,17,96.8
mech_md25_ppoff_r05,mechanism_sweep,2781,treatment,2,12,0.5474,0,0.2735,194,10,84.83
mech_md25_ppoff_r05,mechanism_sweep,2781,treatment,3,4,0.6443,0,0.2328,76,1,100.75
mech_md25_ppoff_r05,mechanism_sweep,2781,treatment,4,9,0.6998,0,0.1865,172,8,121.33
mech_md25_ppoff_r05,mechanism_sweep,2918,control,0,5,0.6191,0,0.3649,89,0,110.6
mech_md25_ppoff_r05,mechanism_sweep,2918,control,1,6,0.5514,0,0.2627,98,4,120.67
mech_md25_ppoff_r05,mechanism_sweep,2918,control,2,32,0.4556,0,0.1216,344,42,117.41
mech_md25_ppoff_r05,mechanism_sweep,2918,control,3,16,0.3775,0,0.1803,153,17,112.44
mech_md25_ppoff_r05,mechanism_sweep,2918,control,4,8,0.588,0,0.0966,117,9,118.0
mech_md25_ppoff_r05,mechanism_sweep,2918,treatment,0,5,0.5821,0,0.3,93,0,98.5
mech_md25_ppoff_r05,mechanism_sweep,2918,treatment,1,11,0.6542,0,0.2911,215,13,121.5
mech_md25_ppoff_r05,mechanism_sweep,2918,treatment,2,2,0.6923,0,0.3497,41,2,125.0
mech_md25_ppoff_r05,mechanism_sweep,2918,treatment,3,6,0.5622,0,0.2546,91,4,114.33
mech_md25_ppoff_r05,mechanism_sweep,2918,treatment,4,6,0.3862,0,0.2618,69,0,123.0
mech_md25_ppoff_r05,mechanism_sweep,3055,control,0,7,0.6098,0,0.3416,143,0,107.14
mech_md25_ppoff_r05,mechanism_sweep,3055,control,1,5,0.5451,0,0.2806,77,4,122.0
mech_md25_ppoff_r05,mechanism_sweep,3055,control,2,0,0,0,0,0,0,0
mech_md25_ppoff_r05,mechanism_sweep,3055,control,3,11,0.4894,0,0.267,157,4,102.73
mech_md25_ppoff_r05,mechanism_sweep,3055,control,4,4,0.3841,0,0.2716,45,1,74.5
mech_md25_ppoff_r05,mechanism_sweep,3055,treatment,0,3,0.5562,0,0.2418,47,1,92.0
mech_md25_ppoff_r05,mechanism_sweep,3055,treatment,1,7,0.6857,0,0.2579,146,2,124.57
mech_md25_ppoff_r05,mechanism_sweep,3055,treatment,2,6,0.6673,0,0.214,120,0,96.33
mech_md25_ppoff_r05,mechanism_sweep,3055,treatment,3,3,0.7017,0,0.2765,63,1,86.67
mech_md25_ppoff_r05,mechanism_sweep,3055,treatment,4,1,0.6787,0,0.0,20,0,100.0
mech_md25_ppoff_r05,mechanism_sweep,3192,control,0,2,0.6292,0,0.2497,42,1,112.5
mech_md25_ppoff_r05,mechanism_sweep,3192,control,1,4,0.649,0,0.2669,81,2,90.75
mech_md25_ppoff_r05,mechanism_sweep,3192,control,2,0,0,0,0,0,0,0
mech_md25_ppoff_r05,mechanism_sweep,3192,control,3,3,0.6468,0,0.3146,64,1,139.67
mech_md25_ppoff_r05,mechanism_sweep,3192,control,4,4,0.5342,0,0.113,67,7,120.25
mech_md25_ppoff_r05,mechanism_sweep,3192,treatment,0,8,0.5786,0,0.3017,134,3,108.38
mech_md25_ppoff_r05,mechanism_sweep,3192,treatment,1,2,0.5769,0,0.2544,39,0,85.5
mech_md25_ppoff_r05,mechanism_sweep,3192,treatment,2,21,0.4249,0,0.1183,172,17,106.6
mech_md25_ppoff_r05,mechanism_sweep,3192,treatment,3,0,0,0,0,0,0,0
mech_md25_ppoff_r05,mechanism_sweep,3192,treatment,4,3,0.5699,0,0.2014,43,1,131.0
mech_md25_ppoff_r05,mechanism_sweep,3329,control,0,5,0.6206,0,0.355,110,0,103.8
mech_md25_ppoff_r05,mechanism_sweep,3329,control,1,3,0.6509,0,0.3301,61,0,111.33
mech_md25_ppoff_r05,mechanism_sweep,3329,control,2,4,0.6284,0,0.1994,83,4,120.5
mech_md25_ppoff_r05,mechanism_sweep,3329,control,3,2,0.5919,0,0.2128,42,0,122.5
mech_md25_ppoff_r05,mechanism_sweep,3329,control,4,1,0.6198,0,0.0,21,0,117.0
mech_md25_ppoff_r05,mechanism_sweep,3329,treatment,0,4,0.52,0,0.3418,71,1,100.75
mech_md25_ppoff_r05,mechanism_sweep,3329,treatment,1,3,0.6454,0,0.3228,58,1,104.33
mech_md25_ppoff_r05,mechanism_sweep,3329,treatment,2,2,0.6371,0,0.0017,41,0,121.0
mech_md25_ppoff_r05,mechanism_sweep,3329,treatment,3,9,0.5238,0,0.286,132,12,90.94
mech_md25_ppoff_r05,mechanism_sweep,3329,treatment,4,4,0.6171,0,0.2566,84,0,113.12
mech_md25_ppoff_r05,mechanism_sweep,3466,control,0,2,0.6487,0,0.3351,41,1,101.0
mech_md25_ppoff_r05,mechanism_sweep,3466,control,1,14,0.5418,0,0.2512,216,17,101.93
mech_md25_ppoff_r05,mechanism_sweep,3466,control,2,7,0.4855,0,0.2032,99,3,89.29
mech_md25_ppoff_r05,mechanism_sweep,3466,control,3,27,0.4596,0,0.2371,345,36,86.96
mech_md25_ppoff_r05,mechanism_sweep,3466,control,4,11,0.4468,0,0.1648,131,19,99.91
mech_md25_ppoff_r05,mechanism_sweep,3466,treatment,0,2,0.6691,0,0.3755,40,0,98.0
mech_md25_ppoff_r05,mechanism_sweep,3466,treatment,1,4,0.5067,0,0.2135,59,3,107.25
mech_md25_ppoff_r05,mechanism_sweep,3466,treatment,2,4,0.6023,0,0.2847,71,1,89.0
mech_md25_ppoff_r05,mechanism_sweep,3466,treatment,3,3,0.6652,0,0.1919,56,3,91.0
mech_md25_ppoff_r05,mechanism_sweep,3466,treatment,4,10,0.718,0,0.1827,194,15,119.45
mech_md25_ppoff_r05,mechanism_sweep,3603,control,0,7,0.6289,0,0.3026,140,1,93.0
mech_md25_ppoff_r05,mechanism_sweep,3603,control,1,2,0.7775,0,0.2689,43,4,91.0
mech_md25_ppoff_r05,mechanism_sweep,3603,control,2,1,0.5722,0,0.0,20,0,100.0
mech_md25_ppoff_r05,mechanism_sweep,3603,control,3,4,0.5341,0,0.3326,65,1,103.5
mech_md25_ppoff_r05,mechanism_sweep,3603,control,4,3,0.7592,0,0.1169,66,5,133.0
mech_md25_ppoff_r05,mechanism_sweep,3603,treatment,0,1,0.497,0,0.0,18,0,3.0
mech_md25_ppoff_r05,mechanism_sweep,3603,treatment,1,1,0.6621,0,0.0,20,0,113.0
mech_md25_ppoff_r05,mechanism_sweep,3603,treatment,2,2,0.5551,0,0.1901,36,1,57.5
mech_md25_ppoff_r05,mechanism_sweep,3603,treatment,3,2,0.685,0,0.4021,41,1,105.0
mech_md25_ppoff_r05,mechanism_sweep,3603,treatment,4,3,0.681,0,0.2811,51,1,105.0
mech_md25_ppoff_r05,mechanism_sweep,3740,control,0,7,0.6382,0,0.3285,144,2,106.29
mech_md25_ppoff_r05,mechanism_sweep,3740,control,1,6,0.5857,0,0.2611,106,2,100.33
mech_md25_ppoff_r05,mechanism_sweep,3740,control,2,7,0.6935,0,0.2708,140,4,106.86
mech_md25_ppoff_r05,mechanism_sweep,3740,control,3,3,0.7336,0,0.1772,63,0,133.0
mech_md25_ppoff_r05,mechanism_sweep,3740,control,4,2,0.8129,0,0.2647,43,3,115.0
mech_md25_ppoff_r05,mechanism_sweep,3740,treatment,0,6,0.5856,0,0.2893,104,5,74.25
mech_md25_ppoff_r05,mechanism_sweep,3740,treatment,1,8,0.6505,0,0.3008,176,2,103.75
mech_md25_ppoff_r05,mechanism_sweep,3740,treatment,2,4,0.6163,0,0.3164,92,0,111.5
mech_md25_ppoff_r05,mechanism_sweep,3740,treatment,3,9,0.5505,0,0.2887,144,6,102.0
mech_md25_ppoff_r05,mechanism_sweep,3740,treatment,4,3,0.6498,0,0.2864,52,3,97.67
mech_md25_ppoff_r05,mechanism_sweep,3877,control,0,5,0.6874,0,0.2605,103,2,97.0
mech_md25_ppoff_r05,mechanism_sweep,3877,control,1,3,0.7159,0,0.1595,65,2,135.33
mech_md25_ppoff_r05,mechanism_sweep,3877,control,2,3,0.6671,0,0.1778,60,3,132.0
mech_md25_ppoff_r05,mechanism_sweep,3877,control,3,9,0.4727,0,0.1487,123,14,110.0
mech_md25_ppoff_r05,mechanism_sweep,3877,control,4,3,0.4268,0,0.1318,41,2,109.0
mech_md25_ppoff_r05,mechanism_sweep,3877,treatment,0,5,0.6655,0,0.3518,101,1,108.3
mech_md25_ppoff_r05,mechanism_sweep,3877,treatment,1,0,0,0,0,0,0,0
mech_md25_ppoff_r05,mechanism_sweep,3877,treatment,2,1,0.653,0,0.0,19,0,70.0
mech_md25_ppoff_r05,mechanism_sweep,3877,treatment,3,2,0.7036,0,0.4115,41,0,125.0
mech_md25_ppoff_r05,mechanism_sweep,3877,treatment,4,5,0.4894,0,0.0969,63,8,101.6
mech_md25_ppoff_r05,mechanism_sweep,4014,control,0,8,0.709,0,0.2891,170,7,107.88
mech_md25_ppoff_r05,mechanism_sweep,4014,control,1,9,0.6016,0,0.2537,166,6,108.44
mech_md25_ppoff_r05,mechanism_sweep,4014,control,2,8,0.5814,0,0.2115,143,5,112.0
mech_md25_ppoff_r05,mechanism_sweep,4014,control,3,50,0.474,0,0.2292,666,81,111.56
mech_md25_ppoff_r05,mechanism_sweep,4014,control,4,12,0.5621,0,0.1733,196,13,119.67
mech_md25_ppoff_r05,mechanism_sweep,4014,treatment,0,12,0.5698,0,0.2926,203,16,110.67
mech_md25_ppoff_r05,mechanism_sweep,4014,treatment,1,6,0.615,0,0.2488,121,2,92.0
mech_md25_ppoff_r05,mechanism_sweep,4014,treatment,2,1,0.5564,0,0.0,28,0,73.0
mech_md25_ppoff_r05,mechanism_sweep,4014,treatment,3,1,0.6508,0,0.0,20,0,135.0
mech_md25_ppoff_r05,mechanism_sweep,4014,treatment,4,0,0,0,0,0,0,0
mech_md25_ppoff_r05,mechanism_sweep,4151,control,0,3,0.5273,0,0.301,49,3,124.67
mech_md25_ppoff_r05,mechanism_sweep,4151,control,1,5,0.6562,0,0.3512,102,2,104.0
mech_md25_ppoff_r05,mechanism_sweep,4151,control,2,0,0,0,0,0,0,0
mech_md25_ppoff_r05,mechanism_sweep,4151,control,3,2,0.7289,0,0.246,41,1,103.5
mech_md25_ppoff_r05,mechanism_sweep,4151,control,4,2,0.6521,0,0.2304,37,2,101.0
mech_md25_ppoff_r05,mechanism_sweep,4151,treatment,0,16,0.4899,0,0.2756,242,12,108.28
mech_md25_ppoff_r05,mechanism_sweep,4151,treatment,1,2,0.6223,0,0.3537,41,2,97.0
mech_md25_ppoff_r05,mechanism_sweep,4151,treatment,2,7,0.6621,0,0.2452,136,7,102.57
mech_md25_ppoff_r05,mechanism_sweep,4151,treatment,3,5,0.6795,0,0.2608,96,5,117.0
mech_md25_ppoff_r05,mechanism_sweep,4151,treatment,4,1,0.701,0,0.0,20,0,104.0
mech_md25_ppoff_r05,mechanism_sweep,4288,control,0,2,0.6489,0,0.2362,44,1,146.5
mech_md25_ppoff_r05,mechanism_sweep,4288,control,1,10,0.6308,0,0.2887,194,12,125.4
mech_md25_ppoff_r05,mechanism_sweep,4288,control,2,7,0.5762,0,0.2774,135,1,109.57
mech_md25_ppoff_r05,mechanism_sweep,4288,control,3,6,0.6408,0,0.3137,111,2,98.33
mech_md25_ppoff_r05,mechanism_sweep,4288,control,4,6,0.6362,0,0.3221,113,0,125.83
mech_md25_ppoff_r05,mechanism_sweep,4288,treatment,0,2,0.6825,0,0.4201,42,2,110.0
mech_md25_ppoff_r05,mechanism_sweep,4288,treatment,1,7,0.5912,0,0.2883,128,4,98.71
mech_md25_ppoff_r05,mechanism_sweep,4288,treatment,2,3,0.5348,0,0.2568,55,0,124.0
mech_md25_ppoff_r05,mechanism_sweep,4288,treatment,3,2,0.6557,0,0.3861,41,0,137.5
mech_md25_ppoff_r05,mechanism_sweep,4288,treatment,4,5,0.642,0,0.215,83,6,75.4
mech_md25_ppoff_r05,mechanism_sweep,4425,control,0,8,0.537,0,0.2318,137,10,108.12
mech_md25_ppoff_r05,mechanism_sweep,4425,control,1,1,0.6079,0,0.0,20,0,93.0
mech_md25_ppoff_r05,mechanism_sweep,4425,control,2,6,0.599,0,0.246,117,2,110.33
mech_md25_ppoff_r05,mechanism_sweep,4425,control,3,2,0.6691,0,0.2327,43,1,141.0
mech_md25_ppoff_r05,mechanism_sweep,4425,control,4,13,0.5058,0,0.2041,194,10,111.54
mech_md25_ppoff_r05,mechanism_sweep,4425,treatment,0,5,0.6017,0,0.2483,98,2,97.6
mech_md25_ppoff_r05,mechanism_sweep,4425,treatment,1,4,0.5995,0,0.344,77,8,100.25
mech_md25_ppoff_r05,mechanism_sweep,4425,treatment,2,11,0.5246,0,0.2754,177,7,119.0
mech_md25_ppoff_r05,mechanism_sweep,4425,treatment,3,10,0.5719,0,0.221,159,9,136.15
mech_md25_ppoff_r05,mechanism_sweep,4425,treatment,4,8,0.5535,0,0.1162,127,9,119.06
mech_md25_ppoff_r05,mechanism_sweep,4562,control,0,4,0.6126,0,0.3073,72,1,86.25
mech_md25_ppoff_r05,mechanism_sweep,4562,control,1,1,0.7627,0,0.0,22,1,127.0
mech_md25_ppoff_r05,mechanism_sweep,4562,control,2,3,0.7053,0,0.1822,72,2,79.33
mech_md25_ppoff_r05,mechanism_sweep,4562,control,3,2,0.5706,0,0.2223,38,0,91.5
mech_md25_ppoff_r05,mechanism_sweep,4562,control,4,0,0,0,0,0,0,0
mech_md25_ppoff_r05,mechanism_sweep,4562,treatment,0,6,0.6409,0,0.3347,122,1,102.5
mech_md25_ppoff_r05,mechanism_sweep,4562,treatment,1,7,0.5514,0,0.3016,103,4,117.07
mech_md25_ppoff_r05,mechanism_sweep,4562,treatment,2,2,0.7158,0,0.4088,42,0,153.0
mech_md25_ppoff_r05,mechanism_sweep,4562,treatment,3,2,0.7036,0,0.4104,39,0,108.5
mech_md25_ppoff_r05,mechanism_sweep,4562,treatment,4,2,0.5704,0,0.3985,32,0,61.5
mech_md25_ppoff_r05,mechanism_sweep,4699,control,0,4,0.6815,0,0.2958,79,4,114.75
mech_md25_ppoff_r05,mechanism_sweep,4699,control,1,6,0.6021,0,0.2416,117,4,92.33
mech_md25_ppoff_r05,mechanism_sweep,4699,control,2,1,0.7476,0,0.0,21,1,105.0
mech_md25_ppoff_r05,mechanism_sweep,4699,control,3,1,0.6688,0,0.0,18,1,13.0
mech_md25_ppoff_r05,mechanism_sweep,4699,control,4,7,0.4816,0,0.1842,83,4,112.71
mech_md25_ppoff_r05,mechanism_sweep,4699,treatment,0,10,0.6221,0,0.2709,189,3,116.75
mech_md25_ppoff_r05,mechanism_sweep,4699,treatment,1,10,0.4153,0,0.2261,109,9,116.25
mech_md25_ppoff_r05,mechanism_sweep,4699,treatment,2,12,0.5679,0,0.1933,197,12,107.5
mech_md25_ppoff_r05,mechanism_sweep,4699,treatment,3,2,0.8337,0,0.1789,45,5,129.0
mech_md25_ppoff_r05,mechanism_sweep,4699,treatment,4,0,0,0,0,0,0,0
mech_md25_ppoff_r05,mechanism_sweep,4836,control,0,4,0.6456,0,0.3319,83,1,121.75
mech_md25_ppoff_r05,mechanism_sweep,4836,control,1,10,0.4659,0,0.27,126,13,111.4
mech_md25_ppoff_r05,mechanism_sweep,4836,control,2,2,0.7361,0,0.1719,43,1,113.0
mech_md25_ppoff_r05,mechanism_sweep,4836,control,3,0,0,0,0,0,0,0
mech_md25_ppoff_r05,mechanism_sweep,4836,control,4,1,0.6983,0,0.0,21,1,110.0
mech_md25_ppoff_r05,mechanism_sweep,4836,treatment,0,6,0.6905,0,0.3224,124,3,105.0
mech_md25_ppoff_r05,mechanism_sweep,4836,treatment,1,5,0.5779,0,0.2657,75,2,124.0
mech_md25_ppoff_r05,mechanism_sweep,4836,treatment,2,8,0.5678,0,0.2584,128,2,100.19
mech_md25_ppoff_r05,mechanism_sweep,4836,treatment,3,9,0.7571,0,0.2027,188,10,121.61
mech_md25_ppoff_r05,mechanism_sweep,4836,treatment,4,4,0.7568,0,0.2074,78,3,100.0
mech_md25_ppoff_r05,mechanism_sweep,4973,control,0,6,0.5955,0,0.2554,116,1,96.33
mech_md25_ppoff_r05,mechanism_sweep,4973,control,1,8,0.6328,0,0.2475,155,8,116.12
mech_md25_ppoff_r05,mechanism_sweep,4973,control,2,23,0.4138,0,0.2453,251,19,98.09
mech_md25_ppoff_r05,mechanism_sweep,4973,control,3,4,0.5774,0,0.1927,68,2,76.75
mech_md25_ppoff_r05,mechanism_sweep,4973,control,4,9,0.569,0,0.2373,144,12,112.0
mech_md25_ppoff_r05,mechanism_sweep,4973,treatment,0,4,0.6648,0,0.3116,82,1,108.25
mech_md25_ppoff_r05,mechanism_sweep,4973,treatment,1,4,0.6709,0,0.3384,75,5,97.25
mech_md25_ppoff_r05,mechanism_sweep,4973,treatment,2,22,0.5223,0,0.2523,279,38,103.41
mech_md25_ppoff_r05,mechanism_sweep,4973,treatment,3,20,0.5157,0,0.2176,264,23,97.95
mech_md25_ppoff_r05,mechanism_sweep,4973,treatment,4,4,0.5795,0,0.2452,59,1,124.25
mech_md25_ppoff_r10,mechanism_sweep,1000,control,0,2,0.6167,0,0.2905,36,0,99.5
mech_md25_ppoff_r10,mechanism_sweep,1000,control,1,0,0,0,0,0,0,0
mech_md25_ppoff_r10,mechanism_sweep,1000,control,2,4,0.6569,0,0.2604,92,0,117.0
mech_md25_ppoff_r10,mechanism_sweep,1000,control,3,1,0.6501,0,0.0,22,1,101.0
mech_md25_ppoff_r10,mechanism_sweep,1000,control,4,5,0.6024,0,0.1985,92,5,105.0
mech_md25_ppoff_r10,mechanism_sweep,1000,treatment,0,8,0.6071,0,0.2984,134,4,85.81
mech_md25_ppoff_r10,mechanism_sweep,1000,treatment,1,13,0.603,0,0.2971,222,11,110.96
mech_md25_ppoff_r10,mechanism_sweep,1000,treatment,2,22,0.5971,0,0.2878,349,24,106.31
mech_md25_ppoff_r10,mechanism_sweep,1000,treatment,3,6,0.6566,0,0.2341,120,1,113.58
mech_md25_ppoff_r10,mechanism_sweep,1000,treatment,4,35,0.4725,0,0.2176,384,42,91.86
mech_md25_ppoff_r10,mechanism_sweep,1137,control,0,4,0.6478,0,0.3082,83,1,124.0
mech_md25_ppoff_r10,mechanism_sweep,1137,control,1,8,0.6582,0,0.2846,162,3,109.62
mech_md25_ppoff_r10,mechanism_sweep,1137,control,2,2,0.7375,0,0.2362,43,1,119.5
mech_md25_ppoff_r10,mechanism_sweep,1137,control,3,2,0.6401,0,0.2271,42,0,148.5
mech_md25_ppoff_r10,mechanism_sweep,1137,control,4,2,0.654,0,0.1709,41,1,105.0
mech_md25_ppoff_r10,mechanism_sweep,1137,treatment,0,3,0.7126,0,0.3196,63,0,121.17
mech_md25_ppoff_r10,mechanism_sweep,1137,treatment,1,12,0.6593,0,0.3065,226,5,113.6
mech_md25_ppoff_r10,mechanism_sweep,1137,treatment,2,7,0.6837,0,0.2919,131,9,105.5
mech_md25_ppoff_r10,mechanism_sweep,1137,treatment,3,6,0.5841,0,0.2497,90,3,92.08
mech_md25_ppoff_r10,mechanism_sweep,1137,treatment,4,3,0.668,0,0.2379,51,1,116.83
mech_md25_ppoff_r10,mechanism_sweep,1274,control,0,3,0.6672,0,0.2438,56,2,71.67
mech_md25_ppoff_r10,mechanism_sweep,1274,control,1,1,0.7799,0,0.0,20,1,103.0
mech_md25_ppoff_r10,mechanism_sweep,1274,control,2,3,0.4704,0,0.2325,45,1,105.0
mech_md25_ppoff_r10,mechanism_sweep,1274,control,3,5,0.6158,0,0.1527,79,2,106.0
mech_md25_ppoff_r10,mechanism_sweep,1274,control,4,0,0,0,0,0,0,0
mech_md25_ppoff_r10,mechanism_sweep,1274,treatment,0,9,0.6802,0,0.2913,183,6,100.11
mech_md25_ppoff_r10,mechanism_sweep,1274,treatment,1,19,0.6061,0,0.2635,343,13,104.32
mech_md25_ppoff_r10,mechanism_sweep,1274,treatment,2,8,0.6447,0,0.2619,168,2,100.59
mech_md25_ppoff_r10,mechanism_sweep,1274,treatment,3,5,0.6527,0,0.2748,114,0,109.15
mech_md25_ppoff_r10,mechanism_sweep,1274,treatment,4,3,0.6649,0,0.3272,60,0,90.33
mech_md25_ppoff_r10,mechanism_sweep,1411,control,0,5,0.6328,0,0.3204,96,1,82.4
mech_md25_ppoff_r10,mechanism_sweep,1411,control,1,4,0.6779,0,0.3459,81,0,100.25
mech_md25_ppoff_r10,mechanism_sweep,1411,control,2,1,0.6305,0,0.0,21,0,115.0
mech_md25_ppoff_r10,mechanism_sweep,1411,control,3,0,0,0,0,0,0,0
mech_md25_ppoff_r10,mechanism_sweep,1411,control,4,1,0.6073,0,0.0,14,0,94.0
mech_md25_ppoff_r10,mechanism_sweep,1411,treatment,0,7,0.5921,0,0.3469,126,2,77.57
mech_md25_ppoff_r10,mechanism_sweep,1411,treatment,1,4,0.721,0,0.3289,84,1,151.75
mech_md25_ppoff_r10,mechanism_sweep,1411,treatment,2,2,0.7095,0,0.4314,39,0,100.0
mech_md25_ppoff_r10,mechanism_sweep,1411,treatment,3,0,0,0,0,0,0,0
mech_md25_ppoff_r10,mechanism_sweep,1411,treatment,4,3,0.6658,0,0.2481,50,1,65.33
mech_md25_ppoff_r10,mechanism_sweep,1548,control,0,3,0.653,0,0.2709,66,3,82.0
mech_md25_ppoff_r10,mechanism_sweep,1548,control,1,4,0.61,0,0.2659,77,2,112.5
mech_md25_ppoff_r10,mechanism_sweep,1548,control,2,1,0.6196,0,0.0,21,0,163.0
mech_md25_ppoff_r10,mechanism_sweep,1548,control,3,2,0.6123,0,0.2969,38,0,91.5
mech_md25_ppoff_r10,mechanism_sweep,1548,control,4,1,0.6597,0,0.0,20,0,90.0
mech_md25_ppoff_r10,mechanism_sweep,1548,treatment,0,6,0.6878,0,0.3159,124,2,114.92
mech_md25_ppoff_r10,mechanism_sweep,1548,treatment,1,1,0.5545,0,0.0,20,0,100.0
mech_md25_ppoff_r10,mechanism_sweep,1548,treatment,2,1,0.6228,0,0.0,20,0,132.5
mech_md25_ppoff_r10,mechanism_sweep,1548,treatment,3,1,0.6214,0,0.0,21,0,129.75
mech_md25_ppoff_r10,mechanism_sweep,1548,treatment,4,4,0.5535,0,0.3702,69,0,112.88
mech_md25_ppoff_r10,mechanism_sweep,1685,control,0,9,0.5849,0,0.2611,161,13,94.44
mech_md25_ppoff_r10,mechanism_sweep,1685,control,1,8,0.52,0,0.2823,122,10,112.38
mech_md25_ppoff_r10,mechanism_sweep,1685,control,2,3,0.6404,0,0.2859,61,4,104.0
mech_md25_ppoff_r10,mechanism_sweep,1685,control,3,22,0.5234,0,0.2203,320,30,113.59
mech_md25_ppoff_r10,mechanism_sweep,1685,control,4,2,0.6221,0,0.0329,42,2,110.0
mech_md25_ppoff_r10,mechanism_sweep,1685,treatment,0,5,0.6802,0,0.2372,92,10,130.8
mech_md25_ppoff_r10,mechanism_sweep,1685,treatment,1,13,0.5499,0,0.2575,203,8,104.92
mech_md25_ppoff_r10,mechanism_sweep,1685,treatment,2,3,0.6454,0,0.3801,60,1,109.83
mech_md25_ppoff_r10,mechanism_sweep,1685,treatment,3,4,0.7445,0,0.3266,83,5,120.75
mech_md25_ppoff_r10,mechanism_sweep,1685,treatment,4,8,0.5953,0,0.2732,130,6,131.69
mech_md25_ppoff_r10,mechanism_sweep,1822,control,0,6,0.4931,0,0.3026,86,7,93.33
mech_md25_ppoff_r10,mechanism_sweep,1822,control,1,4,0.514,0,0.2768,69,0,91.25
mech_md25_ppoff_r10,mechanism_sweep,1822,control,2,1,0.5299,0,0.0,20,0,39.0
mech_md25_ppoff_r10,mechanism_sweep,1822,control,3,2,0.4952,0,0.1168,31,2,106.5
mech_md25_ppoff_r10,mechanism_sweep,1822,control,4,1,0.5699,0,0.0,37,0,119.0
mech_md25_ppoff_r10,mechanism_sweep,1822,treatment,0,2,0.5107,0,0.2197,31,2,110.0
mech_md25_ppoff_r10,mechanism_sweep,1822,treatment,1,3,0.6396,0,0.3304,56,1,84.33
mech_md25_ppoff_r10,mechanism_sweep,1822,treatment,2,2,0.5886,0,0.4347,41,1,54.5
mech_md25_ppoff_r10,mechanism_sweep,1822,treatment,3,0,0,0,0,0,0,0
mech_md25_ppoff_r10,mechanism_sweep,1822,treatment,4,0,0,0,0,0,0,0
mech_md25_ppoff_r10,mechanism_sweep,1959,control,0,6,0.6941,0,0.3686,121,2,117.0
mech_md25_ppoff_r10,mechanism_sweep,1959,control,1,6,0.6827,0,0.3155,128,4,92.5
mech_md25_ppoff_r10,mechanism_sweep,1959,control,2,5,0.6241,0,0.2926,86,2,110.6
mech_md25_ppoff_r10,mechanism_sweep,1959,control,3,15,0.4911,0,0.1667,172,13,107.2
mech_md25_ppoff_r10,mechanism_sweep,1959,control,4,10,0.5294,0,0.1686,135,4,117.8
mech_md25_ppoff_r10,mechanism_sweep,1959,treatment,0,22,0.5037,0,0.2963,297,12,97.68
mech_md25_ppoff_r10,mechanism_sweep,1959,treatment,1,4,0.6209,0,0.2106,71,2,101.88
mech_md25_ppoff_r10,mechanism_sweep,1959,treatment,2,5,0.5545,0,0.2988,71,3,104.55
mech_md25_ppoff_r10,mechanism_sweep,1959,treatment,3,16,0.485,0,0.26,191,11,97.58
mech_md25_ppoff_r10,mechanism_sweep,1959,treatment,4,22,0.4611,0,0.2548,252,16,97.7
mech_md25_ppoff_r10,mechanism_sweep,2096,control,0,6,0.646,0,0.312,119,2,121.0
mech_md25_ppoff_r10,mechanism_sweep,2096,control,1,2,0.5221,0,0.2258,32,0,116.5
mech_md25_ppoff_r10,mechanism_sweep,2096,control,2,4,0.6416,0,0.2455,81,2,108.5
mech_md25_ppoff_r10,mechanism_sweep,2096,control,3,1,0.7051,0,0.0,41,1,60.0
mech_md25_ppoff_r10,mechanism_sweep,2096,control,4,3,0.5813,0,0.3595,60,1,61.0
mech_md25_ppoff_r10,mechanism_sweep,2096,treatment,0,1,0.6229,0,0.0,16,1,15.0
mech_md25_ppoff_r10,mechanism_sweep,2096,treatment,1,6,0.6828,0,0.2966,121,2,107.83
mech_md25_ppoff_r10,mechanism_sweep,2096,treatment,2,6,0.6857,0,0.307,119,2,112.83
mech_md25_ppoff_r10,mechanism_sweep,2096,treatment,3,5,0.676,0,0.2006,116,9,79.9
mech_md25_ppoff_r10,mechanism_sweep,2096,treatment,4,7,0.6314,0,0.2309,128,1,113.36
mech_md25_ppoff_r10,mechanism_sweep,2233,control,0,3,0.7385,0,0.3217,65,4,115.0
mech_md25_ppoff_r10,mechanism_sweep,2233,control,1,0,0,0,0,0,0,0
mech_md25_ppoff_r10,mechanism_sweep,2233,control,2,2,0.569,0,0.3142,36,0,108.5
mech_md25_ppoff_r10,mechanism_sweep,2233,control,3,9,0.4806,0,0.0825,92,11,93.67
mech_md25_ppoff_r10,mechanism_sweep,2233,control,4,11,0.529,0,0.2327,124,7,92.18
mech_md25_ppoff_r10,mechanism_sweep,2233,treatment,0,3,0.6916,0,0.3905,63,0,147.83
mech_md25_ppoff_r10,mechanism_sweep,2233,treatment,1,2,0.5248,0,0.3402,32,0,91.75
mech_md25_ppoff_r10,mechanism_sweep,2233,treatment,2,3,0.7427,0,0.2398,63,4,96.67
mech_md25_ppoff_r10,mechanism_sweep,2233,treatment,3,4,0.5852,0,0.2883,68,0,100.75
mech_md25_ppoff_r10,mechanism_sweep,2233,treatment,4,0,0,0,0,0,0,0
mech_md25_ppoff_r10,mechanism_sweep,2370,control,0,6,0.6315,0,0.3552,116,3,105.33
mech_md25_ppoff_r10,mechanism_sweep,2370,control,1,10,0.5958,0,0.312,183,7,87.7
mech_md25_ppoff_r10,mechanism_sweep,2370,control,2,10,0.562,0,0.263,161,9,96.5
mech_md25_ppoff_r10,mechanism_sweep,2370,control,3,3,0.6465,0,0.2825,64,1,109.0
mech_md25_ppoff_r10,mechanism_sweep,2370,control,4,6,0.5832,0,0.2273,120,2,87.33
mech_md25_ppoff_r10,mechanism_sweep,2370,treatment,0,6,0.6642,0,0.3083,118,1,76.58
mech_md25_ppoff_r10,mechanism_sweep,2370,treatment,1,7,0.6935,0,0.2948,140,3,122.07
mech_md25_ppoff_r10,mechanism_sweep,2370,treatment,2,19,0.5969,0,0.2135,299,13,103.63
mech_md25_ppoff_r10,mechanism_sweep,2370,treatment,3,18,0.5542,0,0.2597,246,18,98.22
mech_md25_ppoff_r10,mechanism_sweep,2370,treatment,4,7,0.6688,0,0.2612,132,5,84.57
mech_md25_ppoff_r10,mechanism_sweep,2507,control,0,3,0.6603,0,0.315,61,0,107.0
mech_md25_ppoff_r10,mechanism_sweep,2507,control,1,4,0.7044,0,0.3092,86,2,139.5
mech_md25_ppoff_r10,mechanism_sweep,2507,control,2,6,0.6326,0,0.3592,121,1,106.17
mech_md25_ppoff_r10,mechanism_sweep,2507,control,3,8,0.6398,0,0.2785,162,1,100.75
mech_md25_ppoff_r10,mechanism_sweep,2507,control,4,1,0.6721,0,0.0,20,0,100.0
mech_md25_ppoff_r10,mechanism_sweep,2507,treatment,0,4,0.6425,0,0.3266,80,2,95.88
mech_md25_ppoff_r10,mechanism_sweep,2507,treatment,1,0,0,0,0,0,0,0
mech_md25_ppoff_r10,mechanism_sweep,2507,treatment,2,0,0,0,0,0,0,0
mech_md25_ppoff_r10,mechanism_sweep,2507,treatment,3,0,0,0,0,0,0,0
mech_md25_ppoff_r10,mechanism_sweep,2507,treatment,4,2,0.4751,0,0.1873,22,0,86.0
mech_md25_ppoff_r10,mechanism_sweep,2644,control,0,2,0.629,0,0.2272,45,1,137.5
mech_md25_ppoff_r10,mechanism_sweep,2644,control,1,3,0.6371,0,0.224,60,0,96.67
mech_md25_ppoff_r10,mechanism_sweep,2644,control,2,1,0.7188,0,0.0,22,2,120.0
mech_md25_ppoff_r10,mechanism_sweep,2644,control,3,2,0.5443,0,0.3107,38,0,76.0
mech_md25_ppoff_r10,mechanism_sweep,2644,control,4,0,0,0,0,0,0,0
mech_md25_ppoff_r10,mechanism_sweep,2644,treatment,0,5,0.6705,0,0.3012,93,1,100.2
mech_md25_ppoff_r10,mechanism_sweep,2644,treatment,1,0,0,0,0,0,0,0
mech_md25_ppoff_r10,mechanism_sweep,2644,treatment,2,0,0,0,0,0,0,0
mech_md25_ppoff_r10,mechanism_sweep,2644,treatment,3,0,0,0,0,0,0,0
mech_md25_ppoff_r10,mechanism_sweep,2644,treatment,4,0,0,0,0,0,0,0
mech_md25_ppoff_r10,mechanism_sweep,2781,control,0,7,0.636,0,0.2764,151,5,103.14
mech_md25_ppoff_r10,mechanism_sweep,2781,control,1,8,0.632,0,0.2849,144,3,101.88
mech_md25_ppoff_r10,mechanism_sweep,2781,control,2,1,0.8682,0,0.0,22,2,120.0
mech_md25_ppoff_r10,mechanism_sweep,2781,control,3,3,0.6979,0,0.2621,62,1,112.33
mech_md25_ppoff_r10,mechanism_sweep,2781,control,4,3,0.6628,0,0.3218,59,1,101.33
mech_md25_ppoff_r10,mechanism_sweep,2781,treatment,0,5,0.6173,0,0.2684,94,5,112.9
mech_md25_ppoff_r10,mechanism_sweep,2781,treatment,1,8,0.6468,0,0.2326,160,2,100.06
mech_md25_ppoff_r10,mechanism_sweep,2781,treatment,2,7,0.6534,0,0.2796,147,2,108.36
mech_md25_ppoff_r10,mechanism_sweep,2781,treatment,3,5,0.6095,0,0.2675,95,0,95.2
mech_md25_ppoff_r10,mechanism_sweep,2781,treatment,4,2,0.6132,0,0.129,46,1,128.0
mech_md25_ppoff_r10,mechanism_sweep,2918,control,0,5,0.6191,0,0.3649,89,0,110.6
mech_md25_ppoff_r10,mechanism_sweep,2918,control,1,6,0.5514,0,0.2627,98,4,120.67
mech_md25_ppoff_r10,mechanism_sweep,2918,control,2,32,0.4556,0,0.1216,344,42,117.41
mech_md25_ppoff_r10,mechanism_sweep,2918,control,3,16,0.3775,0,0.1803,153,17,112.44
mech_md25_ppoff_r10,mechanism_sweep,2918,control,4,8,0.588,0,0.0966,117,9,118.0
mech_md25_ppoff_r10,mechanism_sweep,2918,treatment,0,11,0.5999,0,0.3436,199,0,89.95
mech_md25_ppoff_r10,mechanism_sweep,2918,treatment,1,6,0.6259,0,0.2955,113,9,108.0
mech_md25_ppoff_r10,mechanism_sweep,2918,treatment,2,0,0,0,0,0,0,0
mech_md25_ppoff_r10,mechanism_sweep,2918,treatment,3,0,0,0,0,0,0,0
mech_md25_ppoff_r10,mechanism_sweep,2918,treatment,4,10,0.5327,0,0.2548,124,5,113.3
mech_md25_ppoff_r10,mechanism_sweep,3055,control,0,7,0.6098,0,0.3416,143,0,107.14
mech_md25_ppoff_r10,mechanism_sweep,3055,control,1,5,0.5451,0,0.2806,77,4,122.0
mech_md25_ppoff_r10,mechanism_sweep,3055,control,2,0,0,0,0,0,0,0
mech_md25_ppoff_r10,mechanism_sweep,3055,control,3,11,0.4894,0,0.267,157,4,102.73
mech_md25_ppoff_r10,mechanism_sweep,3055,control,4,4,0.3841,0,0.2716,45,1,74.5
mech_md25_ppoff_r10,mechanism_sweep,3055,treatment,0,4,0.5706,0,0.2832,82,0,89.38
mech_md25_ppoff_r10,mechanism_sweep,3055,treatment,1,1,0.5126,0,0.0,17,0,37.5
mech_md25_ppoff_r10,mechanism_sweep,3055,treatment,2,2,0.6062,0,0.3892,49,1,113.75
mech_md25_ppoff_r10,mechanism_sweep,3055,treatment,3,1,0.5034,0,0.0,14,0,94.0
mech_md25_ppoff_r10,mechanism_sweep,3055,treatment,4,3,0.5619,0,0.2958,41,2,134.0
mech_md25_ppoff_r10,mechanism_sweep,3192,control,0,2,0.6292,0,0.2497,42,1,112.5
mech_md25_ppoff_r10,mechanism_sweep,3192,control,1,4,0.649,0,0.2669,81,2,90.75
mech_md25_ppoff_r10,mechanism_sweep,3192,control,2,0,0,0,0,0,0,0
mech_md25_ppoff_r10,mechanism_sweep,3192,control,3,3,0.6468,0,0.3146,64,1,139.67
mech_md25_ppoff_r10,mechanism_sweep,3192,control,4,4,0.5342,0,0.113,67,7,120.25
mech_md25_ppoff_r10,mechanism_sweep,3192,treatment,0,8,0.5698,0,0.3035,143,3,107.94
mech_md25_ppoff_r10,mechanism_sweep,3192,treatment,1,5,0.6569,0,0.3568,102,0,113.0
mech_md25_ppoff_r10,mechanism_sweep,3192,treatment,2,1,0.6061,0,0.0,24,0,115.0
mech_md25_ppoff_r10,mechanism_sweep,3192,treatment,3,2,0.6675,0,0.2784,40,0,100.0
mech_md25_ppoff_r10,mechanism_sweep,3192,treatment,4,1,0.734,0,0.0,20,0,95.0
mech_md25_ppoff_r10,mechanism_sweep,3329,control,0,5,0.6206,0,0.355,110,0,103.8
mech_md25_ppoff_r10,mechanism_sweep,3329,control,1,3,0.6509,0,0.3301,61,0,111.33
mech_md25_ppoff_r10,mechanism_sweep,3329,control,2,4,0.6284,0,0.1994,83,4,120.5
mech_md25_ppoff_r10,mechanism_sweep,3329,control,3,2,0.5919,0,0.2128,42,0,122.5
mech_md25_ppoff_r10,mechanism_sweep,3329,control,4,1,0.6198,0,0.0,21,0,117.0
mech_md25_ppoff_r10,mechanism_sweep,3329,treatment,0,3,0.6374,0,0.3513,60,1,110.0
mech_md25_ppoff_r10,mechanism_sweep,3329,treatment,1,10,0.5041,0,0.3091,151,5,125.25
mech_md25_ppoff_r10,mechanism_sweep,3329,treatment,2,6,0.6469,0,0.2587,120,9,128.58
mech_md25_ppoff_r10,mechanism_sweep,3329,treatment,3,6,0.5563,0,0.2224,82,6,111.75
mech_md25_ppoff_r10,mechanism_sweep,3329,treatment,4,12,0.5043,0,0.2754,136,7,120.04
mech_md25_ppoff_r10,mechanism_sweep,3466,control,0,2,0.6487,0,0.3351,41,1,101.0
mech_md25_ppoff_r10,mechanism_sweep,3466,control,1,14,0.5418,0,0.2512,216,17,101.93
mech_md25_ppoff_r10,mechanism_sweep,3466,control,2,7,0.4855,0,0.2032,99,3,89.29
mech_md25_ppoff_r10,mechanism_sweep,3466,control,3,27,0.4596,0,0.2371,345,36,86.96
mech_md25_ppoff_r10,mechanism_sweep,3466,control,4,11,0.4468,0,0.1648,131,19,99.91
mech_md25_ppoff_r10,mechanism_sweep,3466,treatment,0,8,0.6608,0,0.2982,162,6,103.38
mech_md25_ppoff_r10,mechanism_sweep,3466,treatment,1,1,0.8393,0,0.0,22,1,146.0
mech_md25_ppoff_r10,mechanism_sweep,3466,treatment,2,4,0.7449,0,0.2182,84,0,144.5
mech_md25_ppoff_r10,mechanism_sweep,3466,treatment,3,2,0.7521,0,0.2624,43,0,105.0
mech_md25_ppoff_r10,mechanism_sweep,3466,treatment,4,0,0,0,0,0,0,0
mech_md25_ppoff_r10,mechanism_sweep,3603,control,0,7,0.6289,0,0.3026,140,1,93.0
mech_md25_ppoff_r10,mechanism_sweep,3603,control,1,2,0.7775,0,0.2689,43,4,91.0
mech_md25_ppoff_r10,mechanism_sweep,3603,control,2,1,0.5722,0,0.0,20,0,100.0
mech_md25_ppoff_r10,mechanism_sweep,3603,control,3,4,0.5341,0,0.3326,65,1,103.5
mech_md25_ppoff_r10,mechanism_sweep,3603,control,4,3,0.7592,0,0.1169,66,5,133.0
mech_md25_ppoff_r10,mechanism_sweep,3603,treatment,0,1,0.5973,0,0.0,20,0,137.5
mech_md25_ppoff_r10,mechanism_sweep,3603,treatment,1,10,0.4386,0,0.2417,120,7,92.25
mech_md25_ppoff_r10,mechanism_sweep,3603,treatment,2,3,0.625,0,0.2732,70,3,83.33
mech_md25_ppoff_r10,mechanism_sweep,3603,treatment,3,4,0.512,0,0.1724,66,5,89.62
mech_md25_ppoff_r10,mechanism_sweep,3603,treatment,4,2,0.5884,0,0.1106,39,1,111.0
mech_md25_ppoff_r10,mechanism_sweep,3740,control,0,7,0.6382,0,0.3285,144,2,106.29
mech_md25_ppoff_r10,mechanism_sweep,3740,control,1,6,0.5857,0,0.2611,106,2,100.33
mech_md25_ppoff_r10,mechanism_sweep,3740,control,2,7,0.6935,0,0.2708,140,4,106.86
mech_md25_ppoff_r10,mechanism_sweep,3740,control,3,3,0.7336,0,0.1772,63,0,133.0
mech_md25_ppoff_r10,mechanism_sweep,3740,control,4,2,0.8129,0,0.2647,43,3,115.0
mech_md25_ppoff_r10,mechanism_sweep,3740,treatment,0,10,0.6675,0,0.3184,198,5,94.55
mech_md25_ppoff_r10,mechanism_sweep,3740,treatment,1,4,0.6001,0,0.3027,84,2,99.62
mech_md25_ppoff_r10,mechanism_sweep,3740,treatment,2,3,0.764,0,0.2691,64,4,142.5
mech_md25_ppoff_r10,mechanism_sweep,3740,treatment,3,6,0.5861,0,0.2767,112,1,71.21
mech_md25_ppoff_r10,mechanism_sweep,3740,treatment,4,16,0.506,0,0.2175,229,15,115.2
mech_md25_ppoff_r10,mechanism_sweep,3877,control,0,5,0.6874,0,0.2605,103,2,97.0
mech_md25_ppoff_r10,mechanism_sweep,3877,control,1,3,0.7159,0,0.1595,65,2,135.33
mech_md25_ppoff_r10,mechanism_sweep,3877,control,2,3,0.6671,0,0.1778,60,3,132.0
mech_md25_ppoff_r10,mechanism_sweep,3877,control,3,9,0.4727,0,0.1487,123,14,110.0
mech_md25_ppoff_r10,mechanism_sweep,3877,control,4,3,0.4268,0,0.1318,41,2,109.0
mech_md25_ppoff_r10,mechanism_sweep,3877,treatment,0,4,0.601,0,0.2892,76,2,114.38
mech_md25_ppoff_r10,mechanism_sweep,3877,treatment,1,1,0.6204,0,0.0,21,0,150.0
mech_md25_ppoff_r10,mechanism_sweep,3877,treatment,2,1,0.6951,0,0.0,22,1,104.0
mech_md25_ppoff_r10,mechanism_sweep,3877,treatment,3,1,0.6264,0,0.0,20,0,100.0
mech_md25_ppoff_r10,mechanism_sweep,3877,treatment,4,0,0,0,0,0,0,0
mech_md25_ppoff_r10,mechanism_sweep,4014,control,0,8,0.709,0,0.2891,170,7,107.88
mech_md25_ppoff_r10,mechanism_sweep,4014,control,1,9,0.6016,0,0.2537,166,6,108.44
mech_md25_ppoff_r10,mechanism_sweep,4014,control,2,8,0.5814,0,0.2115,143,5,112.0
mech_md25_ppoff_r10,mechanism_sweep,4014,control,3,50,0.474,0,0.2292,666,81,111.56
mech_md25_ppoff_r10,mechanism_sweep,4014,control,4,12,0.5621,0,0.1733,196,13,119.67
mech_md25_ppoff_r10,mechanism_sweep,4014,treatment,0,4,0.7036,0,0.2586,83,5,125.38
mech_md25_ppoff_r10,mechanism_sweep,4014,treatment,1,2,0.6416,0,0.3418,38,0,90.0
mech_md25_ppoff_r10,mechanism_sweep,4014,treatment,2,2,0.5544,0,0.1939,31,1,80.0
mech_md25_ppoff_r10,mechanism_sweep,4014,treatment,3,1,0.4168,0,0.0,12,0,127.0
mech_md25_ppoff_r10,mechanism_sweep,4014,treatment,4,2,0.5255,0,0.2079,28,0,160.5
mech_md25_ppoff_r10,mechanism_sweep,4151,control,0,3,0.5273,0,0.301,49,3,124.67
mech_md25_ppoff_r10,mechanism_sweep,4151,control,1,5,0.6562,0,0.3512,102,2,104.0
mech_md25_ppoff_r10,mechanism_sweep,4151,control,2,0,0,0,0,0,0,0
mech_md25_ppoff_r10,mechanism_sweep,4151,control,3,2,0.7289,0,0.246,41,1,103.5
mech_md25_ppoff_r10,mechanism_sweep,4151,control,4,2,0.6521,0,0.2304,37,2,101.0
mech_md25_ppoff_r10,mechanism_sweep,4151,treatment,0,10,0.5379,0,0.2751,164,8,138.7
mech_md25_ppoff_r10,mechanism_sweep,4151,treatment,1,12,0.5331,0,0.2786,196,10,95.44
mech_md25_ppoff_r10,mechanism_sweep,4151,treatment,2,4,0.5952,0,0.3041,80,0,126.25
mech_md25_ppoff_r10,mechanism_sweep,4151,treatment,3,7,0.6288,0,0.1781,121,8,121.0
mech_md25_ppoff_r10,mechanism_sweep,4151,treatment,4,5,0.691,0,0.2415,92,4,89.2
mech_md25_ppoff_r10,mechanism_sweep,4288,control,0,2,0.6489,0,0.2362,44,1,146.5
mech_md25_ppoff_r10,mechanism_sweep,4288,control,1,10,0.6308,0,0.2887,194,12,125.4
mech_md25_ppoff_r10,mechanism_sweep,4288,control,2,7,0.5762,0,0.2774,135,1,109.57
mech_md25_ppoff_r10,mechanism_sweep,4288,control,3,6,0.6408,0,0.3137,111,2,98.33
mech_md25_ppoff_r10,mechanism_sweep,4288,control,4,6,0.6362,0,0.3221,113,0,125.83
mech_md25_ppoff_r10,mechanism_sweep,4288,treatment,0,6,0.6797,0,0.3769,130,2,118.08
mech_md25_ppoff_r10,mechanism_sweep,4288,treatment,1,6,0.6028,0,0.3155,104,4,117.75
mech_md25_ppoff_r10,mechanism_sweep,4288,treatment,2,3,0.5668,0,0.1812,50,1,54.0
mech_md25_ppoff_r10,mechanism_sweep,4288,treatment,3,1,0.5919,0,0.0,19,0,50.0
mech_md25_ppoff_r10,mechanism_sweep,4288,treatment,4,3,0.3765,0,0.2152,24,0,118.0
mech_md25_ppoff_r10,mechanism_sweep,4425,control,0,8,0.537,0,0.2318,137,10,108.12
mech_md25_ppoff_r10,mechanism_sweep,4425,control,1,1,0.6079,0,0.0,20,0,93.0
mech_md25_ppoff_r10,mechanism_sweep,4425,control,2,6,0.599,0,0.246,117,2,110.33
mech_md25_ppoff_r10,mechanism_sweep,4425,control,3,2,0.6691,0,0.2327,43,1,141.0
mech_md25_ppoff_r10,mechanism_sweep,4425,control,4,13,0.5058,0,0.2041,194,10,111.54
mech_md25_ppoff_r10,mechanism_sweep,4425,treatment,0,8,0.5769,0,0.2951,151,3,95.62
mech_md25_ppoff_r10,mechanism_sweep,4425,treatment,1,4,0.5642,0,0.196,94,2,104.5
mech_md25_ppoff_r10,mechanism_sweep,4425,treatment,2,1,0.5984,0,0.0,21,0,142.0
mech_md25_ppoff_r10,mechanism_sweep,4425,treatment,3,1,0.7725,0,0.0,21,1,87.0
mech_md25_ppoff_r10,mechanism_sweep,4425,treatment,4,3,0.6459,0,0.1923,59,1,83.33
mech_md25_ppoff_r10,mechanism_sweep,4562,control,0,4,0.6126,0,0.3073,72,1,86.25
mech_md25_ppoff_r10,mechanism_sweep,4562,control,1,1,0.7627,0,0.0,22,1,127.0
mech_md25_ppoff_r10,mechanism_sweep,4562,control,2,3,0.7053,0,0.1822,72,2,79.33
mech_md25_ppoff_r10,mechanism_sweep,4562,control,3,2,0.5706,0,0.2223,38,0,91.5
mech_md25_ppoff_r10,mechanism_sweep,4562,control,4,0,0,0,0,0,0,0
mech_md25_ppoff_r10,mechanism_sweep,4562,treatment,0,5,0.6217,0,0.3059,107,2,88.7
mech_md25_ppoff_r10,mechanism_sweep,4562,treatment,1,7,0.6221,0,0.2814,126,3,110.96
mech_md25_ppoff_r10,mechanism_sweep,4562,treatment,2,2,0.6454,0,0.2284,39,1,53.5
mech_md25_ppoff_r10,mechanism_sweep,4562,treatment,3,0,0,0,0,0,0,0
mech_md25_ppoff_r10,mechanism_sweep,4562,treatment,4,4,0.7692,0,0.1705,84,6,116.25
mech_md25_ppoff_r10,mechanism_sweep,4699,control,0,4,0.6815,0,0.2958,79,4,114.75
mech_md25_ppoff_r10,mechanism_sweep,4699,control,1,6,0.6021,0,0.2416,117,4,92.33
mech_md25_ppoff_r10,mechanism_sweep,4699,control,2,1,0.7476,0,0.0,21,1,105.0
mech_md25_ppoff_r10,mechanism_sweep,4699,control,3,1,0.6688,0,0.0,18,1,13.0
mech_md25_ppoff_r10,mechanism_sweep,4699,control,4,7,0.4816,0,0.1842,83,4,112.71
mech_md25_ppoff_r10,mechanism_sweep,4699,treatment,0,11,0.6093,0,0.2735,210,6,107.93
mech_md25_ppoff_r10,mechanism_sweep,4699,treatment,1,10,0.6134,0,0.2574,181,3,98.75
mech_md25_ppoff_r10,mechanism_sweep,4699,treatment,2,8,0.6576,0,0.2909,160,2,109.0
mech_md25_ppoff_r10,mechanism_sweep,4699,treatment,3,9,0.6285,0,0.2941,178,3,88.78
mech_md25_ppoff_r10,mechanism_sweep,4699,treatment,4,19,0.5051,0,0.248,284,19,104.55
mech_md25_ppoff_r10,mechanism_sweep,4836,control,0,4,0.6456,0,0.3319,83,1,121.75
mech_md25_ppoff_r10,mechanism_sweep,4836,control,1,10,0.4659,0,0.27,126,13,111.4
mech_md25_ppoff_r10,mechanism_sweep,4836,control,2,2,0.7361,0,0.1719,43,1,113.0
mech_md25_ppoff_r10,mechanism_sweep,4836,control,3,0,0,0,0,0,0,0
mech_md25_ppoff_r10,mechanism_sweep,4836,control,4,1,0.6983,0,0.0,21,1,110.0
mech_md25_ppoff_r10,mechanism_sweep,4836,treatment,0,10,0.6464,0,0.3054,199,5,98.02
mech_md25_ppoff_r10,mechanism_sweep,4836,treatment,1,3,0.6482,0,0.3056,65,0,121.5
mech_md25_ppoff_r10,mechanism_sweep,4836,treatment,2,3,0.6892,0,0.366,60,0,94.67
mech_md25_ppoff_r10,mechanism_sweep,4836,treatment,3,4,0.5939,0,0.3029,79,0,111.38
mech_md25_ppoff_r10,mechanism_sweep,4836,treatment,4,4,0.5961,0,0.2411,70,3,99.0
mech_md25_ppoff_r10,mechanism_sweep,4973,control,0,6,0.5955,0,0.2554,116,1,96.33
mech_md25_ppoff_r10,mechanism_sweep,4973,control,1,8,0.6328,0,0.2475,155,8,116.12
mech_md25_ppoff_r10,mechanism_sweep,4973,control,2,23,0.4138,0,0.2453,251,19,98.09
mech_md25_ppoff_r10,mechanism_sweep,4973,control,3,4,0.5774,0,0.1927,68,2,76.75
mech_md25_ppoff_r10,mechanism_sweep,4973,control,4,9,0.569,0,0.2373,144,12,112.0
mech_md25_ppoff_r10,mechanism_sweep,4973,treatment,0,5,0.6061,0,0.3828,95,0,114.9
mech_md25_ppoff_r10,mechanism_sweep,4973,treatment,1,4,0.6294,0,0.3621,86,0,125.38
mech_md25_ppoff_r10,mechanism_sweep,4973,treatment,2,10,0.6497,0,0.3048,203,7,98.75
mech_md25_ppoff_r10,mechanism_sweep,4973,treatment,3,6,0.5859,0,0.2864,106,4,111.0
mech_md25_ppoff_r10,mechanism_sweep,4973,treatment,4,4,0.7057,0,0.152,79,3,108.75
mech_md25_ppoff_r20,mechanism_sweep,1000,control,0,2,0.6167,0,0.2905,36,0,99.5
mech_md25_ppoff_r20,mechanism_sweep,1000,control,1,0,0,0,0,0,0,0
mech_md25_ppoff_r20,mechanism_sweep,1000,control,2,4,0.6569,0,0.2604,92,0,117.0
mech_md25_ppoff_r20,mechanism_sweep,1000,control,3,1,0.6501,0,0.0,22,1,101.0
mech_md25_ppoff_r20,mechanism_sweep,1000,control,4,5,0.6024,0,0.1985,92,5,105.0
mech_md25_ppoff_r20,mechanism_sweep,1000,treatment,0,12,0.5493,0,0.2997,193,9,91.25
mech_md25_ppoff_r20,mechanism_sweep,1000,treatment,1,6,0.6623,0,0.3366,120,1,109.71
mech_md25_ppoff_r20,mechanism_sweep,1000,treatment,2,14,0.6039,0,0.2663,240,7,93.91
mech_md25_ppoff_r20,mechanism_sweep,1000,treatment,3,26,0.5535,0,0.2767,375,22,97.68
mech_md25_ppoff_r20,mechanism_sweep,1000,treatment,4,13,0.7011,0,0.2692,267,7,98.33
mech_md25_ppoff_r20,mechanism_sweep,1137,control,0,4,0.6478,0,0.3082,83,1,124.0
mech_md25_ppoff_r20,mechanism_sweep,1137,control,1,8,0.6582,0,0.2846,162,3,109.62
mech_md25_ppoff_r20,mechanism_sweep,1137,control,2,2,0.7375,0,0.2362,43,1,119.5
mech_md25_ppoff_r20,mechanism_sweep,1137,control,3,2,0.6401,0,0.2271,42,0,148.5
mech_md25_ppoff_r20,mechanism_sweep,1137,control,4,2,0.654,0,0.1709,41,1,105.0
mech_md25_ppoff_r20,mechanism_sweep,1137,treatment,0,2,0.6455,0,0.4091,43,1,101.5
mech_md25_ppoff_r20,mechanism_sweep,1137,treatment,1,12,0.6209,0,0.2711,227,9,103.04
mech_md25_ppoff_r20,mechanism_sweep,1137,treatment,2,10,0.5514,0,0.2684,162,7,125.45
mech_md25_ppoff_r20,mechanism_sweep,1137,treatment,3,13,0.6386,0,0.2336,256,18,116.73
mech_md25_ppoff_r20,mechanism_sweep,1137,treatment,4,12,0.464,0,0.2498,150,10,101.08
mech_md25_ppoff_r20,mechanism_sweep,1274,control,0,3,0.6672,0,0.2438,56,2,71.67
mech_md25_ppoff_r20,mechanism_sweep,1274,control,1,1,0.7799,0,0.0,20,1,103.0
mech_md25_ppoff_r20,mechanism_sweep,1274,control,2,3,0.4704,0,0.2325,45,1,105.0
mech_md25_ppoff_r20,mechanism_sweep,1274,control,3,5,0.6158,0,0.1527,79,2,106.0
mech_md25_ppoff_r20,mechanism_sweep,1274,control,4,0,0,0,0,0,0,0
mech_md25_ppoff_r20,mechanism_sweep,1274,treatment,0,12,0.6224,0,0.2874,228,8,103.21
mech_md25_ppoff_r20,mechanism_sweep,1274,treatment,1,11,0.6766,0,0.2772,218,2,105.09
mech_md25_ppoff_r20,mechanism_sweep,1274,treatment,2,3,0.6805,0,0.3224,60,1,118.5
mech_md25_ppoff_r20,mechanism_sweep,1274,treatment,3,7,0.6757,0,0.2846,148,3,100.46
mech_md25_ppoff_r20,mechanism_sweep,1274,treatment,4,4,0.6677,0,0.2001,89,0,108.38
mech_md25_ppoff_r20,mechanism_sweep,1411,control,0,5,0.6328,0,0.3204,96,1,82.4
mech_md25_ppoff_r20,mechanism_sweep,1411,control,1,4,0.6779,0,0.3459,81,0,100.25
mech_md25_ppoff_r20,mechanism_sweep,1411,control,2,1,0.6305,0,0.0,21,0,115.0
mech_md25_ppoff_r20,mechanism_sweep,1411,control,3,0,0,0,0,0,0,0
mech_md25_ppoff_r20,mechanism_sweep,1411,control,4,1,0.6073,0,0.0,14,0,94.0
mech_md25_ppoff_r20,mechanism_sweep,1411,treatment,0,7,0.7004,0,0.3247,142,3,111.71
mech_md25_ppoff_r20,mechanism_sweep,1411,treatment,1,9,0.6508,0,0.2848,167,6,109.39
mech_md25_ppoff_r20,mechanism_sweep,1411,treatment,2,4,0.6588,0,0.3021,79,0,118.12
mech_md25_ppoff_r20,mechanism_sweep,1411,treatment,3,2,0.6502,0,0.2119,39,0,103.75
mech_md25_ppoff_r20,mechanism_sweep,1411,treatment,4,2,0.5169,0,0.3249,32,0,103.5
mech_md25_ppoff_r20,mechanism_sweep,1548,control,0,3,0.653,0,0.2709,66,3,82.0
mech_md25_ppoff_r20,mechanism_sweep,1548,control,1,4,0.61,0,0.2659,77,2,112.5
mech_md25_ppoff_r20,mechanism_sweep,1548,control,2,1,0.6196,0,0.0,21,0,163.0
mech_md25_ppoff_r20,mechanism_sweep,1548,control,3,2,0.6123,0,0.2969,38,0,91.5
mech_md25_ppoff_r20,mechanism_sweep,1548,control,4,1,0.6597,0,0.0,20,0,90.0
mech_md25_ppoff_r20,mechanism_sweep,1548,treatment,0,9,0.618,0,0.3093,170,1,102.72
mech_md25_ppoff_r20,mechanism_sweep,1548,treatment,1,4,0.6753,0,0.1852,79,0,110.75
mech_md25_ppoff_r20,mechanism_sweep,1548,treatment,2,5,0.6927,0,0.2861,97,1,106.3
mech_md25_ppoff_r20,mechanism_sweep,1548,treatment,3,2,0.6985,0,0.2054,40,1,80.0
mech_md25_ppoff_r20,mechanism_sweep,1548,treatment,4,1,0.3872,0,0.0,11,0,136.0
mech_md25_ppoff_r20,mechanism_sweep,1685,control,0,9,0.5849,0,0.2611,161,13,94.44
mech_md25_ppoff_r20,mechanism_sweep,1685,control,1,8,0.52,0,0.2823,122,10,112.38
mech_md25_ppoff_r20,mechanism_sweep,1685,control,2,3,0.6404,0,0.2859,61,4,104.0
mech_md25_ppoff_r20,mechanism_sweep,1685,control,3,22,0.5234,0,0.2203,320,30,113.59
mech_md25_ppoff_r20,mechanism_sweep,1685,control,4,2,0.6221,0,0.0329,42,2,110.0
mech_md25_ppoff_r20,mechanism_sweep,1685,treatment,0,4,0.6378,0,0.3095,71,1,102.88
mech_md25_ppoff_r20,mechanism_sweep,1685,treatment,1,2,0.414,0,0.3584,23,0,128.75
mech_md25_ppoff_r20,mechanism_sweep,1685,treatment,2,5,0.693,0,0.2488,108,1,118.65
mech_md25_ppoff_r20,mechanism_sweep,1685,treatment,3,1,0.6635,0,0.0,20,0,100.0
mech_md25_ppoff_r20,mechanism_sweep,1685,treatment,4,4,0.6826,0,0.139,80,1,104.94
mech_md25_ppoff_r20,mechanism_sweep,1822,control,0,6,0.4931,0,0.3026,86,7,93.33
mech_md25_ppoff_r20,mechanism_sweep,1822,control,1,4,0.514,0,0.2768,69,0,91.25
mech_md25_ppoff_r20,mechanism_sweep,1822,control,2,1,0.5299,0,0.0,20,0,39.0
mech_md25_ppoff_r20,mechanism_sweep,1822,control,3,2,0.4952,0,0.1168,31,2,106.5
mech_md25_ppoff_r20,mechanism_sweep,1822,control,4,1,0.5699,0,0.0,37,0,119.0
mech_md25_ppoff_r20,mechanism_sweep,1822,treatment,0,7,0.5184,0,0.29,131,4,105.93
mech_md25_ppoff_r20,mechanism_sweep,1822,treatment,1,5,0.6224,0,0.2024,88,2,126.2
mech_md25_ppoff_r20,mechanism_sweep,1822,treatment,2,8,0.5965,0,0.2747,143,2,96.12
mech_md25_ppoff_r20,mechanism_sweep,1822,treatment,3,17,0.5128,0,0.3143,236,21,104.03
mech_md25_ppoff_r20,mechanism_sweep,1822,treatment,4,15,0.5861,0,0.2648,222,9,100.82
mech_md25_ppoff_r20,mechanism_sweep,1959,control,0,6,0.6941,0,0.3686,121,2,117.0
mech_md25_ppoff_r20,mechanism_sweep,1959,control,1,6,0.6827,0,0.3155,128,4,92.5
mech_md25_ppoff_r20,mechanism_sweep,1959,control,2,5,0.6241,0,0.2926,86,2,110.6
mech_md25_ppoff_r20,mechanism_sweep,1959,control,3,15,0.4911,0,0.1667,172,13,107.2
mech_md25_ppoff_r20,mechanism_sweep,1959,control,4,10,0.5294,0,0.1686,135,4,117.8
mech_md25_ppoff_r20,mechanism_sweep,1959,treatment,0,15,0.6084,0,0.3137,255,10,118.67
mech_md25_ppoff_r20,mechanism_sweep,1959,treatment,1,6,0.7428,0,0.2632,130,4,143.79
mech_md25_ppoff_r20,mechanism_sweep,1959,treatment,2,11,0.6875,0,0.2373,217,12,117.75
mech_md25_ppoff_r20,mechanism_sweep,1959,treatment,3,11,0.6699,0,0.2214,219,13,99.41
mech_md25_ppoff_r20,mechanism_sweep,1959,treatment,4,16,0.5733,0,0.1709,235,10,95.34
mech_md25_ppoff_r20,mechanism_sweep,2096,control,0,6,0.646,0,0.312,119,2,121.0
mech_md25_ppoff_r20,mechanism_sweep,2096,control,1,2,0.5221,0,0.2258,32,0,116.5
mech_md25_ppoff_r20,mechanism_sweep,2096,control,2,4,0.6416,0,0.2455,81,2,108.5
mech_md25_ppoff_r20,mechanism_sweep,2096,control,3,1,0.7051,0,0.0,41,1,60.0
mech_md25_ppoff_r20,mechanism_sweep,2096,control,4,3,0.5813,0,0.3595,60,1,61.0
mech_md25_ppoff_r20,mechanism_sweep,2096,treatment,0,2,0.5966,0,0.3197,36,0,111.25
mech_md25_ppoff_r20,mechanism_sweep,2096,treatment,1,6,0.6741,0,0.2138,131,1,124.42
mech_md25_ppoff_r20,mechanism_sweep,2096,treatment,2,3,0.7079,0,0.1996,64,2,117.67
mech_md25_ppoff_r20,mechanism_sweep,2096,treatment,3,0,0,0,0,0,0,0
mech_md25_ppoff_r20,mechanism_sweep,2096,treatment,4,0,0,0,0,0,0,0
mech_md25_ppoff_r20,mechanism_sweep,2233,control,0,3,0.7385,0,0.3217,65,4,115.0
mech_md25_ppoff_r20,mechanism_sweep,2233,control,1,0,0,0,0,0,0,0
mech_md25_ppoff_r20,mechanism_sweep,2233,control,2,2,0.569,0,0.3142,36,0,108.5
mech_md25_ppoff_r20,mechanism_sweep,2233,control,3,9,0.4806,0,0.0825,92,11,93.67
mech_md25_ppoff_r20,mechanism_sweep,2233,control,4,11,0.529,0,0.2327,124,7,92.18
mech_md25_ppoff_r20,mechanism_sweep,2233,treatment,0,6,0.6415,0,0.3113,138,1,124.38
mech_md25_ppoff_r20,mechanism_sweep,2233,treatment,1,14,0.5483,0,0.2837,225,6,115.68
mech_md25_ppoff_r20,mechanism_sweep,2233,treatment,2,6,0.6573,0,0.2488,112,3,111.25
mech_md25_ppoff_r20,mechanism_sweep,2233,treatment,3,4,0.5,0,0.1363,47,1,99.88
mech_md25_ppoff_r20,mechanism_sweep,2233,treatment,4,8,0.5003,0,0.2381,96,2,91.69
mech_md25_ppoff_r20,mechanism_sweep,2370,control,0,6,0.6315,0,0.3552,116,3,105.33
mech_md25_ppoff_r20,mechanism_sweep,2370,control,1,10,0.5958,0,0.312,183,7,87.7
mech_md25_ppoff_r20,mechanism_sweep,2370,control,2,10,0.562,0,0.263,161,9,96.5
mech_md25_ppoff_r20,mechanism_sweep,2370,control,3,3,0.6465,0,0.2825,64,1,109.0
mech_md25_ppoff_r20,mechanism_sweep,2370,control,4,6,0.5832,0,0.2273,120,2,87.33
mech_md25_ppoff_r20,mechanism_sweep,2370,treatment,0,14,0.6152,0,0.3328,262,10,110.86
mech_md25_ppoff_r20,mechanism_sweep,2370,treatment,1,3,0.5851,0,0.3621,59,0,47.58
mech_md25_ppoff_r20,mechanism_sweep,2370,treatment,2,12,0.6092,0,0.2858,229,6,103.0
mech_md25_ppoff_r20,mechanism_sweep,2370,treatment,3,8,0.5907,0,0.2229,153,6,74.0
mech_md25_ppoff_r20,mechanism_sweep,2370,treatment,4,7,0.5812,0,0.2604,134,3,97.57
mech_md25_ppoff_r20,mechanism_sweep,2507,control,0,3,0.6603,0,0.315,61,0,107.0
mech_md25_ppoff_r20,mechanism_sweep,2507,control,1,4,0.7044,0,0.3092,86,2,139.5
mech_md25_ppoff_r20,mechanism_sweep,2507,control,2,6,0.6326,0,0.3592,121,1,106.17
mech_md25_ppoff_r20,mechanism_sweep,2507,control,3,8,0.6398,0,0.2785,162,1,100.75
mech_md25_ppoff_r20,mechanism_sweep,2507,control,4,1,0.6721,0,0.0,20,0,100.0
mech_md25_ppoff_r20,mechanism_sweep,2507,treatment,0,11,0.6188,0,0.3135,208,8,118.18
mech_md25_ppoff_r20,mechanism_sweep,2507,treatment,1,3,0.6049,0,0.2355,59,0,74.17
mech_md25_ppoff_r20,mechanism_sweep,2507,treatment,2,7,0.6948,0,0.2212,141,4,129.93
mech_md25_ppoff_r20,mechanism_sweep,2507,treatment,3,7,0.5735,0,0.2414,117,2,107.79
mech_md25_ppoff_r20,mechanism_sweep,2507,treatment,4,8,0.6206,0,0.2528,135,7,96.81
mech_md25_ppoff_r20,mechanism_sweep,2644,control,0,2,0.629,0,0.2272,45,1,137.5
mech_md25_ppoff_r20,mechanism_sweep,2644,control,1,3,0.6371,0,0.224,60,0,96.67
mech_md25_ppoff_r20,mechanism_sweep,2644,control,2,1,0.7188,0,0.0,22,2,120.0
mech_md25_ppoff_r20,mechanism_sweep,2644,control,3,2,0.5443,0,0.3107,38,0,76.0
mech_md25_ppoff_r20,mechanism_sweep,2644,control,4,0,0,0,0,0,0,0
mech_md25_ppoff_r20,mechanism_sweep,2644,treatment,0,9,0.6721,0,0.311,174,7,118.94
mech_md25_ppoff_r20,mechanism_sweep,2644,treatment,1,10,0.5915,0,0.3272,183,1,107.8
mech_md25_ppoff_r20,mechanism_sweep,2644,treatment,2,10,0.6088,0,0.261,176,8,118.0
mech_md25_ppoff_r20,mechanism_sweep,2644,treatment,3,8,0.7281,0,0.1781,160,9,105.66
mech_md25_ppoff_r20,mechanism_sweep,2644,treatment,4,16,0.6519,0,0.2344,273,13,104.66
mech_md25_ppoff_r20,mechanism_sweep,2781,control,0,7,0.636,0,0.2764,151,5,103.14
mech_md25_ppoff_r20,mechanism_sweep,2781,control,1,8,0.632,0,0.2849,144,3,101.88
mech_md25_ppoff_r20,mechanism_sweep,2781,control,2,1,0.8682,0,0.0,22,2,120.0
mech_md25_ppoff_r20,mechanism_sweep,2781,control,3,3,0.6979,0,0.2621,62,1,112.33
mech_md25_ppoff_r20,mechanism_sweep,2781,control,4,3,0.6628,0,0.3218,59,1,101.33
mech_md25_ppoff_r20,mechanism_sweep,2781,treatment,0,12,0.6139,0,0.2966,228,6,101.56
mech_md25_ppoff_r20,mechanism_sweep,2781,treatment,1,8,0.6469,0,0.3016,150,4,78.81
mech_md25_ppoff_r20,mechanism_sweep,2781,treatment,2,3,0.614,0,0.309,63,0,105.0
mech_md25_ppoff_r20,mechanism_sweep,2781,treatment,3,14,0.6188,0,0.2715,230,10,102.62
mech_md25_ppoff_r20,mechanism_sweep,2781,treatment,4,6,0.6683,0,0.2184,119,0,110.08
mech_md25_ppoff_r20,mechanism_sweep,2918,control,0,5,0.6191,0,0.3649,89,0,110.6
mech_md25_ppoff_r20,mechanism_sweep,2918,control,1,6,0.5514,0,0.2627,98,4,120.67
mech_md25_ppoff_r20,mechanism_sweep,2918,control,2,32,0.4556,0,0.1216,344,42,117.41
mech_md25_ppoff_r20,mechanism_sweep,2918,control,3,16,0.3775,0,0.1803,153,17,112.44
mech_md25_ppoff_r20,mechanism_sweep,2918,control,4,8,0.588,0,0.0966,117,9,118.0
mech_md25_ppoff_r20,mechanism_sweep,2918,treatment,0,6,0.5594,0,0.3227,104,1,126.33
mech_md25_ppoff_r20,mechanism_sweep,2918,treatment,1,3,0.5631,0,0.3231,51,0,102.83
mech_md25_ppoff_r20,mechanism_sweep,2918,treatment,2,6,0.583,0,0.303,84,6,120.67
mech_md25_ppoff_r20,mechanism_sweep,2918,treatment,3,8,0.5761,0,0.2388,115,6,85.56
mech_md25_ppoff_r20,mechanism_sweep,2918,treatment,4,2,0.7268,0,0.2877,38,0,97.0
mech_md25_ppoff_r20,mechanism_sweep,3055,control,0,7,0.6098,0,0.3416,143,0,107.14
mech_md25_ppoff_r20,mechanism_sweep,3055,control,1,5,0.5451,0,0.2806,77,4,122.0
mech_md25_ppoff_r20,mechanism_sweep,3055,control,2,0,0,0,0,0,0,0
mech_md25_ppoff_r20,mechanism_sweep,3055,control,3,11,0.4894,0,0.267,157,4,102.73
mech_md25_ppoff_r20,mechanism_sweep,3055,control,4,4,0.3841,0,0.2716,45,1,74.5
mech_md25_ppoff_r20,mechanism_sweep,3055,treatment,0,9,0.6575,0,0.3301,182,1,123.11
mech_md25_ppoff_r20,mechanism_sweep,3055,treatment,1,3,0.7085,0,0.2436,66,0,91.17
mech_md25_ppoff_r20,mechanism_sweep,3055,treatment,2,8,0.6133,0,0.2999,139,8,113.47
mech_md25_ppoff_r20,mechanism_sweep,3055,treatment,3,7,0.5452,0,0.2759,98,4,101.39
mech_md25_ppoff_r20,mechanism_sweep,3055,treatment,4,4,0.5352,0,0.2905,55,2,108.81
mech_md25_ppoff_r20,mechanism_sweep,3192,control,0,2,0.6292,0,0.2497,42,1,112.5
mech_md25_ppoff_r20,mechanism_sweep,3192,control,1,4,0.649,0,0.2669,81,2,90.75
mech_md25_ppoff_r20,mechanism_sweep,3192,control,2,0,0,0,0,0,0,0
mech_md25_ppoff_r20,mechanism_sweep,3192,control,3,3,0.6468,0,0.3146,64,1,139.67
mech_md25_ppoff_r20,mechanism_sweep,3192,control,4,4,0.5342,0,0.113,67,7,120.25
mech_md25_ppoff_r20,mechanism_sweep,3192,treatment,0,7,0.5839,0,0.2628,127,3,132.79
mech_md25_ppoff_r20,mechanism_sweep,3192,treatment,1,4,0.563,0,0.1679,77,1,125.75
mech_md25_ppoff_r20,mechanism_sweep,3192,treatment,2,3,0.6388,0,0.2283,70,1,100.83
mech_md25_ppoff_r20,mechanism_sweep,3192,treatment,3,2,0.5416,0,0.3469,29,0,58.5
mech_md25_ppoff_r20,mechanism_sweep,3192,treatment,4,2,0.6209,0,0.3186,38,0,97.0
mech_md25_ppoff_r20,mechanism_sweep,3329,control,0,5,0.6206,0,0.355,110,0,103.8
mech_md25_ppoff_r20,mechanism_sweep,3329,control,1,3,0.6509,0,0.3301,61,0,111.33
mech_md25_ppoff_r20,mechanism_sweep,3329,control,2,4,0.6284,0,0.1994,83,4,120.5
mech_md25_ppoff_r20,mechanism_sweep,3329,control,3,2,0.5919,0,0.2128,42,0,122.5
mech_md25_ppoff_r20,mechanism_sweep,3329,control,4,1,0.6198,0,0.0,21,0,117.0
mech_md25_ppoff_r20,mechanism_sweep,3329,treatment,0,8,0.624,0,0.3211,158,2,111.66
mech_md25_ppoff_r20,mechanism_sweep,3329,treatment,1,8,0.6828,0,0.2741,159,8,122.44
mech_md25_ppoff_r20,mechanism_sweep,3329,treatment,2,8,0.4976,0,0.287,113,1,108.19
mech_md25_ppoff_r20,mechanism_sweep,3329,treatment,3,8,0.6117,0,0.3214,150,3,101.44
mech_md25_ppoff_r20,mechanism_sweep,3329,treatment,4,7,0.5757,0,0.2854,120,1,108.96
mech_md25_ppoff_r20,mechanism_sweep,3466,control,0,2,0.6487,0,0.3351,41,1,101.0
mech_md25_ppoff_r20,mechanism_sweep,3466,control,1,14,0.5418,0,0.2512,216,17,101.93
mech_md25_ppoff_r20,mechanism_sweep,3466,control,2,7,0.4855,0,0.2032,99,3,89.29
mech_md25_ppoff_r20,mechanism_sweep,3466,control,3,27,0.4596,0,0.2371,345,36,86.96
mech_md25_ppoff_r20,mechanism_sweep,3466,control,4,11,0.4468,0,0.1648,131,19,99.91
mech_md25_ppoff_r20,mechanism_sweep,3466,treatment,0,7,0.6485,0,0.3168,123,2,118.43
mech_md25_ppoff_r20,mechanism_sweep,3466,treatment,1,5,0.5914,0,0.3433,85,2,71.1
mech_md25_ppoff_r20,mechanism_sweep,3466,treatment,2,4,0.6466,0,0.2158,72,2,115.5
mech_md25_ppoff_r20,mechanism_sweep,3466,treatment,3,6,0.6921,0,0.3119,110,3,124.75
mech_md25_ppoff_r20,mechanism_sweep,3466,treatment,4,3,0.6055,0,0.3068,51,0,81.17
mech_md25_ppoff_r20,mechanism_sweep,3603,control,0,7,0.6289,0,0.3026,140,1,93.0
mech_md25_ppoff_r20,mechanism_sweep,3603,control,1,2,0.7775,0,0.2689,43,4,91.0
mech_md25_ppoff_r20,mechanism_sweep,3603,control,2,1,0.5722,0,0.0,20,0,100.0
mech_md25_ppoff_r20,mechanism_sweep,3603,control,3,4,0.5341,0,0.3326,65,1,103.5
mech_md25_ppoff_r20,mechanism_sweep,3603,control,4,3,0.7592,0,0.1169,66,5,133.0
mech_md25_ppoff_r20,mechanism_sweep,3603,treatment,0,10,0.5965,0,0.3062,182,5,112.2
mech_md25_ppoff_r20,mechanism_sweep,3603,treatment,1,5,0.5639,0,0.3296,87,0,98.2
mech_md25_ppoff_r20,mechanism_sweep,3603,treatment,2,3,0.6124,0,0.1824,59,1,131.5
mech_md25_ppoff_r20,mechanism_sweep,3603,treatment,3,5,0.6618,0,0.1982,93,4,124.7
mech_md25_ppoff_r20,mechanism_sweep,3603,treatment,4,13,0.4722,0,0.1897,151,8,114.42
mech_md25_ppoff_r20,mechanism_sweep,3740,control,0,7,0.6382,0,0.3285,144,2,106.29
mech_md25_ppoff_r20,mechanism_sweep,3740,control,1,6,0.5857,0,0.2611,106,2,100.33
mech_md25_ppoff_r20,mechanism_sweep,3740,control,2,7,0.6935,0,0.2708,140,4,106.86
mech_md25_ppoff_r20,mechanism_sweep,3740,control,3,3,0.7336,0,0.1772,63,0,133.0
mech_md25_ppoff_r20,mechanism_sweep,3740,control,4,2,0.8129,0,0.2647,43,3,115.0
mech_md25_ppoff_r20,mechanism_sweep,3740,treatment,0,4,0.5261,0,0.2517,66,3,46.75
mech_md25_ppoff_r20,mechanism_sweep,3740,treatment,1,1,0.5881,0,0.0,20,0,88.0
mech_md25_ppoff_r20,mechanism_sweep,3740,treatment,2,9,0.5404,0,0.2261,131,9,108.47
mech_md25_ppoff_r20,mechanism_sweep,3740,treatment,3,4,0.6168,0,0.2464,75,2,118.0
mech_md25_ppoff_r20,mechanism_sweep,3740,treatment,4,3,0.5378,0,0.3249,50,1,99.67
mech_md25_ppoff_r20,mechanism_sweep,3877,control,0,5,0.6874,0,0.2605,103,2,97.0
mech_md25_ppoff_r20,mechanism_sweep,3877,control,1,3,0.7159,0,0.1595,65,2,135.33
mech_md25_ppoff_r20,mechanism_sweep,3877,control,2,3,0.6671,0,0.1778,60,3,132.0
mech_md25_ppoff_r20,mechanism_sweep,3877,control,3,9,0.4727,0,0.1487,123,14,110.0
mech_md25_ppoff_r20,mechanism_sweep,3877,control,4,3,0.4268,0,0.1318,41,2,109.0
mech_md25_ppoff_r20,mechanism_sweep,3877,treatment,0,4,0.6133,0,0.3058,81,0,131.0
mech_md25_ppoff_r20,mechanism_sweep,3877,treatment,1,5,0.6098,0,0.286,98,0,105.9
mech_md25_ppoff_r20,mechanism_sweep,3877,treatment,2,1,0.6885,0,0.0,20,0,125.0
mech_md25_ppoff_r20,mechanism_sweep,3877,treatment,3,4,0.6323,0,0.2557,71,1,113.94
mech_md25_ppoff_r20,mechanism_sweep,3877,treatment,4,2,0.701,0,0.403,46,0,111.25
mech_md25_ppoff_r20,mechanism_sweep,4014,control,0,8,0.709,0,0.2891,170,7,107.88
mech_md25_ppoff_r20,mechanism_sweep,4014,control,1,9,0.6016,0,0.2537,166,6,108.44
mech_md25_ppoff_r20,mechanism_sweep,4014,control,2,8,0.5814,0,0.2115,143,5,112.0
mech_md25_ppoff_r20,mechanism_sweep,4014,control,3,50,0.474,0,0.2292,666,81,111.56
mech_md25_ppoff_r20,mechanism_sweep,4014,control,4,12,0.5621,0,0.1733,196,13,119.67
mech_md25_ppoff_r20,mechanism_sweep,4014,treatment,0,9,0.6564,0,0.291,179,2,103.17
mech_md25_ppoff_r20,mechanism_sweep,4014,treatment,1,2,0.6725,0,0.3241,38,0,90.25
mech_md25_ppoff_r20,mechanism_sweep,4014,treatment,2,1,0.5732,0,0.0,21,0,98.0
mech_md25_ppoff_r20,mechanism_sweep,4014,treatment,3,0,0,0,0,0,0,0
mech_md25_ppoff_r20,mechanism_sweep,4014,treatment,4,1,0.6888,0,0.0,16,0,104.0
mech_md25_ppoff_r20,mechanism_sweep,4151,control,0,3,0.5273,0,0.301,49,3,124.67
mech_md25_ppoff_r20,mechanism_sweep,4151,control,1,5,0.6562,0,0.3512,102,2,104.0
mech_md25_ppoff_r20,mechanism_sweep,4151,control,2,0,0,0,0,0,0,0
mech_md25_ppoff_r20,mechanism_sweep,4151,control,3,2,0.7289,0,0.246,41,1,103.5
mech_md25_ppoff_r20,mechanism_sweep,4151,control,4,2,0.6521,0,0.2304,37,2,101.0
mech_md25_ppoff_r20,mechanism_sweep,4151,treatment,0,5,0.5702,0,0.3137,98,0,93.8
mech_md25_ppoff_r20,mechanism_sweep,4151,treatment,1,7,0.5922,0,0.3059,144,0,113.39
mech_md25_ppoff_r20,mechanism_sweep,4151,treatment,2,9,0.6586,0,0.2533,172,2,98.75
mech_md25_ppoff_r20,mechanism_sweep,4151,treatment,3,9,0.6417,0,0.2403,164,5,123.44
mech_md25_ppoff_r20,mechanism_sweep,4151,treatment,4,10,0.6511,0,0.2409,178,6,104.25
mech_md25_ppoff_r20,mechanism_sweep,4288,control,0,2,0.6489,0,0.2362,44,1,146.5
mech_md25_ppoff_r20,mechanism_sweep,4288,control,1,10,0.6308,0,0.2887,194,12,125.4
mech_md25_ppoff_r20,mechanism_sweep,4288,control,2,7,0.5762,0,0.2774,135,1,109.57
mech_md25_ppoff_r20,mechanism_sweep,4288,control,3,6,0.6408,0,0.3137,111,2,98.33
mech_md25_ppoff_r20,mechanism_sweep,4288,control,4,6,0.6362,0,0.3221,113,0,125.83
mech_md25_ppoff_r20,mechanism_sweep,4288,treatment,0,2,0.6704,0,0.2476,37,0,120.0
mech_md25_ppoff_r20,mechanism_sweep,4288,treatment,1,1,0.584,0,0.0,17,0,90.0
mech_md25_ppoff_r20,mechanism_sweep,4288,treatment,2,2,0.8352,0,0.3391,43,3,133.75
mech_md25_ppoff_r20,mechanism_sweep,4288,treatment,3,1,0.7006,0,0.0,20,0,100.0
mech_md25_ppoff_r20,mechanism_sweep,4288,treatment,4,3,0.6343,0,0.2949,53,1,108.0
mech_md25_ppoff_r20,mechanism_sweep,4425,control,0,8,0.537,0,0.2318,137,10,108.12
mech_md25_ppoff_r20,mechanism_sweep,4425,control,1,1,0.6079,0,0.0,20,0,93.0
mech_md25_ppoff_r20,mechanism_sweep,4425,control,2,6,0.599,0,0.246,117,2,110.33
mech_md25_ppoff_r20,mechanism_sweep,4425,control,3,2,0.6691,0,0.2327,43,1,141.0
mech_md25_ppoff_r20,mechanism_sweep,4425,control,4,13,0.5058,0,0.2041,194,10,111.54
mech_md25_ppoff_r20,mechanism_sweep,4425,treatment,0,7,0.5773,0,0.3009,126,2,106.29
mech_md25_ppoff_r20,mechanism_sweep,4425,treatment,1,8,0.6338,0,0.2557,166,1,108.94
mech_md25_ppoff_r20,mechanism_sweep,4425,treatment,2,10,0.6273,0,0.1939,186,2,110.85
mech_md25_ppoff_r20,mechanism_sweep,4425,treatment,3,6,0.5551,0,0.1835,98,4,115.5
mech_md25_ppoff_r20,mechanism_sweep,4425,treatment,4,7,0.517,0,0.2102,94,6,92.93
mech_md25_ppoff_r20,mechanism_sweep,4562,control,0,4,0.6126,0,0.3073,72,1,86.25
mech_md25_ppoff_r20,mechanism_sweep,4562,control,1,1,0.7627,0,0.0,22,1,127.0
mech_md25_ppoff_r20,mechanism_sweep,4562,control,2,3,0.7053,0,0.1822,72,2,79.33
mech_md25_ppoff_r20,mechanism_sweep,4562,control,3,2,0.5706,0,0.2223,38,0,91.5
mech_md25_ppoff_r20,mechanism_sweep,4562,control,4,0,0,0,0,0,0,0
mech_md25_ppoff_r20,mechanism_sweep,4562,treatment,0,3,0.6045,0,0.2653,72,0,83.25
mech_md25_ppoff_r20,mechanism_sweep,4562,treatment,1,7,0.6251,0,0.2827,137,0,117.18
mech_md25_ppoff_r20,mechanism_sweep,4562,treatment,2,8,0.6525,0,0.3202,156,4,98.25
mech_md25_ppoff_r20,mechanism_sweep,4562,treatment,3,4,0.6713,0,0.3214,76,0,127.12
mech_md25_ppoff_r20,mechanism_sweep,4562,treatment,4,6,0.6653,0,0.2972,115,1,95.04
mech_md25_ppoff_r20,mechanism_sweep,4699,control,0,4,0.6815,0,0.2958,79,4,114.75
mech_md25_ppoff_r20,mechanism_sweep,4699,control,1,6,0.6021,0,0.2416,117,4,92.33
mech_md25_ppoff_r20,mechanism_sweep,4699,control,2,1,0.7476,0,0.0,21,1,105.0
mech_md25_ppoff_r20,mechanism_sweep,4699,control,3,1,0.6688,0,0.0,18,1,13.0
mech_md25_ppoff_r20,mechanism_sweep,4699,control,4,7,0.4816,0,0.1842,83,4,112.71
mech_md25_ppoff_r20,mechanism_sweep,4699,treatment,0,12,0.5885,0,0.2689,222,4,116.25
mech_md25_ppoff_r20,mechanism_sweep,4699,treatment,1,9,0.6281,0,0.3002,179,1,95.5
mech_md25_ppoff_r20,mechanism_sweep,4699,treatment,2,10,0.5772,0,0.2928,175,6,106.05
mech_md25_ppoff_r20,mechanism_sweep,4699,treatment,3,9,0.6741,0,0.2786,186,9,103.44
mech_md25_ppoff_r20,mechanism_sweep,4699,treatment,4,6,0.5681,0,0.223,95,0,96.33
mech_md25_ppoff_r20,mechanism_sweep,4836,control,0,4,0.6456,0,0.3319,83,1,121.75
mech_md25_ppoff_r20,mechanism_sweep,4836,control,1,10,0.4659,0,0.27,126,13,111.4
mech_md25_ppoff_r20,mechanism_sweep,4836,control,2,2,0.7361,0,0.1719,43,1,113.0
mech_md25_ppoff_r20,mechanism_sweep,4836,control,3,0,0,0,0,0,0,0
mech_md25_ppoff_r20,mechanism_sweep,4836,control,4,1,0.6983,0,0.0,21,1,110.0
mech_md25_ppoff_r20,mechanism_sweep,4836,treatment,0,19,0.5704,0,0.2981,326,8,97.33
mech_md25_ppoff_r20,mechanism_sweep,4836,treatment,1,12,0.5784,0,0.2973,217,6,116.94
mech_md25_ppoff_r20,mechanism_sweep,4836,treatment,2,12,0.656,0,0.2878,230,12,114.5
mech_md25_ppoff_r20,mechanism_sweep,4836,treatment,3,13,0.6162,0,0.309,214,15,98.96
mech_md25_ppoff_r20,mechanism_sweep,4836,treatment,4,10,0.6556,0,0.2469,181,9,99.2
mech_md25_ppoff_r20,mechanism_sweep,4973,control,0,6,0.5955,0,0.2554,116,1,96.33
mech_md25_ppoff_r20,mechanism_sweep,4973,control,1,8,0.6328,0,0.2475,155,8,116.12
mech_md25_ppoff_r20,mechanism_sweep,4973,control,2,23,0.4138,0,0.2453,251,19,98.09
mech_md25_ppoff_r20,mechanism_sweep,4973,control,3,4,0.5774,0,0.1927,68,2,76.75
mech_md25_ppoff_r20,mechanism_sweep,4973,control,4,9,0.569,0,0.2373,144,12,112.0
mech_md25_ppoff_r20,mechanism_sweep,4973,treatment,0,5,0.6466,0,0.3713,103,1,98.6
mech_md25_ppoff_r20,mechanism_sweep,4973,treatment,1,22,0.6088,0,0.3106,392,14,112.06
mech_md25_ppoff_r20,mechanism_sweep,4973,treatment,2,6,0.549,0,0.189,88,6,97.75
mech_md25_ppoff_r20,mechanism_sweep,4973,treatment,3,68,0.3811,0,0.2101,656,92,96.32
mech_md25_ppoff_r20,mechanism_sweep,4973,treatment,4,14,0.5057,0,0.2027,204,12,103.88
mech_md25_ppoff_r30,mechanism_sweep,1000,control,0,2,0.6167,0,0.2905,36,0,99.5
mech_md25_ppoff_r30,mechanism_sweep,1000,control,1,0,0,0,0,0,0,0
mech_md25_ppoff_r30,mechanism_sweep,1000,control,2,4,0.6569,0,0.2604,92,0,117.0
mech_md25_ppoff_r30,mechanism_sweep,1000,control,3,1,0.6501,0,0.0,22,1,101.0
mech_md25_ppoff_r30,mechanism_sweep,1000,control,4,5,0.6024,0,0.1985,92,5,105.0
mech_md25_ppoff_r30,mechanism_sweep,1000,treatment,0,12,0.5827,0,0.3046,199,2,113.79
mech_md25_ppoff_r30,mechanism_sweep,1000,treatment,1,11,0.5485,0,0.3256,197,1,96.68
mech_md25_ppoff_r30,mechanism_sweep,1000,treatment,2,19,0.4637,0,0.2757,224,12,105.89
mech_md25_ppoff_r30,mechanism_sweep,1000,treatment,3,13,0.5083,0,0.2694,202,6,94.02
mech_md25_ppoff_r30,mechanism_sweep,1000,treatment,4,21,0.5882,0,0.2312,320,16,103.68
mech_md25_ppoff_r30,mechanism_sweep,1137,control,0,4,0.6478,0,0.3082,83,1,124.0
mech_md25_ppoff_r30,mechanism_sweep,1137,control,1,8,0.6582,0,0.2846,162,3,109.62
mech_md25_ppoff_r30,mechanism_sweep,1137,control,2,2,0.7375,0,0.2362,43,1,119.5
mech_md25_ppoff_r30,mechanism_sweep,1137,control,3,2,0.6401,0,0.2271,42,0,148.5
mech_md25_ppoff_r30,mechanism_sweep,1137,control,4,2,0.654,0,0.1709,41,1,105.0
mech_md25_ppoff_r30,mechanism_sweep,1137,treatment,0,4,0.5522,0,0.2737,78,0,83.44
mech_md25_ppoff_r30,mechanism_sweep,1137,treatment,1,6,0.6422,0,0.319,123,2,116.04
mech_md25_ppoff_r30,mechanism_sweep,1137,treatment,2,9,0.6027,0,0.3151,184,4,119.28
mech_md25_ppoff_r30,mechanism_sweep,1137,treatment,3,4,0.6297,0,0.3362,83,0,119.12
mech_md25_ppoff_r30,mechanism_sweep,1137,treatment,4,5,0.5816,0,0.2552,88,1,102.3
mech_md25_ppoff_r30,mechanism_sweep,1274,control,0,3,0.6672,0,0.2438,56,2,71.67
mech_md25_ppoff_r30,mechanism_sweep,1274,control,1,1,0.7799,0,0.0,20,1,103.0
mech_md25_ppoff_r30,mechanism_sweep,1274,control,2,3,0.4704,0,0.2325,45,1,105.0
mech_md25_ppoff_r30,mechanism_sweep,1274,control,3,5,0.6158,0,0.1527,79,2,106.0
mech_md25_ppoff_r30,mechanism_sweep,1274,control,4,0,0,0,0,0,0,0
mech_md25_ppoff_r30,mechanism_sweep,1274,treatment,0,12,0.6338,0,0.3118,240,3,96.81
mech_md25_ppoff_r30,mechanism_sweep,1274,treatment,1,8,0.6737,0,0.3015,159,1,119.56
mech_md25_ppoff_r30,mechanism_sweep,1274,treatment,2,8,0.5754,0,0.245,146,5,109.03
mech_md25_ppoff_r30,mechanism_sweep,1274,treatment,3,15,0.6418,0,0.2991,295,9,125.82
mech_md25_ppoff_r30,mechanism_sweep,1274,treatment,4,10,0.5938,0,0.2601,172,5,114.5
mech_md25_ppoff_r30,mechanism_sweep,1411,control,0,5,0.6328,0,0.3204,96,1,82.4
mech_md25_ppoff_r30,mechanism_sweep,1411,control,1,4,0.6779,0,0.3459,81,0,100.25
mech_md25_ppoff_r30,mechanism_sweep,1411,control,2,1,0.6305,0,0.0,21,0,115.0
mech_md25_ppoff_r30,mechanism_sweep,1411,control,3,0,0,0,0,0,0,0
mech_md25_ppoff_r30,mechanism_sweep,1411,control,4,1,0.6073,0,0.0,14,0,94.0
mech_md25_ppoff_r30,mechanism_sweep,1411,treatment,0,7,0.6136,0,0.2916,133,4,116.29
mech_md25_ppoff_r30,mechanism_sweep,1411,treatment,1,8,0.6082,0,0.2076,145,6,110.06
mech_md25_ppoff_r30,mechanism_sweep,1411,treatment,2,10,0.6711,0,0.2557,209,5,113.25
mech_md25_ppoff_r30,mechanism_sweep,1411,treatment,3,3,0.6726,0,0.2583,60,2,100.17
mech_md25_ppoff_r30,mechanism_sweep,1411,treatment,4,6,0.5436,0,0.1036,86,2,117.75
mech_md25_ppoff_r30,mechanism_sweep,1548,control,0,3,0.653,0,0.2709,66,3,82.0
mech_md25_ppoff_r30,mechanism_sweep,1548,control,1,4,0.61,0,0.2659,77,2,112.5
mech_md25_ppoff_r30,mechanism_sweep,1548,control,2,1,0.6196,0,0.0,21,0,163.0
mech_md25_ppoff_r30,mechanism_sweep,1548,control,3,2,0.6123,0,0.2969,38,0,91.5
mech_md25_ppoff_r30,mechanism_sweep,1548,control,4,1,0.6597,0,0.0,20,0,90.0
mech_md25_ppoff_r30,mechanism_sweep,1548,treatment,0,5,0.6118,0,0.3296,95,0,84.05
mech_md25_ppoff_r30,mechanism_sweep,1548,treatment,1,2,0.6605,0,0.4282,38,0,75.25
mech_md25_ppoff_r30,mechanism_sweep,1548,treatment,2,2,0.5896,0,0.3978,31,0,92.5
mech_md25_ppoff_r30,mechanism_sweep,1548,treatment,3,1,0.6919,0,0.0,20,0,100.0
mech_md25_ppoff_r30,mechanism_sweep,1548,treatment,4,6,0.6962,0,0.2578,120,5,115.5
mech_md25_ppoff_r30,mechanism_sweep,1685,control,0,9,0.5849,0,0.2611,161,13,94.44
mech_md25_ppoff_r30,mechanism_sweep,1685,control,1,8,0.52,0,0.2823,122,10,112.38
mech_md25_ppoff_r30,mechanism_sweep,1685,control,2,3,0.6404,0,0.2859,61,4,104.0
mech_md25_ppoff_r30,mechanism_sweep,1685,control,3,22,0.5234,0,0.2203,320,30,113.59
mech_md25_ppoff_r30,mechanism_sweep,1685,control,4,2,0.6221,0,0.0329,42,2,110.0
mech_md25_ppoff_r30,mechanism_sweep,1685,treatment,0,4,0.6158,0,0.303,79,2,85.5
mech_md25_ppoff_r30,mechanism_sweep,1685,treatment,1,2,0.7246,0,0.1826,41,1,141.25
mech_md25_ppoff_r30,mechanism_sweep,1685,treatment,2,3,0.6826,0,0.1295,58,0,139.08
mech_md25_ppoff_r30,mechanism_sweep,1685,treatment,3,7,0.6275,0,0.1673,127,2,100.46
mech_md25_ppoff_r30,mechanism_sweep,1685,treatment,4,4,0.6762,0,0.2266,94,1,109.88
mech_md25_ppoff_r30,mechanism_sweep,1822,control,0,6,0.4931,0,0.3026,86,7,93.33
mech_md25_ppoff_r30,mechanism_sweep,1822,control,1,4,0.514,0,0.2768,69,0,91.25
mech_md25_ppoff_r30,mechanism_sweep,1822,control,2,1,0.5299,0,0.0,20,0,39.0
mech_md25_ppoff_r30,mechanism_sweep,1822,control,3,2,0.4952,0,0.1168,31,2,106.5
mech_md25_ppoff_r30,mechanism_sweep,1822,control,4,1,0.5699,0,0.0,37,0,119.0
mech_md25_ppoff_r30,mechanism_sweep,1822,treatment,0,5,0.5925,0,0.3397,108,0,96.0
mech_md25_ppoff_r30,mechanism_sweep,1822,treatment,1,8,0.5968,0,0.2958,153,1,91.12
mech_md25_ppoff_r30,mechanism_sweep,1822,treatment,2,9,0.5892,0,0.2778,175,4,130.97
mech_md25_ppoff_r30,mechanism_sweep,1822,treatment,3,11,0.5623,0,0.293,191,4,99.91
mech_md25_ppoff_r30,mechanism_sweep,1822,treatment,4,8,0.6928,0,0.2598,167,15,115.56
mech_md25_ppoff_r30,mechanism_sweep,1959,control,0,6,0.6941,0,0.3686,121,2,117.0
mech_md25_ppoff_r30,mechanism_sweep,1959,control,1,6,0.6827,0,0.3155,128,4,92.5
mech_md25_ppoff_r30,mechanism_sweep,1959,control,2,5,0.6241,0,0.2926,86,2,110.6
mech_md25_ppoff_r30,mechanism_sweep,1959,control,3,15,0.4911,0,0.1667,172,13,107.2
mech_md25_ppoff_r30,mechanism_sweep,1959,control,4,10,0.5294,0,0.1686,135,4,117.8
mech_md25_ppoff_r30,mechanism_sweep,1959,treatment,0,10,0.5933,0,0.3244,202,1,112.7
mech_md25_ppoff_r30,mechanism_sweep,1959,treatment,1,26,0.5599,0,0.3043,419,15,101.5
mech_md25_ppoff_r30,mechanism_sweep,1959,treatment,2,40,0.5508,0,0.2748,586,44,116.19
mech_md25_ppoff_r30,mechanism_sweep,1959,treatment,3,37,0.5012,0,0.2311,489,47,118.82
mech_md25_ppoff_r30,mechanism_sweep,1959,treatment,4,17,0.5531,0,0.1677,252,17,109.94
mech_md25_ppoff_r30,mechanism_sweep,2096,control,0,6,0.646,0,0.312,119,2,121.0
mech_md25_ppoff_r30,mechanism_sweep,2096,control,1,2,0.5221,0,0.2258,32,0,116.5
mech_md25_ppoff_r30,mechanism_sweep,2096,control,2,4,0.6416,0,0.2455,81,2,108.5
mech_md25_ppoff_r30,mechanism_sweep,2096,control,3,1,0.7051,0,0.0,41,1,60.0
mech_md25_ppoff_r30,mechanism_sweep,2096,control,4,3,0.5813,0,0.3595,60,1,61.0
mech_md25_ppoff_r30,mechanism_sweep,2096,treatment,0,9,0.5878,0,0.309,152,6,109.22
mech_md25_ppoff_r30,mechanism_sweep,2096,treatment,1,13,0.5896,0,0.2932,236,10,94.85
mech_md25_ppoff_r30,mechanism_sweep,2096,treatment,2,9,0.5365,0,0.2945,151,6,104.36
mech_md25_ppoff_r30,mechanism_sweep,2096,treatment,3,7,0.5977,0,0.2898,127,2,95.57
mech_md25_ppoff_r30,mechanism_sweep,2096,treatment,4,5,0.6871,0,0.19,101,4,119.75
mech_md25_ppoff_r30,mechanism_sweep,2233,control,0,3,0.7385,0,0.3217,65,4,115.0
mech_md25_ppoff_r30,mechanism_sweep,2233,control,1,0,0,0,0,0,0,0
mech_md25_ppoff_r30,mechanism_sweep,2233,control,2,2,0.569,0,0.3142,36,0,108.5
mech_md25_ppoff_r30,mechanism_sweep,2233,control,3,9,0.4806,0,0.0825,92,11,93.67
mech_md25_ppoff_r30,mechanism_sweep,2233,control,4,11,0.529,0,0.2327,124,7,92.18
mech_md25_ppoff_r30,mechanism_sweep,2233,treatment,0,7,0.6511,0,0.2975,141,2,108.93
mech_md25_ppoff_r30,mechanism_sweep,2233,treatment,1,4,0.6198,0,0.3056,78,0,93.88
mech_md25_ppoff_r30,mechanism_sweep,2233,treatment,2,4,0.6966,0,0.2454,86,2,74.12
mech_md25_ppoff_r30,mechanism_sweep,2233,treatment,3,6,0.6556,0,0.2789,121,0,87.88
mech_md25_ppoff_r30,mechanism_sweep,2233,treatment,4,4,0.643,0,0.293,89,2,129.0
mech_md25_ppoff_r30,mechanism_sweep,2370,control,0,6,0.6315,0,0.3552,116,3,105.33
mech_md25_ppoff_r30,mechanism_sweep,2370,control,1,10,0.5958,0,0.312,183,7,87.7
mech_md25_ppoff_r30,mechanism_sweep,2370,control,2,10,0.562,0,0.263,161,9,96.5
mech_md25_ppoff_r30,mechanism_sweep,2370,control,3,3,0.6465,0,0.2825,64,1,109.0
mech_md25_ppoff_r30,mechanism_sweep,2370,control,4,6,0.5832,0,0.2273,120,2,87.33
mech_md25_ppoff_r30,mechanism_sweep,2370,treatment,0,7,0.6284,0,0.2889,130,1,94.57
mech_md25_ppoff_r30,mechanism_sweep,2370,treatment,1,8,0.6375,0,0.2842,146,2,98.75
mech_md25_ppoff_r30,mechanism_sweep,2370,treatment,2,5,0.6833,0,0.2429,104,1,120.35
mech_md25_ppoff_r30,mechanism_sweep,2370,treatment,3,9,0.683,0,0.2126,184,1,103.86
mech_md25_ppoff_r30,mechanism_sweep,2370,treatment,4,8,0.6731,0,0.1762,157,0,113.12
mech_md25_ppoff_r30,mechanism_sweep,2507,control,0,3,0.6603,0,0.315,61,0,107.0
mech_md25_ppoff_r30,mechanism_sweep,2507,control,1,4,0.7044,0,0.3092,86,2,139.5
mech_md25_ppoff_r30,mechanism_sweep,2507,control,2,6,0.6326,0,0.3592,121,1,106.17
mech_md25_ppoff_r30,mechanism_sweep,2507,control,3,8,0.6398,0,0.2785,162,1,100.75
mech_md25_ppoff_r30,mechanism_sweep,2507,control,4,1,0.6721,0,0.0,20,0,100.0
mech_md25_ppoff_r30,mechanism_sweep,2507,treatment,0,8,0.6353,0,0.3032,157,3,103.38
mech_md25_ppoff_r30,mechanism_sweep,2507,treatment,1,7,0.6569,0,0.322,137,2,127.57
mech_md25_ppoff_r30,mechanism_sweep,2507,treatment,2,11,0.67,0,0.2758,205,1,109.5
mech_md25_ppoff_r30,mechanism_sweep,2507,treatment,3,11,0.6706,0,0.28,191,1,111.39
mech_md25_ppoff_r30,mechanism_sweep,2507,treatment,4,18,0.664,0,0.2137,309,9,107.62
mech_md25_ppoff_r30,mechanism_sweep,2644,control,0,2,0.629,0,0.2272,45,1,137.5
mech_md25_ppoff_r30,mechanism_sweep,2644,control,1,3,0.6371,0,0.224,60,0,96.67
mech_md25_ppoff_r30,mechanism_sweep,2644,control,2,1,0.7188,0,0.0,22,2,120.0
mech_md25_ppoff_r30,mechanism_sweep,2644,control,3,2,0.5443,0,0.3107,38,0,76.0
mech_md25_ppoff_r30,mechanism_sweep,2644,control,4,0,0,0,0,0,0,0
mech_md25_ppoff_r30,mechanism_sweep,2644,treatment,0,8,0.5803,0,0.3041,148,1,99.69
mech_md25_ppoff_r30,mechanism_sweep,2644,treatment,1,7,0.6674,0,0.2749,137,4,92.54
mech_md25_ppoff_r30,mechanism_sweep,2644,treatment,2,8,0.5824,0,0.2237,145,4,121.78
mech_md25_ppoff_r30,mechanism_sweep,2644,treatment,3,6,0.709,0,0.1979,126,3,136.62
mech_md25_ppoff_r30,mechanism_sweep,2644,treatment,4,6,0.671,0,0.2157,114,1,90.21
mech_md25_ppoff_r30,mechanism_sweep,2781,control,0,7,0.636,0,0.2764,151,5,103.14
mech_md25_ppoff_r30,mechanism_sweep,2781,control,1,8,0.632,0,0.2849,144,3,101.88
mech_md25_ppoff_r30,mechanism_sweep,2781,control,2,1,0.8682,0,0.0,22,2,120.0
mech_md25_ppoff_r30,mechanism_sweep,2781,control,3,3,0.6979,0,0.2621,62,1,112.33
mech_md25_ppoff_r30,mechanism_sweep,2781,control,4,3,0.6628,0,0.3218,59,1,101.33
mech_md25_ppoff_r30,mechanism_sweep,2781,treatment,0,11,0.6501,0,0.3096,212,10,108.84
mech_md25_ppoff_r30,mechanism_sweep,2781,treatment,1,9,0.6297,0,0.2901,150,5,115.0
mech_md25_ppoff_r30,mechanism_sweep,2781,treatment,2,9,0.5788,0,0.2432,141,3,103.72
mech_md25_ppoff_r30,mechanism_sweep,2781,treatment,3,13,0.5962,0,0.2769,219,8,84.56
mech_md25_ppoff_r30,mechanism_sweep,2781,treatment,4,3,0.5526,0,0.3637,39,0,106.5
mech_md25_ppoff_r30,mechanism_sweep,2918,control,0,5,0.6191,0,0.3649,89,0,110.6
mech_md25_ppoff_r30,mechanism_sweep,2918,control,1,6,0.5514,0,0.2627,98,4,120.67
mech_md25_ppoff_r30,mechanism_sweep,2918,control,2,32,0.4556,0,0.1216,344,42,117.41
mech_md25_ppoff_r30,mechanism_sweep,2918,control,3,16,0.3775,0,0.1803,153,17,112.44
mech_md25_ppoff_r30,mechanism_sweep,2918,control,4,8,0.588,0,0.0966,117,9,118.0
mech_md25_ppoff_r30,mechanism_sweep,2918,treatment,0,6,0.6464,0,0.3403,117,2,110.17
mech_md25_ppoff_r30,mechanism_sweep,2918,treatment,1,6,0.5912,0,0.3328,96,2,132.17
mech_md25_ppoff_r30,mechanism_sweep,2918,treatment,2,5,0.5714,0,0.3168,86,0,126.5
mech_md25_ppoff_r30,mechanism_sweep,2918,treatment,3,4,0.5482,0,0.27,60,0,100.81
mech_md25_ppoff_r30,mechanism_sweep,2918,treatment,4,1,0.5291,0,0.0,13,0,188.0
mech_md25_ppoff_r30,mechanism_sweep,3055,control,0,7,0.6098,0,0.3416,143,0,107.14
mech_md25_ppoff_r30,mechanism_sweep,3055,control,1,5,0.5451,0,0.2806,77,4,122.0
mech_md25_ppoff_r30,mechanism_sweep,3055,control,2,0,0,0,0,0,0,0
mech_md25_ppoff_r30,mechanism_sweep,3055,control,3,11,0.4894,0,0.267,157,4,102.73
mech_md25_ppoff_r30,mechanism_sweep,3055,control,4,4,0.3841,0,0.2716,45,1,74.5
mech_md25_ppoff_r30,mechanism_sweep,3055,treatment,0,10,0.624,0,0.2666,194,4,132.95
mech_md25_ppoff_r30,mechanism_sweep,3055,treatment,1,6,0.5932,0,0.3245,111,0,116.92
mech_md25_ppoff_r30,mechanism_sweep,3055,treatment,2,17,0.6107,0,0.2797,283,13,103.01
mech_md25_ppoff_r30,mechanism_sweep,3055,treatment,3,11,0.6705,0,0.2913,218,4,119.91
mech_md25_ppoff_r30,mechanism_sweep,3055,treatment,4,15,0.5817,0,0.2535,246,8,110.5
mech_md25_ppoff_r30,mechanism_sweep,3192,control,0,2,0.6292,0,0.2497,42,1,112.5
mech_md25_ppoff_r30,mechanism_sweep,3192,control,1,4,0.649,0,0.2669,81,2,90.75
mech_md25_ppoff_r30,mechanism_sweep,3192,control,2,0,0,0,0,0,0,0
mech_md25_ppoff_r30,mechanism_sweep,3192,control,3,3,0.6468,0,0.3146,64,1,139.67
mech_md25_ppoff_r30,mechanism_sweep,3192,control,4,4,0.5342,0,0.113,67,7,120.25
mech_md25_ppoff_r30,mechanism_sweep,3192,treatment,0,7,0.637,0,0.3108,134,2,114.21
mech_md25_ppoff_r30,mechanism_sweep,3192,treatment,1,8,0.659,0,0.3058,163,3,109.09
mech_md25_ppoff_r30,mechanism_sweep,3192,treatment,2,7,0.5668,0,0.2935,131,2,98.36
mech_md25_ppoff_r30,mechanism_sweep,3192,treatment,3,6,0.566,0,0.3228,102,0,106.17
mech_md25_ppoff_r30,mechanism_sweep,3192,treatment,4,4,0.6818,0,0.2906,75,1,104.44
mech_md25_ppoff_r30,mechanism_sweep,3329,control,0,5,0.6206,0,0.355,110,0,103.8
mech_md25_ppoff_r30,mechanism_sweep,3329,control,1,3,0.6509,0,0.3301,61,0,111.33
mech_md25_ppoff_r30,mechanism_sweep,3329,control,2,4,0.6284,0,0.1994,83,4,120.5
mech_md25_ppoff_r30,mechanism_sweep,3329,control,3,2,0.5919,0,0.2128,42,0,122.5
mech_md25_ppoff_r30,mechanism_sweep,3329,control,4,1,0.6198,0,0.0,21,0,117.0
mech_md25_ppoff_r30,mechanism_sweep,3329,treatment,0,10,0.5958,0,0.3119,185,1,120.65
mech_md25_ppoff_r30,mechanism_sweep,3329,treatment,1,7,0.6496,0,0.2791,145,1,107.96
mech_md25_ppoff_r30,mechanism_sweep,3329,treatment,2,8,0.6499,0,0.2718,152,0,110.88
mech_md25_ppoff_r30,mechanism_sweep,3329,treatment,3,11,0.6727,0,0.2305,206,6,100.55
mech_md25_ppoff_r30,mechanism_sweep,3329,treatment,4,10,0.5408,0,0.201,152,9,106.12
mech_md25_ppoff_r30,mechanism_sweep,3466,control,0,2,0.6487,0,0.3351,41,1,101.0
mech_md25_ppoff_r30,mechanism_sweep,3466,control,1,14,0.5418,0,0.2512,216,17,101.93
mech_md25_ppoff_r30,mechanism_sweep,3466,control,2,7,0.4855,0,0.2032,99,3,89.29
mech_md25_ppoff_r30,mechanism_sweep,3466,control,3,27,0.4596,0,0.2371,345,36,86.96
mech_md25_ppoff_r30,mechanism_sweep,3466,control,4,11,0.4468,0,0.1648,131,19,99.91
mech_md25_ppoff_r30,mechanism_sweep,3466,treatment,0,7,0.65,0,0.3464,134,1,93.36
mech_md25_ppoff_r30,mechanism_sweep,3466,treatment,1,3,0.5742,0,0.2907,55,0,119.75
mech_md25_ppoff_r30,mechanism_sweep,3466,treatment,2,3,0.6162,0,0.269,54,2,114.17
mech_md25_ppoff_r30,mechanism_sweep,3466,treatment,3,2,0.6339,0,0.1346,38,0,119.38
mech_md25_ppoff_r30,mechanism_sweep,3466,treatment,4,6,0.5536,0,0.2773,106,0,118.38
mech_md25_ppoff_r30,mechanism_sweep,3603,control,0,7,0.6289,0,0.3026,140,1,93.0
mech_md25_ppoff_r30,mechanism_sweep,3603,control,1,2,0.7775,0,0.2689,43,4,91.0
mech_md25_ppoff_r30,mechanism_sweep,3603,control,2,1,0.5722,0,0.0,20,0,100.0
mech_md25_ppoff_r30,mechanism_sweep,3603,control,3,4,0.5341,0,0.3326,65,1,103.5
mech_md25_ppoff_r30,mechanism_sweep,3603,control,4,3,0.7592,0,0.1169,66,5,133.0
mech_md25_ppoff_r30,mechanism_sweep,3603,treatment,0,9,0.6466,0,0.3237,173,5,89.17
mech_md25_ppoff_r30,mechanism_sweep,3603,treatment,1,10,0.6153,0,0.3234,209,4,123.85
mech_md25_ppoff_r30,mechanism_sweep,3603,treatment,2,9,0.5641,0,0.2931,158,3,93.44
mech_md25_ppoff_r30,mechanism_sweep,3603,treatment,3,3,0.5378,0,0.1948,58,0,79.75
mech_md25_ppoff_r30,mechanism_sweep,3603,treatment,4,9,0.5409,0,0.2022,131,3,100.47
mech_md25_ppoff_r30,mechanism_sweep,3740,control,0,7,0.6382,0,0.3285,144,2,106.29
mech_md25_ppoff_r30,mechanism_sweep,3740,control,1,6,0.5857,0,0.2611,106,2,100.33
mech_md25_ppoff_r30,mechanism_sweep,3740,control,2,7,0.6935,0,0.2708,140,4,106.86
mech_md25_ppoff_r30,mechanism_sweep,3740,control,3,3,0.7336,0,0.1772,63,0,133.0
mech_md25_ppoff_r30,mechanism_sweep,3740,control,4,2,0.8129,0,0.2647,43,3,115.0
mech_md25_ppoff_r30,mechanism_sweep,3740,treatment,0,10,0.5698,0,0.3112,178,1,97.6
mech_md25_ppoff_r30,mechanism_sweep,3740,treatment,1,13,0.62,0,0.3163,257,4,106.1
mech_md25_ppoff_r30,mechanism_sweep,3740,treatment,2,13,0.629,0,0.2787,248,3,122.38
mech_md25_ppoff_r30,mechanism_sweep,3740,treatment,3,10,0.6566,0,0.2813,198,0,124.85
mech_md25_ppoff_r30,mechanism_sweep,3740,treatment,4,6,0.7105,0,0.256,130,2,122.83
mech_md25_ppoff_r30,mechanism_sweep,3877,control,0,5,0.6874,0,0.2605,103,2,97.0
mech_md25_ppoff_r30,mechanism_sweep,3877,control,1,3,0.7159,0,0.1595,65,2,135.33
mech_md25_ppoff_r30,mechanism_sweep,3877,control,2,3,0.6671,0,0.1778,60,3,132.0
mech_md25_ppoff_r30,mechanism_sweep,3877,control,3,9,0.4727,0,0.1487,123,14,110.0
mech_md25_ppoff_r30,mechanism_sweep,3877,control,4,3,0.4268,0,0.1318,41,2,109.0
mech_md25_ppoff_r30,mechanism_sweep,3877,treatment,0,8,0.6142,0,0.3241,161,0,116.44
mech_md25_ppoff_r30,mechanism_sweep,3877,treatment,1,5,0.5751,0,0.2952,97,0,117.6
mech_md25_ppoff_r30,mechanism_sweep,3877,treatment,2,1,0.5647,0,0.0,20,0,100.0
mech_md25_ppoff_r30,mechanism_sweep,3877,treatment,3,3,0.62,0,0.3617,57,0,104.0
mech_md25_ppoff_r30,mechanism_sweep,3877,treatment,4,2,0.7094,0,0.0212,43,0,86.25
mech_md25_ppoff_r30,mechanism_sweep,4014,control,0,8,0.709,0,0.2891,170,7,107.88
mech_md25_ppoff_r30,mechanism_sweep,4014,control,1,9,0.6016,0,0.2537,166,6,108.44
mech_md25_ppoff_r30,mechanism_sweep,4014,control,2,8,0.5814,0,0.2115,143,5,112.0
mech_md25_ppoff_r30,mechanism_sweep,4014,control,3,50,0.474,0,0.2292,666,81,111.56
mech_md25_ppoff_r30,mechanism_sweep,4014,control,4,12,0.5621,0,0.1733,196,13,119.67
mech_md25_ppoff_r30,mechanism_sweep,4014,treatment,0,28,0.5079,0,0.2482,436,27,103.69
mech_md25_ppoff_r30,mechanism_sweep,4014,treatment,1,15,0.6313,0,0.3064,262,7,110.13
mech_md25_ppoff_r30,mechanism_sweep,4014,treatment,2,9,0.6643,0,0.2885,170,2,108.17
mech_md25_ppoff_r30,mechanism_sweep,4014,treatment,3,6,0.6994,0,0.2879,120,2,122.92
mech_md25_ppoff_r30,mechanism_sweep,4014,treatment,4,5,0.6512,0,0.3348,86,2,89.9
mech_md25_ppoff_r30,mechanism_sweep,4151,control,0,3,0.5273,0,0.301,49,3,124.67
mech_md25_ppoff_r30,mechanism_sweep,4151,control,1,5,0.6562,0,0.3512,102,2,104.0
mech_md25_ppoff_r30,mechanism_sweep,4151,control,2,0,0,0,0,0,0,0
mech_md25_ppoff_r30,mechanism_sweep,4151,control,3,2,0.7289,0,0.246,41,1,103.5
mech_md25_ppoff_r30,mechanism_sweep,4151,control,4,2,0.6521,0,0.2304,37,2,101.0
mech_md25_ppoff_r30,mechanism_sweep,4151,treatment,0,12,0.5767,0,0.2752,243,8,118.27
mech_md25_ppoff_r30,mechanism_sweep,4151,treatment,1,7,0.6128,0,0.293,124,2,109.86
mech_md25_ppoff_r30,mechanism_sweep,4151,treatment,2,9,0.7098,0,0.2614,177,10,124.03
mech_md25_ppoff_r30,mechanism_sweep,4151,treatment,3,15,0.5763,0,0.1995,245,16,109.78
mech_md25_ppoff_r30,mechanism_sweep,4151,treatment,4,28,0.5829,0,0.2302,463,30,123.95
mech_md25_ppoff_r30,mechanism_sweep,4288,control,0,2,0.6489,0,0.2362,44,1,146.5
mech_md25_ppoff_r30,mechanism_sweep,4288,control,1,10,0.6308,0,0.2887,194,12,125.4
mech_md25_ppoff_r30,mechanism_sweep,4288,control,2,7,0.5762,0,0.2774,135,1,109.57
mech_md25_ppoff_r30,mechanism_sweep,4288,control,3,6,0.6408,0,0.3137,111,2,98.33
mech_md25_ppoff_r30,mechanism_sweep,4288,control,4,6,0.6362,0,0.3221,113,0,125.83
mech_md25_ppoff_r30,mechanism_sweep,4288,treatment,0,9,0.6279,0,0.287,200,1,120.14
mech_md25_ppoff_r30,mechanism_sweep,4288,treatment,1,3,0.5827,0,0.1625,59,0,95.42
mech_md25_ppoff_r30,mechanism_sweep,4288,treatment,2,1,0.6165,0,0.0,20,0,124.0
mech_md25_ppoff_r30,mechanism_sweep,4288,treatment,3,5,0.6183,0,0.2066,94,3,140.75
mech_md25_ppoff_r30,mechanism_sweep,4288,treatment,4,6,0.7222,0,0.1466,118,4,129.5
mech_md25_ppoff_r30,mechanism_sweep,4425,control,0,8,0.537,0,0.2318,137,10,108.12
mech_md25_ppoff_r30,mechanism_sweep,4425,control,1,1,0.6079,0,0.0,20,0,93.0
mech_md25_ppoff_r30,mechanism_sweep,4425,control,2,6,0.599,0,0.246,117,2,110.33
mech_md25_ppoff_r30,mechanism_sweep,4425,control,3,2,0.6691,0,0.2327,43,1,141.0
mech_md25_ppoff_r30,mechanism_sweep,4425,control,4,13,0.5058,0,0.2041,194,10,111.54
mech_md25_ppoff_r30,mechanism_sweep,4425,treatment,0,8,0.5883,0,0.2694,154,2,117.75
mech_md25_ppoff_r30,mechanism_sweep,4425,treatment,1,2,0.6096,0,0.1126,38,0,115.75
mech_md25_ppoff_r30,mechanism_sweep,4425,treatment,2,2,0.5239,0,0.1008,36,0,93.38
mech_md25_ppoff_r30,mechanism_sweep,4425,treatment,3,9,0.651,0,0.1753,162,9,126.94
mech_md25_ppoff_r30,mechanism_sweep,4425,treatment,4,1,0.6212,0,0.0,13,0,171.0
mech_md25_ppoff_r30,mechanism_sweep,4562,control,0,4,0.6126,0,0.3073,72,1,86.25
mech_md25_ppoff_r30,mechanism_sweep,4562,control,1,1,0.7627,0,0.0,22,1,127.0
mech_md25_ppoff_r30,mechanism_sweep,4562,control,2,3,0.7053,0,0.1822,72,2,79.33
mech_md25_ppoff_r30,mechanism_sweep,4562,control,3,2,0.5706,0,0.2223,38,0,91.5
mech_md25_ppoff_r30,mechanism_sweep,4562,control,4,0,0,0,0,0,0,0
mech_md25_ppoff_r30,mechanism_sweep,4562,treatment,0,5,0.6408,0,0.2781,100,1,124.3
mech_md25_ppoff_r30,mechanism_sweep,4562,treatment,1,6,0.641,0,0.2512,119,0,123.0
mech_md25_ppoff_r30,mechanism_sweep,4562,treatment,2,0,0,0,0,0,0,0
mech_md25_ppoff_r30,mechanism_sweep,4562,treatment,3,5,0.7243,0,0.206,95,3,135.5
mech_md25_ppoff_r30,mechanism_sweep,4562,treatment,4,2,0.8255,0,0.2372,43,3,115.0
mech_md25_ppoff_r30,mechanism_sweep,4699,control,0,4,0.6815,0,0.2958,79,4,114.75
mech_md25_ppoff_r30,mechanism_sweep,4699,control,1,6,0.6021,0,0.2416,117,4,92.33
mech_md25_ppoff_r30,mechanism_sweep,4699,control,2,1,0.7476,0,0.0,21,1,105.0
mech_md25_ppoff_r30,mechanism_sweep,4699,control,3,1,0.6688,0,0.0,18,1,13.0
mech_md25_ppoff_r30,mechanism_sweep,4699,control,4,7,0.4816,0,0.1842,83,4,112.71
mech_md25_ppoff_r30,mechanism_sweep,4699,treatment,0,12,0.668,0,0.2795,248,5,104.9
mech_md25_ppoff_r30,mechanism_sweep,4699,treatment,1,26,0.6341,0,0.2596,461,26,113.45
mech_md25_ppoff_r30,mechanism_sweep,4699,treatment,2,14,0.5815,0,0.2947,222,7,104.75
mech_md25_ppoff_r30,mechanism_sweep,4699,treatment,3,4,0.6815,0,0.246,82,4,93.81
mech_md25_ppoff_r30,mechanism_sweep,4699,treatment,4,10,0.6648,0,0.1653,183,11,112.22
mech_md25_ppoff_r30,mechanism_sweep,4836,control,0,4,0.6456,0,0.3319,83,1,121.75
mech_md25_ppoff_r30,mechanism_sweep,4836,control,1,10,0.4659,0,0.27,126,13,111.4
mech_md25_ppoff_r30,mechanism_sweep,4836,control,2,2,0.7361,0,0.1719,43,1,113.0
mech_md25_ppoff_r30,mechanism_sweep,4836,control,3,0,0,0,0,0,0,0
mech_md25_ppoff_r30,mechanism_sweep,4836,control,4,1,0.6983,0,0.0,21,1,110.0
mech_md25_ppoff_r30,mechanism_sweep,4836,treatment,0,14,0.5152,0,0.3117,211,13,98.62
mech_md25_ppoff_r30,mechanism_sweep,4836,treatment,1,9,0.6525,0,0.2815,161,1,118.67
mech_md25_ppoff_r30,mechanism_sweep,4836,treatment,2,9,0.6516,0,0.2692,168,3,117.94
mech_md25_ppoff_r30,mechanism_sweep,4836,treatment,3,7,0.6421,0,0.2765,145,1,90.71
mech_md25_ppoff_r30,mechanism_sweep,4836,treatment,4,20,0.6126,0,0.2618,332,16,103.72
mech_md25_ppoff_r30,mechanism_sweep,4973,control,0,6,0.5955,0,0.2554,116,1,96.33
mech_md25_ppoff_r30,mechanism_sweep,4973,control,1,8,0.6328,0,0.2475,155,8,116.12
mech_md25_ppoff_r30,mechanism_sweep,4973,control,2,23,0.4138,0,0.2453,251,19,98.09
mech_md25_ppoff_r30,mechanism_sweep,4973,control,3,4,0.5774,0,0.1927,68,2,76.75
mech_md25_ppoff_r30,mechanism_sweep,4973,control,4,9,0.569,0,0.2373,144,12,112.0
mech_md25_ppoff_r30,mechanism_sweep,4973,treatment,0,13,0.6474,0,0.3233,260,3,104.73
mech_md25_ppoff_r30,mechanism_sweep,4973,treatment,1,4,0.5972,0,0.2712,65,4,55.81
mech_md25_ppoff_r30,mechanism_sweep,4973,treatment,2,6,0.6488,0,0.2995,107,2,104.08
mech_md25_ppoff_r30,mechanism_sweep,4973,treatment,3,22,0.4943,0,0.267,247,22,114.44
mech_md25_ppoff_r30,mechanism_sweep,4973,treatment,4,8,0.5094,0,0.2323,93,3,107.06
mech_md25_ppon_r05,mechanism_sweep,1000,control,0,2,0.6167,0,0.2905,36,0,99.5
mech_md25_ppon_r05,mechanism_sweep,1000,control,1,0,0,0,0,0,0,0
mech_md25_ppon_r05,mechanism_sweep,1000,control,2,4,0.6569,0,0.2604,92,0,117.0
mech_md25_ppon_r05,mechanism_sweep,1000,control,3,1,0.6501,0,0.0,22,1,101.0
mech_md25_ppon_r05,mechanism_sweep,1000,control,4,5,0.6024,0,0.1985,92,5,105.0
mech_md25_ppon_r05,mechanism_sweep,1000,treatment,0,7,0.5762,0,0.2902,128,7,105.71
mech_md25_ppon_r05,mechanism_sweep,1000,treatment,1,11,0.4402,0,0.2375,127,12,52.36
mech_md25_ppon_r05,mechanism_sweep,1000,treatment,2,11,0.4886,0,0.2869,137,6,107.23
mech_md25_ppon_r05,mechanism_sweep,1000,treatment,3,16,0.4984,0,0.2716,191,12,82.33
mech_md25_ppon_r05,mechanism_sweep,1000,treatment,4,3,0.653,0,0.2177,60,2,118.33
mech_md25_ppon_r05,mechanism_sweep,1137,control,0,4,0.6478,0,0.3082,83,1,124.0
mech_md25_ppon_r05,mechanism_sweep,1137,control,1,8,0.6582,0,0.2846,162,3,109.62
mech_md25_ppon_r05,mechanism_sweep,1137,control,2,2,0.7375,0,0.2362,43,1,119.5
mech_md25_ppon_r05,mechanism_sweep,1137,control,3,2,0.6401,0,0.2271,42,0,148.5
mech_md25_ppon_r05,mechanism_sweep,1137,control,4,2,0.654,0,0.1709,41,1,105.0
mech_md25_ppon_r05,mechanism_sweep,1137,treatment,0,0,0,0,0,0,0,0
mech_md25_ppon_r05,mechanism_sweep,1137,treatment,1,4,0.5942,0,0.3452,75,2,98.75
mech_md25_ppon_r05,mechanism_sweep,1137,treatment,2,4,0.5487,0,0.201,68,2,105.75
mech_md25_ppon_r05,mechanism_sweep,1137,treatment,3,8,0.6133,0,0.2062,150,6,117.5
mech_md25_ppon_r05,mechanism_sweep,1137,treatment,4,2,0.7266,0,0.2782,40,1,80.0
mech_md25_ppon_r05,mechanism_sweep,1274,control,0,3,0.6672,0,0.2438,56,2,71.67
mech_md25_ppon_r05,mechanism_sweep,1274,control,1,1,0.7799,0,0.0,20,1,103.0
mech_md25_ppon_r05,mechanism_sweep,1274,control,2,3,0.4704,0,0.2325,45,1,105.0
mech_md25_ppon_r05,mechanism_sweep,1274,control,3,5,0.6158,0,0.1527,79,2,106.0
mech_md25_ppon_r05,mechanism_sweep,1274,control,4,0,0,0,0,0,0,0
mech_md25_ppon_r05,mechanism_sweep,1274,treatment,0,2,0.7491,0,0.1741,43,3,120.0
mech_md25_ppon_r05,mechanism_sweep,1274,treatment,1,2,0.6204,0,0.2283,36,1,120.5
mech_md25_ppon_r05,mechanism_sweep,1274,treatment,2,1,0.6436,0,0.0,20,0,91.0
mech_md25_ppon_r05,mechanism_sweep,1274,treatment,3,1,0.5794,0,0.0,18,0,130.0
mech_md25_ppon_r05,mechanism_sweep,1274,treatment,4,2,0.6445,0,0.3135,39,0,127.25
mech_md25_ppon_r05,mechanism_sweep,1411,control,0,5,0.6328,0,0.3204,96,1,82.4
mech_md25_ppon_r05,mechanism_sweep,1411,control,1,4,0.6779,0,0.3459,81,0,100.25
mech_md25_ppon_r05,mechanism_sweep,1411,control,2,1,0.6305,0,0.0,21,0,115.0
mech_md25_ppon_r05,mechanism_sweep,1411,control,3,0,0,0,0,0,0,0
mech_md25_ppon_r05,mechanism_sweep,1411,control,4,1,0.6073,0,0.0,14,0,94.0
mech_md25_ppon_r05,mechanism_sweep,1411,treatment,0,2,0.6899,0,0.3685,40,0,91.5
mech_md25_ppon_r05,mechanism_sweep,1411,treatment,1,0,0,0,0,0,0,0
mech_md25_ppon_r05,mechanism_sweep,1411,treatment,2,2,0.6733,0,0.2372,43,0,143.5
mech_md25_ppon_r05,mechanism_sweep,1411,treatment,3,2,0.6516,0,0.1761,38,0,59.0
mech_md25_ppon_r05,mechanism_sweep,1411,treatment,4,8,0.3937,0,0.0376,83,5,80.38
mech_md25_ppon_r05,mechanism_sweep,1548,control,0,3,0.653,0,0.2709,66,3,82.0
mech_md25_ppon_r05,mechanism_sweep,1548,control,1,4,0.61,0,0.2659,77,2,112.5
mech_md25_ppon_r05,mechanism_sweep,1548,control,2,1,0.6196,0,0.0,21,0,163.0
mech_md25_ppon_r05,mechanism_sweep,1548,control,3,2,0.6123,0,0.2969,38,0,91.5
mech_md25_ppon_r05,mechanism_sweep,1548,control,4,1,0.6597,0,0.0,20,0,90.0
mech_md25_ppon_r05,mechanism_sweep,1548,treatment,0,6,0.6574,0,0.3306,124,2,116.0
mech_md25_ppon_r05,mechanism_sweep,1548,treatment,1,4,0.5882,0,0.3255,78,0,69.75
mech_md25_ppon_r05,mechanism_sweep,1548,treatment,2,3,0.5423,0,0.3412,58,0,74.83
mech_md25_ppon_r05,mechanism_sweep,1548,treatment,3,1,0.7181,0,0.0,22,2,120.0
mech_md25_ppon_r05,mechanism_sweep,1548,treatment,4,0,0,0,0,0,0,0
mech_md25_ppon_r05,mechanism_sweep,1685,control,0,9,0.5849,0,0.2611,161,13,94.44
mech_md25_ppon_r05,mechanism_sweep,1685,control,1,8,0.52,0,0.2823,122,10,112.38
mech_md25_ppon_r05,mechanism_sweep,1685,control,2,3,0.6404,0,0.2859,61,4,104.0
mech_md25_ppon_r05,mechanism_sweep,1685,control,3,22,0.5234,0,0.2203,320,30,113.59
mech_md25_ppon_r05,mechanism_sweep,1685,control,4,2,0.6221,0,0.0329,42,2,110.0
mech_md25_ppon_r05,mechanism_sweep,1685,treatment,0,12,0.6013,0,0.3246,207,7,103.5
mech_md25_ppon_r05,mechanism_sweep,1685,treatment,1,5,0.4662,0,0.2521,68,3,103.7
mech_md25_ppon_r05,mechanism_sweep,1685,treatment,2,4,0.6257,0,0.2193,72,5,91.75
mech_md25_ppon_r05,mechanism_sweep,1685,treatment,3,1,0.7877,0,0.0,22,2,120.0
mech_md25_ppon_r05,mechanism_sweep,1685,treatment,4,0,0,0,0,0,0,0
mech_md25_ppon_r05,mechanism_sweep,1822,control,0,6,0.4931,0,0.3026,86,7,93.33
mech_md25_ppon_r05,mechanism_sweep,1822,control,1,4,0.514,0,0.2768,69,0,91.25
mech_md25_ppon_r05,mechanism_sweep,1822,control,2,1,0.5299,0,0.0,20,0,39.0
mech_md25_ppon_r05,mechanism_sweep,1822,control,3,2,0.4952,0,0.1168,31,2,106.5
mech_md25_ppon_r05,mechanism_sweep,1822,control,4,1,0.5699,0,0.0,37,0,119.0
mech_md25_ppon_r05,mechanism_sweep,1822,treatment,0,1,0.672,0,0.0,21,1,110.0
mech_md25_ppon_r05,mechanism_sweep,1822,treatment,1,1,0.5893,0,0.0,21,0,95.0
mech_md25_ppon_r05,mechanism_sweep,1822,treatment,2,1,0.6328,0,0.0,21,0,121.0
mech_md25_ppon_r05,mechanism_sweep,1822,treatment,3,2,0.573,0,0.2299,37,1,75.0
mech_md25_ppon_r05,mechanism_sweep,1822,treatment,4,0,0,0,0,0,0,0
mech_md25_ppon_r05,mechanism_sweep,1959,control,0,6,0.6941,0,0.3686,121,2,117.0
mech_md25_ppon_r05,mechanism_sweep,1959,control,1,6,0.6827,0,0.3155,128,4,92.5
mech_md25_ppon_r05,mechanism_sweep,1959,control,2,5,0.6241,0,0.2926,86,2,110.6
mech_md25_ppon_r05,mechanism_sweep,1959,control,3,15,0.4911,0,0.1667,172,13,107.2
mech_md25_ppon_r05,mechanism_sweep,1959,control,4,10,0.5294,0,0.1686,135,4,117.8
mech_md25_ppon_r05,mechanism_sweep,1959,treatment,0,8,0.7151,0,0.2803,168,8,102.88
mech_md25_ppon_r05,mechanism_sweep,1959,treatment,1,4,0.6322,0,0.3321,78,0,110.62
mech_md25_ppon_r05,mechanism_sweep,1959,treatment,2,2,0.6218,0,0.2391,38,0,100.5
mech_md25_ppon_r05,mechanism_sweep,1959,treatment,3,4,0.5336,0,0.1944,54,2,98.25
mech_md25_ppon_r05,mechanism_sweep,1959,treatment,4,0,0,0,0,0,0,0
mech_md25_ppon_r05,mechanism_sweep,2096,control,0,6,0.646,0,0.312,119,2,121.0
mech_md25_ppon_r05,mechanism_sweep,2096,control,1,2,0.5221,0,0.2258,32,0,116.5
mech_md25_ppon_r05,mechanism_sweep,2096,control,2,4,0.6416,0,0.2455,81,2,108.5
mech_md25_ppon_r05,mechanism_sweep,2096,control,3,1,0.7051,0,0.0,41,1,60.0
mech_md25_ppon_r05,mechanism_sweep,2096,control,4,3,0.5813,0,0.3595,60,1,61.0
mech_md25_ppon_r05,mechanism_sweep,2096,treatment,0,2,0.486,0,0.2263,35,0,112.25
mech_md25_ppon_r05,mechanism_sweep,2096,treatment,1,4,0.6597,0,0.3198,83,2,105.25
mech_md25_ppon_r05,mechanism_sweep,2096,treatment,2,3,0.7193,0,0.3072,67,2,140.67
mech_md25_ppon_r05,mechanism_sweep,2096,treatment,3,5,0.6441,0,0.247,101,4,137.6
mech_md25_ppon_r05,mechanism_sweep,2096,treatment,4,3,0.604,0,0.1862,57,3,103.0
mech_md25_ppon_r05,mechanism_sweep,2233,control,0,3,0.7385,0,0.3217,65,4,115.0
mech_md25_ppon_r05,mechanism_sweep,2233,control,1,0,0,0,0,0,0,0
mech_md25_ppon_r05,mechanism_sweep,2233,control,2,2,0.569,0,0.3142,36,0,108.5
mech_md25_ppon_r05,mechanism_sweep,2233,control,3,9,0.4806,0,0.0825,92,11,93.67
mech_md25_ppon_r05,mechanism_sweep,2233,control,4,11,0.529,0,0.2327,124,7,92.18
mech_md25_ppon_r05,mechanism_sweep,2233,treatment,0,1,0.5788,0,0.0,20,0,100.0
mech_md25_ppon_r05,mechanism_sweep,2233,treatment,1,8,0.646,0,0.2393,137,11,119.94
mech_md25_ppon_r05,mechanism_sweep,2233,treatment,2,7,0.5273,0,0.2057,89,7,100.14
mech_md25_ppon_r05,mechanism_sweep,2233,treatment,3,7,0.5655,0,0.2718,111,5,107.64
mech_md25_ppon_r05,mechanism_sweep,2233,treatment,4,3,0.6129,0,0.1815,52,5,109.67
mech_md25_ppon_r05,mechanism_sweep,2370,control,0,6,0.6315,0,0.3552,116,3,105.33
mech_md25_ppon_r05,mechanism_sweep,2370,control,1,10,0.5958,0,0.312,183,7,87.7
mech_md25_ppon_r05,mechanism_sweep,2370,control,2,10,0.562,0,0.263,161,9,96.5
mech_md25_ppon_r05,mechanism_sweep,2370,control,3,3,0.6465,0,0.2825,64,1,109.0
mech_md25_ppon_r05,mechanism_sweep,2370,control,4,6,0.5832,0,0.2273,120,2,87.33
mech_md25_ppon_r05,mechanism_sweep,2370,treatment,0,7,0.5101,0,0.2709,111,6,103.14
mech_md25_ppon_r05,mechanism_sweep,2370,treatment,1,1,0.55,0,0.0,20,0,100.0
mech_md25_ppon_r05,mechanism_sweep,2370,treatment,2,1,0.7466,0,0.0,20,0,100.0
mech_md25_ppon_r05,mechanism_sweep,2370,treatment,3,0,0,0,0,0,0,0
mech_md25_ppon_r05,mechanism_sweep,2370,treatment,4,0,0,0,0,0,0,0
mech_md25_ppon_r05,mechanism_sweep,2507,control,0,3,0.6603,0,0.315,61,0,107.0
mech_md25_ppon_r05,mechanism_sweep,2507,control,1,4,0.7044,0,0.3092,86,2,139.5
mech_md25_ppon_r05,mechanism_sweep,2507,control,2,6,0.6326,0,0.3592,121,1,106.17
mech_md25_ppon_r05,mechanism_sweep,2507,control,3,8,0.6398,0,0.2785,162,1,100.75
mech_md25_ppon_r05,mechanism_sweep,2507,control,4,1,0.6721,0,0.0,20,0,100.0
mech_md25_ppon_r05,mechanism_sweep,2507,treatment,0,9,0.6289,0,0.3334,179,2,102.0
mech_md25_ppon_r05,mechanism_sweep,2507,treatment,1,8,0.6131,0,0.324,148,5,89.19
mech_md25_ppon_r05,mechanism_sweep,2507,treatment,2,4,0.5291,0,0.2671,63,3,111.75
mech_md25_ppon_r05,mechanism_sweep,2507,treatment,3,13,0.4224,0,0.2423,160,12,93.81
mech_md25_ppon_r05,mechanism_sweep,2507,treatment,4,7,0.5547,0,0.2421,96,5,101.43
mech_md25_ppon_r05,mechanism_sweep,2644,control,0,2,0.629,0,0.2272,45,1,137.5
mech_md25_ppon_r05,mechanism_sweep,2644,control,1,3,0.6371,0,0.224,60,0,96.67
mech_md25_ppon_r05,mechanism_sweep,2644,control,2,1,0.7188,0,0.0,22,2,120.0
mech_md25_ppon_r05,mechanism_sweep,2644,control,3,2,0.5443,0,0.3107,38,0,76.0
mech_md25_ppon_r05,mechanism_sweep,2644,control,4,0,0,0,0,0,0,0
mech_md25_ppon_r05,mechanism_sweep,2644,treatment,0,5,0.6618,0,0.3106,91,5,106.0
mech_md25_ppon_r05,mechanism_sweep,2644,treatment,1,14,0.5489,0,0.3041,208,18,112.64
mech_md25_ppon_r05,mechanism_sweep,2644,treatment,2,3,0.5742,0,0.1259,49,2,94.33
mech_md25_ppon_r05,mechanism_sweep,2644,treatment,3,8,0.4523,0,0.1295,100,14,112.62
mech_md25_ppon_r05,mechanism_sweep,2644,treatment,4,0,0,0,0,0,0,0
mech_md25_ppon_r05,mechanism_sweep,2781,control,0,7,0.636,0,0.2764,151,5,103.14
mech_md25_ppon_r05,mechanism_sweep,2781,control,1,8,0.632,0,0.2849,144,3,101.88
mech_md25_ppon_r05,mechanism_sweep,2781,control,2,1,0.8682,0,0.0,22,2,120.0
mech_md25_ppon_r05,mechanism_sweep,2781,control,3,3,0.6979,0,0.2621,62,1,112.33
mech_md25_ppon_r05,mechanism_sweep,2781,control,4,3,0.6628,0,0.3218,59,1,101.33
mech_md25_ppon_r05,mechanism_sweep,2781,treatment,0,18,0.6289,0,0.2277,328,18,98.14
mech_md25_ppon_r05,mechanism_sweep,2781,treatment,1,11,0.6437,0,0.253,208,6,103.02
mech_md25_ppon_r05,mechanism_sweep,2781,treatment,2,8,0.6745,0,0.2725,155,3,105.75
mech_md25_ppon_r05,mechanism_sweep,2781,treatment,3,12,0.6788,0,0.2707,218,9,98.79
mech_md25_ppon_r05,mechanism_sweep,2781,treatment,4,9,0.7446,0,0.2679,184,5,104.61
mech_md25_ppon_r05,mechanism_sweep,2918,control,0,5,0.6191,0,0.3649,89,0,110.6
mech_md25_ppon_r05,mechanism_sweep,2918,control,1,6,0.5514,0,0.2627,98,4,120.67
mech_md25_ppon_r05,mechanism_sweep,2918,control,2,32,0.4556,0,0.1216,344,42,117.41
mech_md25_ppon_r05,mechanism_sweep,2918,control,3,16,0.3775,0,0.1803,153,17,112.44
mech_md25_ppon_r05,mechanism_sweep,2918,control,4,8,0.588,0,0.0966,117,9,118.0
mech_md25_ppon_r05,mechanism_sweep,2918,treatment,0,7,0.5942,0,0.3712,130,1,108.79
mech_md25_ppon_r05,mechanism_sweep,2918,treatment,1,3,0.5957,0,0.2283,60,2,80.83
mech_md25_ppon_r05,mechanism_sweep,2918,treatment,2,0,0,0,0,0,0,0
mech_md25_ppon_r05,mechanism_sweep,2918,treatment,3,4,0.6846,0,0.332,74,2,90.12
mech_md25_ppon_r05,mechanism_sweep,2918,treatment,4,2,0.6491,0,0.0924,38,0,68.75
mech_md25_ppon_r05,mechanism_sweep,3055,control,0,7,0.6098,0,0.3416,143,0,107.14
mech_md25_ppon_r05,mechanism_sweep,3055,control,1,5,0.5451,0,0.2806,77,4,122.0
mech_md25_ppon_r05,mechanism_sweep,3055,control,2,0,0,0,0,0,0,0
mech_md25_ppon_r05,mechanism_sweep,3055,control,3,11,0.4894,0,0.267,157,4,102.73
mech_md25_ppon_r05,mechanism_sweep,3055,control,4,4,0.3841,0,0.2716,45,1,74.5
mech_md25_ppon_r05,mechanism_sweep,3055,treatment,0,3,0.5562,0,0.2418,47,1,92.0
mech_md25_ppon_r05,mechanism_sweep,3055,treatment,1,6,0.6613,0,0.2735,122,0,104.33
mech_md25_ppon_r05,mechanism_sweep,3055,treatment,2,7,0.6484,0,0.3003,146,1,108.93
mech_md25_ppon_r05,mechanism_sweep,3055,treatment,3,4,0.7089,0,0.3276,83,3,72.38
mech_md25_ppon_r05,mechanism_sweep,3055,treatment,4,5,0.6571,0,0.2159,97,3,113.8
mech_md25_ppon_r05,mechanism_sweep,3192,control,0,2,0.6292,0,0.2497,42,1,112.5
mech_md25_ppon_r05,mechanism_sweep,3192,control,1,4,0.649,0,0.2669,81,2,90.75
mech_md25_ppon_r05,mechanism_sweep,3192,control,2,0,0,0,0,0,0,0
mech_md25_ppon_r05,mechanism_sweep,3192,control,3,3,0.6468,0,0.3146,64,1,139.67
mech_md25_ppon_r05,mechanism_sweep,3192,control,4,4,0.5342,0,0.113,67,7,120.25
mech_md25_ppon_r05,mechanism_sweep,3192,treatment,0,8,0.5786,0,0.3017,134,3,108.38
mech_md25_ppon_r05,mechanism_sweep,3192,treatment,1,2,0.5769,0,0.2544,39,0,85.5
mech_md25_ppon_r05,mechanism_sweep,3192,treatment,2,20,0.4311,0,0.1717,187,16,108.92
mech_md25_ppon_r05,mechanism_sweep,3192,treatment,3,3,0.6873,0,0.1805,44,3,105.0
mech_md25_ppon_r05,mechanism_sweep,3192,treatment,4,1,0.6902,0,0.0,21,1,120.0
mech_md25_ppon_r05,mechanism_sweep,3329,control,0,5,0.6206,0,0.355,110,0,103.8
mech_md25_ppon_r05,mechanism_sweep,3329,control,1,3,0.6509,0,0.3301,61,0,111.33
mech_md25_ppon_r05,mechanism_sweep,3329,control,2,4,0.6284,0,0.1994,83,4,120.5
mech_md25_ppon_r05,mechanism_sweep,3329,control,3,2,0.5919,0,0.2128,42,0,122.5
mech_md25_ppon_r05,mechanism_sweep,3329,control,4,1,0.6198,0,0.0,21,0,117.0
mech_md25_ppon_r05,mechanism_sweep,3329,treatment,0,10,0.5389,0,0.3174,173,3,111.45
mech_md25_ppon_r05,mechanism_sweep,3329,treatment,1,4,0.6933,0,0.2619,80,0,125.62
mech_md25_ppon_r05,mechanism_sweep,3329,treatment,2,2,0.7384,0,0.3003,40,0,123.5
mech_md25_ppon_r05,mechanism_sweep,3329,treatment,3,1,0.735,0,0.0,20,0,122.25
mech_md25_ppon_r05,mechanism_sweep,3329,treatment,4,3,0.6586,0,0.2681,58,1,122.67
mech_md25_ppon_r05,mechanism_sweep,3466,control,0,2,0.6487,0,0.3351,41,1,101.0
mech_md25_ppon_r05,mechanism_sweep,3466,control,1,14,0.5418,0,0.2512,216,17,101.93
mech_md25_ppon_r05,mechanism_sweep,3466,control,2,7,0.4855,0,0.2032,99,3,89.29
mech_md25_ppon_r05,mechanism_sweep,3466,control,3,27,0.4596,0,0.2371,345,36,86.96
mech_md25_ppon_r05,mechanism_sweep,3466,control,4,11,0.4468,0,0.1648,131,19,99.91
mech_md25_ppon_r05,mechanism_sweep,3466,treatment,0,2,0.6691,0,0.3755,40,0,98.0
mech_md25_ppon_r05,mechanism_sweep,3466,treatment,1,3,0.5769,0,0.2835,61,1,84.0
mech_md25_ppon_r05,mechanism_sweep,3466,treatment,2,1,0.5437,0,0.0,20,0,87.0
mech_md25_ppon_r05,mechanism_sweep,3466,treatment,3,6,0.6624,0,0.247,118,2,115.08
mech_md25_ppon_r05,mechanism_sweep,3466,treatment,4,4,0.6383,0,0.2963,76,0,127.5
mech_md25_ppon_r05,mechanism_sweep,3603,control,0,7,0.6289,0,0.3026,140,1,93.0
mech_md25_ppon_r05,mechanism_sweep,3603,control,1,2,0.7775,0,0.2689,43,4,91.0
mech_md25_ppon_r05,mechanism_sweep,3603,control,2,1,0.5722,0,0.0,20,0,100.0
mech_md25_ppon_r05,mechanism_sweep,3603,control,3,4,0.5341,0,0.3326,65,1,103.5
mech_md25_ppon_r05,mechanism_sweep,3603,control,4,3,0.7592,0,0.1169,66,5,133.0
mech_md25_ppon_r05,mechanism_sweep,3603,treatment,0,2,0.6606,0,0.3943,41,1,105.0
mech_md25_ppon_r05,mechanism_sweep,3603,treatment,1,9,0.6194,0,0.3055,163,5,108.67
mech_md25_ppon_r05,mechanism_sweep,3603,treatment,2,9,0.5945,0,0.1724,141,10,104.17
mech_md25_ppon_r05,mechanism_sweep,3603,treatment,3,5,0.6523,0,0.2149,82,4,103.6
mech_md25_ppon_r05,mechanism_sweep,3603,treatment,4,2,0.7978,0,0.0597,43,3,131.5
mech_md25_ppon_r05,mechanism_sweep,3740,control,0,7,0.6382,0,0.3285,144,2,106.29
mech_md25_ppon_r05,mechanism_sweep,3740,control,1,6,0.5857,0,0.2611,106,2,100.33
mech_md25_ppon_r05,mechanism_sweep,3740,control,2,7,0.6935,0,0.2708,140,4,106.86
mech_md25_ppon_r05,mechanism_sweep,3740,control,3,3,0.7336,0,0.1772,63,0,133.0
mech_md25_ppon_r05,mechanism_sweep,3740,control,4,2,0.8129,0,0.2647,43,3,115.0
mech_md25_ppon_r05,mechanism_sweep,3740,treatment,0,8,0.6424,0,0.3158,160,6,88.62
mech_md25_ppon_r05,mechanism_sweep,3740,treatment,1,1,0.6906,0,0.0,21,0,126.0
mech_md25_ppon_r05,mechanism_sweep,3740,treatment,2,3,0.6188,0,0.3365,62,0,103.67
mech_md25_ppon_r05,mechanism_sweep,3740,treatment,3,0,0,0,0,0,0,0
mech_md25_ppon_r05,mechanism_sweep,3740,treatment,4,1,0.8035,0,0.0,23,2,109.0
mech_md25_ppon_r05,mechanism_sweep,3877,control,0,5,0.6874,0,0.2605,103,2,97.0
mech_md25_ppon_r05,mechanism_sweep,3877,control,1,3,0.7159,0,0.1595,65,2,135.33
mech_md25_ppon_r05,mechanism_sweep,3877,control,2,3,0.6671,0,0.1778,60,3,132.0
mech_md25_ppon_r05,mechanism_sweep,3877,control,3,9,0.4727,0,0.1487,123,14,110.0
mech_md25_ppon_r05,mechanism_sweep,3877,control,4,3,0.4268,0,0.1318,41,2,109.0
mech_md25_ppon_r05,mechanism_sweep,3877,treatment,0,1,0.5746,0,0.0,20,0,100.0
mech_md25_ppon_r05,mechanism_sweep,3877,treatment,1,1,0.5167,0,0.0,10,0,51.0
mech_md25_ppon_r05,mechanism_sweep,3877,treatment,2,0,0,0,0,0,0,0
mech_md25_ppon_r05,mechanism_sweep,3877,treatment,3,0,0,0,0,0,0,0
mech_md25_ppon_r05,mechanism_sweep,3877,treatment,4,1,0.7678,0,0.0,22,1,185.0
mech_md25_ppon_r05,mechanism_sweep,4014,control,0,8,0.709,0,0.2891,170,7,107.88
mech_md25_ppon_r05,mechanism_sweep,4014,control,1,9,0.6016,0,0.2537,166,6,108.44
mech_md25_ppon_r05,mechanism_sweep,4014,control,2,8,0.5814,0,0.2115,143,5,112.0
mech_md25_ppon_r05,mechanism_sweep,4014,control,3,50,0.474,0,0.2292,666,81,111.56
mech_md25_ppon_r05,mechanism_sweep,4014,control,4,12,0.5621,0,0.1733,196,13,119.67
mech_md25_ppon_r05,mechanism_sweep,4014,treatment,0,8,0.6679,0,0.3281,159,6,98.88
mech_md25_ppon_r05,mechanism_sweep,4014,treatment,1,3,0.6801,0,0.3062,62,2,109.0
mech_md25_ppon_r05,mechanism_sweep,4014,treatment,2,0,0,0,0,0,0,0
mech_md25_ppon_r05,mechanism_sweep,4014,treatment,3,0,0,0,0,0,0,0
mech_md25_ppon_r05,mechanism_sweep,4014,treatment,4,0,0,0,0,0,0,0
mech_md25_ppon_r05,mechanism_sweep,4151,control,0,3,0.5273,0,0.301,49,3,124.67
mech_md25_ppon_r05,mechanism_sweep,4151,control,1,5,0.6562,0,0.3512,102,2,104.0
mech_md25_ppon_r05,mechanism_sweep,4151,control,2,0,0,0,0,0,0,0
mech_md25_ppon_r05,mechanism_sweep,4151,control,3,2,0.7289,0,0.246,41,1,103.5
mech_md25_ppon_r05,mechanism_sweep,4151,control,4,2,0.6521,0,0.2304,37,2,101.0
mech_md25_ppon_r05,mechanism_sweep,4151,treatment,0,8,0.6212,0,0.32,156,5,106.75
mech_md25_ppon_r05,mechanism_sweep,4151,treatment,1,11,0.6023,0,0.2981,202,14,101.09
mech_md25_ppon_r05,mechanism_sweep,4151,treatment,2,5,0.5675,0,0.2541,97,3,89.0
mech_md25_ppon_r05,mechanism_sweep,4151,treatment,3,2,0.3122,0,0.0074,21,0,89.5
mech_md25_ppon_r05,mechanism_sweep,4151,treatment,4,0,0,0,0,0,0,0
mech_md25_ppon_r05,mechanism_sweep,4288,control,0,2,0.6489,0,0.2362,44,1,146.5
mech_md25_ppon_r05,mechanism_sweep,4288,control,1,10,0.6308,0,0.2887,194,12,125.4
mech_md25_ppon_r05,mechanism_sweep,4288,control,2,7,0.5762,0,0.2774,135,1,109.57
mech_md25_ppon_r05,mechanism_sweep,4288,control,3,6,0.6408,0,0.3137,111,2,98.33
mech_md25_ppon_r05,mechanism_sweep,4288,control,4,6,0.6362,0,0.3221,113,0,125.83
mech_md25_ppon_r05,mechanism_sweep,4288,treatment,0,8,0.6535,0,0.2978,162,7,105.69
mech_md25_ppon_r05,mechanism_sweep,4288,treatment,1,2,0.5982,0,0.3023,41,0,108.5
mech_md25_ppon_r05,mechanism_sweep,4288,treatment,2,3,0.5711,0,0.1903,57,1,79.33
mech_md25_ppon_r05,mechanism_sweep,4288,treatment,3,4,0.5186,0,0.1959,61,3,75.5
mech_md25_ppon_r05,mechanism_sweep,4288,treatment,4,1,0.5493,0,0.0,19,0,116.0
mech_md25_ppon_r05,mechanism_sweep,4425,control,0,8,0.537,0,0.2318,137,10,108.12
mech_md25_ppon_r05,mechanism_sweep,4425,control,1,1,0.6079,0,0.0,20,0,93.0
mech_md25_ppon_r05,mechanism_sweep,4425,control,2,6,0.599,0,0.246,117,2,110.33
mech_md25_ppon_r05,mechanism_sweep,4425,control,3,2,0.6691,0,0.2327,43,1,141.0
mech_md25_ppon_r05,mechanism_sweep,4425,control,4,13,0.5058,0,0.2041,194,10,111.54
mech_md25_ppon_r05,mechanism_sweep,4425,treatment,0,7,0.67,0,0.2863,146,2,116.14
mech_md25_ppon_r05,mechanism_sweep,4425,treatment,1,1,0.5214,0,0.0,19,0,103.0
mech_md25_ppon_r05,mechanism_sweep,4425,treatment,2,1,0.2741,0,0.0,7,0,88.0
mech_md25_ppon_r05,mechanism_sweep,4425,treatment,3,3,0.4013,0,0.0788,26,1,98.67
mech_md25_ppon_r05,mechanism_sweep,4425,treatment,4,0,0,0,0,0,0,0
mech_md25_ppon_r05,mechanism_sweep,4562,control,0,4,0.6126,0,0.3073,72,1,86.25
mech_md25_ppon_r05,mechanism_sweep,4562,control,1,1,0.7627,0,0.0,22,1,127.0
mech_md25_ppon_r05,mechanism_sweep,4562,control,2,3,0.7053,0,0.1822,72,2,79.33
mech_md25_ppon_r05,mechanism_sweep,4562,control,3,2,0.5706,0,0.2223,38,0,91.5
mech_md25_ppon_r05,mechanism_sweep,4562,control,4,0,0,0,0,0,0,0
mech_md25_ppon_r05,mechanism_sweep,4562,treatment,0,6,0.6409,0,0.3347,122,1,102.5
mech_md25_ppon_r05,mechanism_sweep,4562,treatment,1,7,0.5514,0,0.3016,103,4,117.07
mech_md25_ppon_r05,mechanism_sweep,4562,treatment,2,2,0.7158,0,0.4088,42,0,153.0
mech_md25_ppon_r05,mechanism_sweep,4562,treatment,3,0,0,0,0,0,0,0
mech_md25_ppon_r05,mechanism_sweep,4562,treatment,4,6,0.5208,0,0.2709,91,0,81.67
mech_md25_ppon_r05,mechanism_sweep,4699,control,0,4,0.6815,0,0.2958,79,4,114.75
mech_md25_ppon_r05,mechanism_sweep,4699,control,1,6,0.6021,0,0.2416,117,4,92.33
mech_md25_ppon_r05,mechanism_sweep,4699,control,2,1,0.7476,0,0.0,21,1,105.0
mech_md25_ppon_r05,mechanism_sweep,4699,control,3,1,0.6688,0,0.0,18,1,13.0
mech_md25_ppon_r05,mechanism_sweep,4699,control,4,7,0.4816,0,0.1842,83,4,112.71
mech_md25_ppon_r05,mechanism_sweep,4699,treatment,0,11,0.6113,0,0.2706,206,4,99.77
mech_md25_ppon_r05,mechanism_sweep,4699,treatment,1,3,0.5941,0,0.2164,61,1,93.0
mech_md25_ppon_r05,mechanism_sweep,4699,treatment,2,2,0.6336,0,0.4468,34,1,96.0
mech_md25_ppon_r05,mechanism_sweep,4699,treatment,3,0,0,0,0,0,0,0
mech_md25_ppon_r05,mechanism_sweep,4699,treatment,4,3,0.597,0,0.2745,51,1,87.33
mech_md25_ppon_r05,mechanism_sweep,4836,control,0,4,0.6456,0,0.3319,83,1,121.75
mech_md25_ppon_r05,mechanism_sweep,4836,control,1,10,0.4659,0,0.27,126,13,111.4
mech_md25_ppon_r05,mechanism_sweep,4836,control,2,2,0.7361,0,0.1719,43,1,113.0
mech_md25_ppon_r05,mechanism_sweep,4836,control,3,0,0,0,0,0,0,0
mech_md25_ppon_r05,mechanism_sweep,4836,control,4,1,0.6983,0,0.0,21,1,110.0
mech_md25_ppon_r05,mechanism_sweep,4836,treatment,0,8,0.6548,0,0.3205,166,2,118.62
mech_md25_ppon_r05,mechanism_sweep,4836,treatment,1,27,0.557,0,0.2902,432,33,105.09
mech_md25_ppon_r05,mechanism_sweep,4836,treatment,2,15,0.508,0,0.296,231,15,109.47
mech_md25_ppon_r05,mechanism_sweep,4836,treatment,3,5,0.6637,0,0.3575,103,3,107.1
mech_md25_ppon_r05,mechanism_sweep,4836,treatment,4,5,0.6415,0,0.2953,97,1,115.0
mech_md25_ppon_r05,mechanism_sweep,4973,control,0,6,0.5955,0,0.2554,116,1,96.33
mech_md25_ppon_r05,mechanism_sweep,4973,control,1,8,0.6328,0,0.2475,155,8,116.12
mech_md25_ppon_r05,mechanism_sweep,4973,control,2,23,0.4138,0,0.2453,251,19,98.09
mech_md25_ppon_r05,mechanism_sweep,4973,control,3,4,0.5774,0,0.1927,68,2,76.75
mech_md25_ppon_r05,mechanism_sweep,4973,control,4,9,0.569,0,0.2373,144,12,112.0
mech_md25_ppon_r05,mechanism_sweep,4973,treatment,0,4,0.6648,0,0.3116,82,1,108.25
mech_md25_ppon_r05,mechanism_sweep,4973,treatment,1,8,0.588,0,0.2709,158,7,99.62
mech_md25_ppon_r05,mechanism_sweep,4973,treatment,2,28,0.5188,0,0.2632,375,31,108.12
mech_md25_ppon_r05,mechanism_sweep,4973,treatment,3,7,0.5807,0,0.2997,119,5,105.21
mech_md25_ppon_r05,mechanism_sweep,4973,treatment,4,79,0.3768,0,0.2287,644,86,112.62
mech_md25_ppon_r10,mechanism_sweep,1000,control,0,2,0.6167,0,0.2905,36,0,99.5
mech_md25_ppon_r10,mechanism_sweep,1000,control,1,0,0,0,0,0,0,0
mech_md25_ppon_r10,mechanism_sweep,1000,control,2,4,0.6569,0,0.2604,92,0,117.0
mech_md25_ppon_r10,mechanism_sweep,1000,control,3,1,0.6501,0,0.0,22,1,101.0
mech_md25_ppon_r10,mechanism_sweep,1000,control,4,5,0.6024,0,0.1985,92,5,105.0
mech_md25_ppon_r10,mechanism_sweep,1000,treatment,0,51,0.4699,0,0.2434,613,83,106.48
mech_md25_ppon_r10,mechanism_sweep,1000,treatment,1,34,0.535,0,0.25,480,36,103.82
mech_md25_ppon_r10,mechanism_sweep,1000,treatment,2,26,0.4526,0,0.2898,285,25,93.85
mech_md25_ppon_r10,mechanism_sweep,1000,treatment,3,12,0.5464,0,0.2436,169,14,120.23
mech_md25_ppon_r10,mechanism_sweep,1000,treatment,4,74,0.4439,0,0.2325,775,93,109.9
mech_md25_ppon_r10,mechanism_sweep,1137,control,0,4,0.6478,0,0.3082,83,1,124.0
mech_md25_ppon_r10,mechanism_sweep,1137,control,1,8,0.6582,0,0.2846,162,3,109.62
mech_md25_ppon_r10,mechanism_sweep,1137,control,2,2,0.7375,0,0.2362,43,1,119.5
mech_md25_ppon_r10,mechanism_sweep,1137,control,3,2,0.6401,0,0.2271,42,0,148.5
mech_md25_ppon_r10,mechanism_sweep,1137,control,4,2,0.654,0,0.1709,41,1,105.0
mech_md25_ppon_r10,mechanism_sweep,1137,treatment,0,0,0,0,0,0,0,0
mech_md25_ppon_r10,mechanism_sweep,1137,treatment,1,9,0.5295,0,0.2128,135,6,103.33
mech_md25_ppon_r10,mechanism_sweep,1137,treatment,2,8,0.7059,0,0.2573,160,6,120.0
mech_md25_ppon_r10,mechanism_sweep,1137,treatment,3,4,0.5478,0,0.2818,68,0,118.38
mech_md25_ppon_r10,mechanism_sweep,1137,treatment,4,3,0.6544,0,0.2329,57,0,102.17
mech_md25_ppon_r10,mechanism_sweep,1274,control,0,3,0.6672,0,0.2438,56,2,71.67
mech_md25_ppon_r10,mechanism_sweep,1274,control,1,1,0.7799,0,0.0,20,1,103.0
mech_md25_ppon_r10,mechanism_sweep,1274,control,2,3,0.4704,0,0.2325,45,1,105.0
mech_md25_ppon_r10,mechanism_sweep,1274,control,3,5,0.6158,0,0.1527,79,2,106.0
mech_md25_ppon_r10,mechanism_sweep,1274,control,4,0,0,0,0,0,0,0
mech_md25_ppon_r10,mechanism_sweep,1274,treatment,0,7,0.6578,0,0.286,136,2,108.36
mech_md25_ppon_r10,mechanism_sweep,1274,treatment,1,10,0.5721,0,0.234,167,10,112.5
mech_md25_ppon_r10,mechanism_sweep,1274,treatment,2,13,0.5801,0,0.1871,206,15,113.67
mech_md25_ppon_r10,mechanism_sweep,1274,treatment,3,7,0.5454,0,0.1957,116,3,118.43
mech_md25_ppon_r10,mechanism_sweep,1274,treatment,4,6,0.6334,0,0.211,116,1,108.5
mech_md25_ppon_r10,mechanism_sweep,1411,control,0,5,0.6328,0,0.3204,96,1,82.4
mech_md25_ppon_r10,mechanism_sweep,1411,control,1,4,0.6779,0,0.3459,81,0,100.25
mech_md25_ppon_r10,mechanism_sweep,1411,control,2,1,0.6305,0,0.0,21,0,115.0
mech_md25_ppon_r10,mechanism_sweep,1411,control,3,0,0,0,0,0,0,0
mech_md25_ppon_r10,mechanism_sweep,1411,control,4,1,0.6073,0,0.0,14,0,94.0
mech_md25_ppon_r10,mechanism_sweep,1411,treatment,0,16,0.4578,0,0.2765,199,22,86.25
mech_md25_ppon_r10,mechanism_sweep,1411,treatment,1,9,0.6739,0,0.2865,184,11,107.25
mech_md25_ppon_r10,mechanism_sweep,1411,treatment,2,2,0.7119,0,0.3632,41,2,104.75
mech_md25_ppon_r10,mechanism_sweep,1411,treatment,3,7,0.5975,0,0.2492,121,9,106.64
mech_md25_ppon_r10,mechanism_sweep,1411,treatment,4,0,0,0,0,0,0,0
mech_md25_ppon_r10,mechanism_sweep,1548,control,0,3,0.653,0,0.2709,66,3,82.0
mech_md25_ppon_r10,mechanism_sweep,1548,control,1,4,0.61,0,0.2659,77,2,112.5
mech_md25_ppon_r10,mechanism_sweep,1548,control,2,1,0.6196,0,0.0,21,0,163.0
mech_md25_ppon_r10,mechanism_sweep,1548,control,3,2,0.6123,0,0.2969,38,0,91.5
mech_md25_ppon_r10,mechanism_sweep,1548,control,4,1,0.6597,0,0.0,20,0,90.0
mech_md25_ppon_r10,mechanism_sweep,1548,treatment,0,6,0.6878,0,0.3159,124,2,114.92
mech_md25_ppon_r10,mechanism_sweep,1548,treatment,1,1,0.5545,0,0.0,20,0,100.0
mech_md25_ppon_r10,mechanism_sweep,1548,treatment,2,1,0.6228,0,0.0,20,0,132.5
mech_md25_ppon_r10,mechanism_sweep,1548,treatment,3,1,0.6214,0,0.0,21,0,129.75
mech_md25_ppon_r10,mechanism_sweep,1548,treatment,4,1,0.6041,0,0.0,20,0,100.0
mech_md25_ppon_r10,mechanism_sweep,1685,control,0,9,0.5849,0,0.2611,161,13,94.44
mech_md25_ppon_r10,mechanism_sweep,1685,control,1,8,0.52,0,0.2823,122,10,112.38
mech_md25_ppon_r10,mechanism_sweep,1685,control,2,3,0.6404,0,0.2859,61,4,104.0
mech_md25_ppon_r10,mechanism_sweep,1685,control,3,22,0.5234,0,0.2203,320,30,113.59
mech_md25_ppon_r10,mechanism_sweep,1685,control,4,2,0.6221,0,0.0329,42,2,110.0
mech_md25_ppon_r10,mechanism_sweep,1685,treatment,0,1,0.6682,0,0.0,20,1,60.0
mech_md25_ppon_r10,mechanism_sweep,1685,treatment,1,2,0.4869,0,0.2751,28,0,94.5
mech_md25_ppon_r10,mechanism_sweep,1685,treatment,2,2,0.766,0,0.4374,41,2,122.0
mech_md25_ppon_r10,mechanism_sweep,1685,treatment,3,6,0.6738,0,0.1311,109,5,117.83
mech_md25_ppon_r10,mechanism_sweep,1685,treatment,4,1,0.7343,0,0.0,21,0,134.0
mech_md25_ppon_r10,mechanism_sweep,1822,control,0,6,0.4931,0,0.3026,86,7,93.33
mech_md25_ppon_r10,mechanism_sweep,1822,control,1,4,0.514,0,0.2768,69,0,91.25
mech_md25_ppon_r10,mechanism_sweep,1822,control,2,1,0.5299,0,0.0,20,0,39.0
mech_md25_ppon_r10,mechanism_sweep,1822,control,3,2,0.4952,0,0.1168,31,2,106.5
mech_md25_ppon_r10,mechanism_sweep,1822,control,4,1,0.5699,0,0.0,37,0,119.0
mech_md25_ppon_r10,mechanism_sweep,1822,treatment,0,12,0.4474,0,0.3097,151,7,104.58
mech_md25_ppon_r10,mechanism_sweep,1822,treatment,1,9,0.5887,0,0.3126,158,3,115.56
mech_md25_ppon_r10,mechanism_sweep,1822,treatment,2,3,0.4905,0,0.3921,45,0,124.33
mech_md25_ppon_r10,mechanism_sweep,1822,treatment,3,0,0,0,0,0,0,0
mech_md25_ppon_r10,mechanism_sweep,1822,treatment,4,1,0.6326,0,0.0,16,0,89.0
mech_md25_ppon_r10,mechanism_sweep,1959,control,0,6,0.6941,0,0.3686,121,2,117.0
mech_md25_ppon_r10,mechanism_sweep,1959,control,1,6,0.6827,0,0.3155,128,4,92.5
mech_md25_ppon_r10,mechanism_sweep,1959,control,2,5,0.6241,0,0.2926,86,2,110.6
mech_md25_ppon_r10,mechanism_sweep,1959,control,3,15,0.4911,0,0.1667,172,13,107.2
mech_md25_ppon_r10,mechanism_sweep,1959,control,4,10,0.5294,0,0.1686,135,4,117.8
mech_md25_ppon_r10,mechanism_sweep,1959,treatment,0,19,0.5262,0,0.2981,265,6,98.82
mech_md25_ppon_r10,mechanism_sweep,1959,treatment,1,31,0.4966,0,0.2712,368,19,111.89
mech_md25_ppon_r10,mechanism_sweep,1959,treatment,2,1,0.5171,0,0.0,13,0,112.0
mech_md25_ppon_r10,mechanism_sweep,1959,treatment,3,9,0.6084,0,0.1905,130,7,110.83
mech_md25_ppon_r10,mechanism_sweep,1959,treatment,4,9,0.5576,0,0.1888,109,11,87.17
mech_md25_ppon_r10,mechanism_sweep,2096,control,0,6,0.646,0,0.312,119,2,121.0
mech_md25_ppon_r10,mechanism_sweep,2096,control,1,2,0.5221,0,0.2258,32,0,116.5
mech_md25_ppon_r10,mechanism_sweep,2096,control,2,4,0.6416,0,0.2455,81,2,108.5
mech_md25_ppon_r10,mechanism_sweep,2096,control,3,1,0.7051,0,0.0,41,1,60.0
mech_md25_ppon_r10,mechanism_sweep,2096,control,4,3,0.5813,0,0.3595,60,1,61.0
mech_md25_ppon_r10,mechanism_sweep,2096,treatment,0,4,0.7239,0,0.3162,82,4,100.25
mech_md25_ppon_r10,mechanism_sweep,2096,treatment,1,8,0.5814,0,0.2117,137,7,111.25
mech_md25_ppon_r10,mechanism_sweep,2096,treatment,2,4,0.7346,0,0.2916,84,3,115.0
mech_md25_ppon_r10,mechanism_sweep,2096,treatment,3,3,0.7169,0,0.206,60,1,107.17
mech_md25_ppon_r10,mechanism_sweep,2096,treatment,4,3,0.6611,0,0.2667,52,1,109.17
mech_md25_ppon_r10,mechanism_sweep,2233,control,0,3,0.7385,0,0.3217,65,4,115.0
mech_md25_ppon_r10,mechanism_sweep,2233,control,1,0,0,0,0,0,0,0
mech_md25_ppon_r10,mechanism_sweep,2233,control,2,2,0.569,0,0.3142,36,0,108.5
mech_md25_ppon_r10,mechanism_sweep,2233,control,3,9,0.4806,0,0.0825,92,11,93.67
mech_md25_ppon_r10,mechanism_sweep,2233,control,4,11,0.529,0,0.2327,124,7,92.18
mech_md25_ppon_r10,mechanism_sweep,2233,treatment,0,3,0.5907,0,0.3723,52,0,82.0
mech_md25_ppon_r10,mechanism_sweep,2233,treatment,1,2,0.7133,0,0.3614,43,2,126.0
mech_md25_ppon_r10,mechanism_sweep,2233,treatment,2,0,0,0,0,0,0,0
mech_md25_ppon_r10,mechanism_sweep,2233,treatment,3,0,0,0,0,0,0,0
mech_md25_ppon_r10,mechanism_sweep,2233,treatment,4,0,0,0,0,0,0,0
mech_md25_ppon_r10,mechanism_sweep,2370,control,0,6,0.6315,0,0.3552,116,3,105.33
mech_md25_ppon_r10,mechanism_sweep,2370,control,1,10,0.5958,0,0.312,183,7,87.7
mech_md25_ppon_r10,mechanism_sweep,2370,control,2,10,0.562,0,0.263,161,9,96.5
mech_md25_ppon_r10,mechanism_sweep,2370,control,3,3,0.6465,0,0.2825,64,1,109.0
mech_md25_ppon_r10,mechanism_sweep,2370,control,4,6,0.5832,0,0.2273,120,2,87.33
mech_md25_ppon_r10,mechanism_sweep,2370,treatment,0,6,0.6667,0,0.3083,118,1,81.58
mech_md25_ppon_r10,mechanism_sweep,2370,treatment,1,16,0.6832,0,0.3039,303,10,105.09
mech_md25_ppon_r10,mechanism_sweep,2370,treatment,2,10,0.6531,0,0.2774,199,4,124.62
mech_md25_ppon_r10,mechanism_sweep,2370,treatment,3,12,0.586,0,0.2821,206,6,113.92
mech_md25_ppon_r10,mechanism_sweep,2370,treatment,4,15,0.5038,0,0.2975,194,16,108.03
mech_md25_ppon_r10,mechanism_sweep,2507,control,0,3,0.6603,0,0.315,61,0,107.0
mech_md25_ppon_r10,mechanism_sweep,2507,control,1,4,0.7044,0,0.3092,86,2,139.5
mech_md25_ppon_r10,mechanism_sweep,2507,control,2,6,0.6326,0,0.3592,121,1,106.17
mech_md25_ppon_r10,mechanism_sweep,2507,control,3,8,0.6398,0,0.2785,162,1,100.75
mech_md25_ppon_r10,mechanism_sweep,2507,control,4,1,0.6721,0,0.0,20,0,100.0
mech_md25_ppon_r10,mechanism_sweep,2507,treatment,0,5,0.6317,0,0.3498,111,1,118.6
mech_md25_ppon_r10,mechanism_sweep,2507,treatment,1,6,0.5964,0,0.3169,106,7,95.17
mech_md25_ppon_r10,mechanism_sweep,2507,treatment,2,4,0.614,0,0.239,76,6,118.5
mech_md25_ppon_r10,mechanism_sweep,2507,treatment,3,14,0.4855,0,0.248,187,14,132.82
mech_md25_ppon_r10,mechanism_sweep,2507,treatment,4,6,0.5649,0,0.2572,98,2,117.58
mech_md25_ppon_r10,mechanism_sweep,2644,control,0,2,0.629,0,0.2272,45,1,137.5
mech_md25_ppon_r10,mechanism_sweep,2644,control,1,3,0.6371,0,0.224,60,0,96.67
mech_md25_ppon_r10,mechanism_sweep,2644,control,2,1,0.7188,0,0.0,22,2,120.0
mech_md25_ppon_r10,mechanism_sweep,2644,control,3,2,0.5443,0,0.3107,38,0,76.0
mech_md25_ppon_r10,mechanism_sweep,2644,control,4,0,0,0,0,0,0,0
mech_md25_ppon_r10,mechanism_sweep,2644,treatment,0,4,0.6029,0,0.3213,74,2,135.0
mech_md25_ppon_r10,mechanism_sweep,2644,treatment,1,6,0.5723,0,0.2906,93,0,112.83
mech_md25_ppon_r10,mechanism_sweep,2644,treatment,2,5,0.2864,0,0.137,25,5,66.8
mech_md25_ppon_r10,mechanism_sweep,2644,treatment,3,0,0,0,0,0,0,0
mech_md25_ppon_r10,mechanism_sweep,2644,treatment,4,0,0,0,0,0,0,0
mech_md25_ppon_r10,mechanism_sweep,2781,control,0,7,0.636,0,0.2764,151,5,103.14
mech_md25_ppon_r10,mechanism_sweep,2781,control,1,8,0.632,0,0.2849,144,3,101.88
mech_md25_ppon_r10,mechanism_sweep,2781,control,2,1,0.8682,0,0.0,22,2,120.0
mech_md25_ppon_r10,mechanism_sweep,2781,control,3,3,0.6979,0,0.2621,62,1,112.33
mech_md25_ppon_r10,mechanism_sweep,2781,control,4,3,0.6628,0,0.3218,59,1,101.33
mech_md25_ppon_r10,mechanism_sweep,2781,treatment,0,3,0.6735,0,0.3245,63,2,122.5
mech_md25_ppon_r10,mechanism_sweep,2781,treatment,1,4,0.629,0,0.3177,76,0,92.5
mech_md25_ppon_r10,mechanism_sweep,2781,treatment,2,5,0.6321,0,0.2678,106,0,114.4
mech_md25_ppon_r10,mechanism_sweep,2781,treatment,3,0,0,0,0,0,0,0
mech_md25_ppon_r10,mechanism_sweep,2781,treatment,4,2,0.7385,0,0.2788,43,0,155.0
mech_md25_ppon_r10,mechanism_sweep,2918,control,0,5,0.6191,0,0.3649,89,0,110.6
mech_md25_ppon_r10,mechanism_sweep,2918,control,1,6,0.5514,0,0.2627,98,4,120.67
mech_md25_ppon_r10,mechanism_sweep,2918,control,2,32,0.4556,0,0.1216,344,42,117.41
mech_md25_ppon_r10,mechanism_sweep,2918,control,3,16,0.3775,0,0.1803,153,17,112.44
mech_md25_ppon_r10,mechanism_sweep,2918,control,4,8,0.588,0,0.0966,117,9,118.0
mech_md25_ppon_r10,mechanism_sweep,2918,treatment,0,4,0.6461,0,0.3582,77,0,129.0
mech_md25_ppon_r10,mechanism_sweep,2918,treatment,1,3,0.6424,0,0.3384,52,1,83.0
mech_md25_ppon_r10,mechanism_sweep,2918,treatment,2,5,0.5945,0,0.2879,103,1,87.25
mech_md25_ppon_r10,mechanism_sweep,2918,treatment,3,2,0.7014,0,0.4683,40,3,131.0
mech_md25_ppon_r10,mechanism_sweep,2918,treatment,4,1,0.7338,0,0.0,20,0,108.0
mech_md25_ppon_r10,mechanism_sweep,3055,control,0,7,0.6098,0,0.3416,143,0,107.14
mech_md25_ppon_r10,mechanism_sweep,3055,control,1,5,0.5451,0,0.2806,77,4,122.0
mech_md25_ppon_r10,mechanism_sweep,3055,control,2,0,0,0,0,0,0,0
mech_md25_ppon_r10,mechanism_sweep,3055,control,3,11,0.4894,0,0.267,157,4,102.73
mech_md25_ppon_r10,mechanism_sweep,3055,control,4,4,0.3841,0,0.2716,45,1,74.5
mech_md25_ppon_r10,mechanism_sweep,3055,treatment,0,4,0.6436,0,0.3819,84,1,120.75
mech_md25_ppon_r10,mechanism_sweep,3055,treatment,1,6,0.6097,0,0.3369,123,0,93.0
mech_md25_ppon_r10,mechanism_sweep,3055,treatment,2,17,0.5719,0,0.3222,282,9,99.43
mech_md25_ppon_r10,mechanism_sweep,3055,treatment,3,18,0.4839,0,0.2726,219,20,128.93
mech_md25_ppon_r10,mechanism_sweep,3055,treatment,4,11,0.3731,0,0.2291,103,12,93.91
mech_md25_ppon_r10,mechanism_sweep,3192,control,0,2,0.6292,0,0.2497,42,1,112.5
mech_md25_ppon_r10,mechanism_sweep,3192,control,1,4,0.649,0,0.2669,81,2,90.75
mech_md25_ppon_r10,mechanism_sweep,3192,control,2,0,0,0,0,0,0,0
mech_md25_ppon_r10,mechanism_sweep,3192,control,3,3,0.6468,0,0.3146,64,1,139.67
mech_md25_ppon_r10,mechanism_sweep,3192,control,4,4,0.5342,0,0.113,67,7,120.25
mech_md25_ppon_r10,mechanism_sweep,3192,treatment,0,5,0.575,0,0.3183,95,0,119.0
mech_md25_ppon_r10,mechanism_sweep,3192,treatment,1,2,0.7134,0,0.4375,41,0,149.0
mech_md25_ppon_r10,mechanism_sweep,3192,treatment,2,6,0.6199,0,0.3001,96,1,119.75
mech_md25_ppon_r10,mechanism_sweep,3192,treatment,3,9,0.6564,0,0.2825,160,11,94.11
mech_md25_ppon_r10,mechanism_sweep,3192,treatment,4,1,0.7627,0,0.0,24,1,139.0
mech_md25_ppon_r10,mechanism_sweep,3329,control,0,5,0.6206,0,0.355,110,0,103.8
mech_md25_ppon_r10,mechanism_sweep,3329,control,1,3,0.6509,0,0.3301,61,0,111.33
mech_md25_ppon_r10,mechanism_sweep,3329,control,2,4,0.6284,0,0.1994,83,4,120.5
mech_md25_ppon_r10,mechanism_sweep,3329,control,3,2,0.5919,0,0.2128,42,0,122.5
mech_md25_ppon_r10,mechanism_sweep,3329,control,4,1,0.6198,0,0.0,21,0,117.0
mech_md25_ppon_r10,mechanism_sweep,3329,treatment,0,3,0.7248,0,0.3176,58,1,93.67
mech_md25_ppon_r10,mechanism_sweep,3329,treatment,1,2,0.7576,0,0.1668,39,1,104.5
mech_md25_ppon_r10,mechanism_sweep,3329,treatment,2,0,0,0,0,0,0,0
mech_md25_ppon_r10,mechanism_sweep,3329,treatment,3,3,0.6136,0,0.391,53,0,97.5
mech_md25_ppon_r10,mechanism_sweep,3329,treatment,4,6,0.6466,0,0.2416,105,4,118.25
mech_md25_ppon_r10,mechanism_sweep,3466,control,0,2,0.6487,0,0.3351,41,1,101.0
mech_md25_ppon_r10,mechanism_sweep,3466,control,1,14,0.5418,0,0.2512,216,17,101.93
mech_md25_ppon_r10,mechanism_sweep,3466,control,2,7,0.4855,0,0.2032,99,3,89.29
mech_md25_ppon_r10,mechanism_sweep,3466,control,3,27,0.4596,0,0.2371,345,36,86.96
mech_md25_ppon_r10,mechanism_sweep,3466,control,4,11,0.4468,0,0.1648,131,19,99.91
mech_md25_ppon_r10,mechanism_sweep,3466,treatment,0,8,0.6608,0,0.2982,162,6,103.38
mech_md25_ppon_r10,mechanism_sweep,3466,treatment,1,2,0.5915,0,0.3124,39,0,106.25
mech_md25_ppon_r10,mechanism_sweep,3466,treatment,2,6,0.5457,0,0.3242,81,5,102.75
mech_md25_ppon_r10,mechanism_sweep,3466,treatment,3,0,0,0,0,0,0,0
mech_md25_ppon_r10,mechanism_sweep,3466,treatment,4,1,0.7026,0,0.0,16,0,134.0
mech_md25_ppon_r10,mechanism_sweep,3603,control,0,7,0.6289,0,0.3026,140,1,93.0
mech_md25_ppon_r10,mechanism_sweep,3603,control,1,2,0.7775,0,0.2689,43,4,91.0
mech_md25_ppon_r10,mechanism_sweep,3603,control,2,1,0.5722,0,0.0,20,0,100.0
mech_md25_ppon_r10,mechanism_sweep,3603,control,3,4,0.5341,0,0.3326,65,1,103.5
mech_md25_ppon_r10,mechanism_sweep,3603,control,4,3,0.7592,0,0.1169,66,5,133.0
mech_md25_ppon_r10,mechanism_sweep,3603,treatment,0,1,0.5973,0,0.0,20,0,137.5
mech_md25_ppon_r10,mechanism_sweep,3603,treatment,1,10,0.5127,0,0.2367,145,12,116.45
mech_md25_ppon_r10,mechanism_sweep,3603,treatment,2,1,0.5868,0,0.0,20,0,162.5
mech_md25_ppon_r10,mechanism_sweep,3603,treatment,3,1,0.544,0,0.0,19,0,107.0
mech_md25_ppon_r10,mechanism_sweep,3603,treatment,4,9,0.4653,0,0.1333,99,12,69.22
mech_md25_ppon_r10,mechanism_sweep,3740,control,0,7,0.6382,0,0.3285,144,2,106.29
mech_md25_ppon_r10,mechanism_sweep,3740,control,1,6,0.5857,0,0.2611,106,2,100.33
mech_md25_ppon_r10,mechanism_sweep,3740,control,2,7,0.6935,0,0.2708,140,4,106.86
mech_md25_ppon_r10,mechanism_sweep,3740,control,3,3,0.7336,0,0.1772,63,0,133.0
mech_md25_ppon_r10,mechanism_sweep,3740,control,4,2,0.8129,0,0.2647,43,3,115.0
mech_md25_ppon_r10,mechanism_sweep,3740,treatment,0,8,0.5269,0,0.3188,127,5,110.47
mech_md25_ppon_r10,mechanism_sweep,3740,treatment,1,7,0.5755,0,0.333,120,3,92.68
mech_md25_ppon_r10,mechanism_sweep,3740,treatment,2,1,0.6302,0,0.0,20,0,124.0
mech_md25_ppon_r10,mechanism_sweep,3740,treatment,3,5,0.5362,0,0.2039,75,2,68.8
mech_md25_ppon_r10,mechanism_sweep,3740,treatment,4,3,0.4532,0,0.2878,33,2,67.0
mech_md25_ppon_r10,mechanism_sweep,3877,control,0,5,0.6874,0,0.2605,103,2,97.0
mech_md25_ppon_r10,mechanism_sweep,3877,control,1,3,0.7159,0,0.1595,65,2,135.33
mech_md25_ppon_r10,mechanism_sweep,3877,control,2,3,0.6671,0,0.1778,60,3,132.0
mech_md25_ppon_r10,mechanism_sweep,3877,control,3,9,0.4727,0,0.1487,123,14,110.0
mech_md25_ppon_r10,mechanism_sweep,3877,control,4,3,0.4268,0,0.1318,41,2,109.0
mech_md25_ppon_r10,mechanism_sweep,3877,treatment,0,6,0.5761,0,0.2937,114,0,108.58
mech_md25_ppon_r10,mechanism_sweep,3877,treatment,1,3,0.6264,0,0.2873,58,0,100.17
mech_md25_ppon_r10,mechanism_sweep,3877,treatment,2,4,0.6559,0,0.3226,82,0,141.25
mech_md25_ppon_r10,mechanism_sweep,3877,treatment,3,5,0.6054,0,0.2216,80,3,79.25
mech_md25_ppon_r10,mechanism_sweep,3877,treatment,4,2,0.6544,0,0.3238,49,0,107.5
mech_md25_ppon_r10,mechanism_sweep,4014,control,0,8,0.709,0,0.2891,170,7,107.88
mech_md25_ppon_r10,mechanism_sweep,4014,control,1,9,0.6016,0,0.2537,166,6,108.44
mech_md25_ppon_r10,mechanism_sweep,4014,control,2,8,0.5814,0,0.2115,143,5,112.0
mech_md25_ppon_r10,mechanism_sweep,4014,control,3,50,0.474,0,0.2292,666,81,111.56
mech_md25_ppon_r10,mechanism_sweep,4014,control,4,12,0.5621,0,0.1733,196,13,119.67
mech_md25_ppon_r10,mechanism_sweep,4014,treatment,0,7,0.6197,0,0.2968,139,1,99.14
mech_md25_ppon_r10,mechanism_sweep,4014,treatment,1,6,0.6255,0,0.2797,112,1,129.96
mech_md25_ppon_r10,mechanism_sweep,4014,treatment,2,7,0.6301,0,0.2716,133,1,84.21
mech_md25_ppon_r10,mechanism_sweep,4014,treatment,3,9,0.6048,0,0.2389,148,9,86.67
mech_md25_ppon_r10,mechanism_sweep,4014,treatment,4,5,0.572,0,0.1304,71,4,94.1
mech_md25_ppon_r10,mechanism_sweep,4151,control,0,3,0.5273,0,0.301,49,3,124.67
mech_md25_ppon_r10,mechanism_sweep,4151,control,1,5,0.6562,0,0.3512,102,2,104.0
mech_md25_ppon_r10,mechanism_sweep,4151,control,2,0,0,0,0,0,0,0
mech_md25_ppon_r10,mechanism_sweep,4151,control,3,2,0.7289,0,0.246,41,1,103.5
mech_md25_ppon_r10,mechanism_sweep,4151,control,4,2,0.6521,0,0.2304,37,2,101.0
mech_md25_ppon_r10,mechanism_sweep,4151,treatment,0,6,0.5467,0,0.2654,99,4,115.25
mech_md25_ppon_r10,mechanism_sweep,4151,treatment,1,7,0.6016,0,0.265,126,6,77.79
mech_md25_ppon_r10,mechanism_sweep,4151,treatment,2,0,0,0,0,0,0,0
mech_md25_ppon_r10,mechanism_sweep,4151,treatment,3,0,0,0,0,0,0,0
mech_md25_ppon_r10,mechanism_sweep,4151,treatment,4,0,0,0,0,0,0,0
mech_md25_ppon_r10,mechanism_sweep,4288,control,0,2,0.6489,0,0.2362,44,1,146.5
mech_md25_ppon_r10,mechanism_sweep,4288,control,1,10,0.6308,0,0.2887,194,12,125.4
mech_md25_ppon_r10,mechanism_sweep,4288,control,2,7,0.5762,0,0.2774,135,1,109.57
mech_md25_ppon_r10,mechanism_sweep,4288,control,3,6,0.6408,0,0.3137,111,2,98.33
mech_md25_ppon_r10,mechanism_sweep,4288,control,4,6,0.6362,0,0.3221,113,0,125.83
mech_md25_ppon_r10,mechanism_sweep,4288,treatment,0,17,0.5835,0,0.3321,323,6,95.12
mech_md25_ppon_r10,mechanism_sweep,4288,treatment,1,14,0.5332,0,0.335,217,6,89.98
mech_md25_ppon_r10,mechanism_sweep,4288,treatment,2,11,0.5636,0,0.3107,182,8,99.41
mech_md25_ppon_r10,mechanism_sweep,4288,treatment,3,7,0.5303,0,0.223,100,7,92.21
mech_md25_ppon_r10,mechanism_sweep,4288,treatment,4,4,0.6804,0,0.2543,84,4,134.88
mech_md25_ppon_r10,mechanism_sweep,4425,control,0,8,0.537,0,0.2318,137,10,108.12
mech_md25_ppon_r10,mechanism_sweep,4425,control,1,1,0.6079,0,0.0,20,0,93.0
mech_md25_ppon_r10,mechanism_sweep,4425,control,2,6,0.599,0,0.246,117,2,110.33
mech_md25_ppon_r10,mechanism_sweep,4425,control,3,2,0.6691,0,0.2327,43,1,141.0
mech_md25_ppon_r10,mechanism_sweep,4425,control,4,13,0.5058,0,0.2041,194,10,111.54
mech_md25_ppon_r10,mechanism_sweep,4425,treatment,0,5,0.5939,0,0.2778,101,0,100.1
mech_md25_ppon_r10,mechanism_sweep,4425,treatment,1,6,0.6188,0,0.2449,116,0,116.0
mech_md25_ppon_r10,mechanism_sweep,4425,treatment,2,4,0.6868,0,0.1887,79,0,105.38
mech_md25_ppon_r10,mechanism_sweep,4425,treatment,3,11,0.5677,0,0.1896,177,7,113.55
mech_md25_ppon_r10,mechanism_sweep,4425,treatment,4,4,0.7471,0,0.1969,82,2,111.69
mech_md25_ppon_r10,mechanism_sweep,4562,control,0,4,0.6126,0,0.3073,72,1,86.25
mech_md25_ppon_r10,mechanism_sweep,4562,control,1,1,0.7627,0,0.0,22,1,127.0
mech_md25_ppon_r10,mechanism_sweep,4562,control,2,3,0.7053,0,0.1822,72,2,79.33
mech_md25_ppon_r10,mechanism_sweep,4562,control,3,2,0.5706,0,0.2223,38,0,91.5
mech_md25_ppon_r10,mechanism_sweep,4562,control,4,0,0,0,0,0,0,0
mech_md25_ppon_r10,mechanism_sweep,4562,treatment,0,5,0.6392,0,0.3059,101,2,111.7
mech_md25_ppon_r10,mechanism_sweep,4562,treatment,1,3,0.5936,0,0.3122,63,0,104.17
mech_md25_ppon_r10,mechanism_sweep,4562,treatment,2,14,0.5078,0,0.245,186,12,97.5
mech_md25_ppon_r10,mechanism_sweep,4562,treatment,3,2,0.7719,0,0.2971,42,1,126.0
mech_md25_ppon_r10,mechanism_sweep,4562,treatment,4,2,0.7365,0,0.2449,35,3,65.25
mech_md25_ppon_r10,mechanism_sweep,4699,control,0,4,0.6815,0,0.2958,79,4,114.75
mech_md25_ppon_r10,mechanism_sweep,4699,control,1,6,0.6021,0,0.2416,117,4,92.33
mech_md25_ppon_r10,mechanism_sweep,4699,control,2,1,0.7476,0,0.0,21,1,105.0
mech_md25_ppon_r10,mechanism_sweep,4699,control,3,1,0.6688,0,0.0,18,1,13.0
mech_md25_ppon_r10,mechanism_sweep,4699,control,4,7,0.4816,0,0.1842,83,4,112.71
mech_md25_ppon_r10,mechanism_sweep,4699,treatment,0,11,0.6093,0,0.2735,210,6,107.93
mech_md25_ppon_r10,mechanism_sweep,4699,treatment,1,11,0.6129,0,0.2533,198,3,106.32
mech_md25_ppon_r10,mechanism_sweep,4699,treatment,2,3,0.7847,0,0.2569,63,4,120.67
mech_md25_ppon_r10,mechanism_sweep,4699,treatment,3,3,0.662,0,0.2574,59,0,87.67
mech_md25_ppon_r10,mechanism_sweep,4699,treatment,4,4,0.7032,0,0.1318,77,0,100.0
mech_md25_ppon_r10,mechanism_sweep,4836,control,0,4,0.6456,0,0.3319,83,1,121.75
mech_md25_ppon_r10,mechanism_sweep,4836,control,1,10,0.4659,0,0.27,126,13,111.4
mech_md25_ppon_r10,mechanism_sweep,4836,control,2,2,0.7361,0,0.1719,43,1,113.0
mech_md25_ppon_r10,mechanism_sweep,4836,control,3,0,0,0,0,0,0,0
mech_md25_ppon_r10,mechanism_sweep,4836,control,4,1,0.6983,0,0.0,21,1,110.0
mech_md25_ppon_r10,mechanism_sweep,4836,treatment,0,13,0.6095,0,0.3145,243,5,102.79
mech_md25_ppon_r10,mechanism_sweep,4836,treatment,1,13,0.5812,0,0.2868,220,14,110.96
mech_md25_ppon_r10,mechanism_sweep,4836,treatment,2,11,0.6261,0,0.2754,198,6,106.05
mech_md25_ppon_r10,mechanism_sweep,4836,treatment,3,7,0.6518,0,0.2623,147,5,100.71
mech_md25_ppon_r10,mechanism_sweep,4836,treatment,4,9,0.5914,0,0.2523,166,3,107.06
mech_md25_ppon_r10,mechanism_sweep,4973,control,0,6,0.5955,0,0.2554,116,1,96.33
mech_md25_ppon_r10,mechanism_sweep,4973,control,1,8,0.6328,0,0.2475,155,8,116.12
mech_md25_ppon_r10,mechanism_sweep,4973,control,2,23,0.4138,0,0.2453,251,19,98.09
mech_md25_ppon_r10,mechanism_sweep,4973,control,3,4,0.5774,0,0.1927,68,2,76.75
mech_md25_ppon_r10,mechanism_sweep,4973,control,4,9,0.569,0,0.2373,144,12,112.0
mech_md25_ppon_r10,mechanism_sweep,4973,treatment,0,18,0.5361,0,0.2578,284,24,108.39
mech_md25_ppon_r10,mechanism_sweep,4973,treatment,1,27,0.5108,0,0.2418,373,27,107.54
mech_md25_ppon_r10,mechanism_sweep,4973,treatment,2,28,0.5434,0,0.2127,443,30,119.33
mech_md25_ppon_r10,mechanism_sweep,4973,treatment,3,9,0.6315,0,0.2156,159,6,111.61
mech_md25_ppon_r10,mechanism_sweep,4973,treatment,4,332,0.2773,0,0.1612,1913,569,86.81
mech_md25_ppon_r20,mechanism_sweep,1000,control,0,2,0.6167,0,0.2905,36,0,99.5
mech_md25_ppon_r20,mechanism_sweep,1000,control,1,0,0,0,0,0,0,0
mech_md25_ppon_r20,mechanism_sweep,1000,control,2,4,0.6569,0,0.2604,92,0,117.0
mech_md25_ppon_r20,mechanism_sweep,1000,control,3,1,0.6501,0,0.0,22,1,101.0
mech_md25_ppon_r20,mechanism_sweep,1000,control,4,5,0.6024,0,0.1985,92,5,105.0
mech_md25_ppon_r20,mechanism_sweep,1000,treatment,0,19,0.6176,0,0.3132,318,17,107.36
mech_md25_ppon_r20,mechanism_sweep,1000,treatment,1,18,0.4659,0,0.2759,233,15,98.49
mech_md25_ppon_r20,mechanism_sweep,1000,treatment,2,9,0.6526,0,0.2867,165,6,105.06
mech_md25_ppon_r20,mechanism_sweep,1000,treatment,3,5,0.6582,0,0.2382,89,3,101.85
mech_md25_ppon_r20,mechanism_sweep,1000,treatment,4,22,0.5292,0,0.2373,327,16,101.64
mech_md25_ppon_r20,mechanism_sweep,1137,control,0,4,0.6478,0,0.3082,83,1,124.0
mech_md25_ppon_r20,mechanism_sweep,1137,control,1,8,0.6582,0,0.2846,162,3,109.62
mech_md25_ppon_r20,mechanism_sweep,1137,control,2,2,0.7375,0,0.2362,43,1,119.5
mech_md25_ppon_r20,mechanism_sweep,1137,control,3,2,0.6401,0,0.2271,42,0,148.5
mech_md25_ppon_r20,mechanism_sweep,1137,control,4,2,0.654,0,0.1709,41,1,105.0
mech_md25_ppon_r20,mechanism_sweep,1137,treatment,0,7,0.6719,0,0.3212,135,1,98.71
mech_md25_ppon_r20,mechanism_sweep,1137,treatment,1,7,0.6058,0,0.3005,129,0,93.68
mech_md25_ppon_r20,mechanism_sweep,1137,treatment,2,6,0.6367,0,0.2279,121,3,116.58
mech_md25_ppon_r20,mechanism_sweep,1137,treatment,3,6,0.6239,0,0.3039,113,4,108.75
mech_md25_ppon_r20,mechanism_sweep,1137,treatment,4,9,0.6623,0,0.2735,180,7,126.0
mech_md25_ppon_r20,mechanism_sweep,1274,control,0,3,0.6672,0,0.2438,56,2,71.67
mech_md25_ppon_r20,mechanism_sweep,1274,control,1,1,0.7799,0,0.0,20,1,103.0
mech_md25_ppon_r20,mechanism_sweep,1274,control,2,3,0.4704,0,0.2325,45,1,105.0
mech_md25_ppon_r20,mechanism_sweep,1274,control,3,5,0.6158,0,0.1527,79,2,106.0
mech_md25_ppon_r20,mechanism_sweep,1274,control,4,0,0,0,0,0,0,0
mech_md25_ppon_r20,mechanism_sweep,1274,treatment,0,11,0.6281,0,0.3172,209,4,112.5
mech_md25_ppon_r20,mechanism_sweep,1274,treatment,1,11,0.666,0,0.2246,211,7,119.02
mech_md25_ppon_r20,mechanism_sweep,1274,treatment,2,11,0.6923,0,0.2154,216,12,128.14
mech_md25_ppon_r20,mechanism_sweep,1274,treatment,3,12,0.5105,0,0.1579,166,10,116.17
mech_md25_ppon_r20,mechanism_sweep,1274,treatment,4,14,0.5493,0,0.2279,213,10,107.91
mech_md25_ppon_r20,mechanism_sweep,1411,control,0,5,0.6328,0,0.3204,96,1,82.4
mech_md25_ppon_r20,mechanism_sweep,1411,control,1,4,0.6779,0,0.3459,81,0,100.25
mech_md25_ppon_r20,mechanism_sweep,1411,control,2,1,0.6305,0,0.0,21,0,115.0
mech_md25_ppon_r20,mechanism_sweep,1411,control,3,0,0,0,0,0,0,0
mech_md25_ppon_r20,mechanism_sweep,1411,control,4,1,0.6073,0,0.0,14,0,94.0
mech_md25_ppon_r20,mechanism_sweep,1411,treatment,0,11,0.5367,0,0.3234,183,0,88.18
mech_md25_ppon_r20,mechanism_sweep,1411,treatment,1,7,0.6595,0,0.3063,142,2,116.36
mech_md25_ppon_r20,mechanism_sweep,1411,treatment,2,5,0.6863,0,0.279,102,3,112.15
mech_md25_ppon_r20,mechanism_sweep,1411,treatment,3,10,0.5654,0,0.0737,152,12,99.4
mech_md25_ppon_r20,mechanism_sweep,1411,treatment,4,11,0.5471,0,0.1183,158,10,87.45
mech_md25_ppon_r20,mechanism_sweep,1548,control,0,3,0.653,0,0.2709,66,3,82.0
mech_md25_ppon_r20,mechanism_sweep,1548,control,1,4,0.61,0,0.2659,77,2,112.5
mech_md25_ppon_r20,mechanism_sweep,1548,control,2,1,0.6196,0,0.0,21,0,163.0
mech_md25_ppon_r20,mechanism_sweep,1548,control,3,2,0.6123,0,0.2969,38,0,91.5
mech_md25_ppon_r20,mechanism_sweep,1548,control,4,1,0.6597,0,0.0,20,0,90.0
mech_md25_ppon_r20,mechanism_sweep,1548,treatment,0,9,0.618,0,0.3093,170,1,102.72
mech_md25_ppon_r20,mechanism_sweep,1548,treatment,1,8,0.6393,0,0.2732,161,0,108.0
mech_md25_ppon_r20,mechanism_sweep,1548,treatment,2,4,0.7012,0,0.2901,80,0,120.75
mech_md25_ppon_r20,mechanism_sweep,1548,treatment,3,3,0.6908,0,0.3263,59,0,104.17
mech_md25_ppon_r20,mechanism_sweep,1548,treatment,4,5,0.6291,0,0.2692,87,0,136.05
mech_md25_ppon_r20,mechanism_sweep,1685,control,0,9,0.5849,0,0.2611,161,13,94.44
mech_md25_ppon_r20,mechanism_sweep,1685,control,1,8,0.52,0,0.2823,122,10,112.38
mech_md25_ppon_r20,mechanism_sweep,1685,control,2,3,0.6404,0,0.2859,61,4,104.0
mech_md25_ppon_r20,mechanism_sweep,1685,control,3,22,0.5234,0,0.2203,320,30,113.59
mech_md25_ppon_r20,mechanism_sweep,1685,control,4,2,0.6221,0,0.0329,42,2,110.0
mech_md25_ppon_r20,mechanism_sweep,1685,treatment,0,6,0.6456,0,0.3307,120,1,107.0
mech_md25_ppon_r20,mechanism_sweep,1685,treatment,1,7,0.6847,0,0.2535,138,0,115.5
mech_md25_ppon_r20,mechanism_sweep,1685,treatment,2,5,0.7087,0,0.2016,100,0,121.2
mech_md25_ppon_r20,mechanism_sweep,1685,treatment,3,4,0.665,0,0.1166,73,0,71.5
mech_md25_ppon_r20,mechanism_sweep,1685,treatment,4,5,0.6952,0,0.1851,113,0,88.35
mech_md25_ppon_r20,mechanism_sweep,1822,control,0,6,0.4931,0,0.3026,86,7,93.33
mech_md25_ppon_r20,mechanism_sweep,1822,control,1,4,0.514,0,0.2768,69,0,91.25
mech_md25_ppon_r20,mechanism_sweep,1822,control,2,1,0.5299,0,0.0,20,0,39.0
mech_md25_ppon_r20,mechanism_sweep,1822,control,3,2,0.4952,0,0.1168,31,2,106.5
mech_md25_ppon_r20,mechanism_sweep,1822,control,4,1,0.5699,0,0.0,37,0,119.0
mech_md25_ppon_r20,mechanism_sweep,1822,treatment,0,8,0.5683,0,0.3307,149,1,86.5
mech_md25_ppon_r20,mechanism_sweep,1822,treatment,1,3,0.529,0,0.2072,54,1,117.67
mech_md25_ppon_r20,mechanism_sweep,1822,treatment,2,4,0.5679,0,0.2909,55,1,87.62
mech_md25_ppon_r20,mechanism_sweep,1822,treatment,3,4,0.4818,0,0.1874,47,0,112.25
mech_md25_ppon_r20,mechanism_sweep,1822,treatment,4,6,0.465,0,0.1953,58,4,114.33
mech_md25_ppon_r20,mechanism_sweep,1959,control,0,6,0.6941,0,0.3686,121,2,117.0
mech_md25_ppon_r20,mechanism_sweep,1959,control,1,6,0.6827,0,0.3155,128,4,92.5
mech_md25_ppon_r20,mechanism_sweep,1959,control,2,5,0.6241,0,0.2926,86,2,110.6
mech_md25_ppon_r20,mechanism_sweep,1959,control,3,15,0.4911,0,0.1667,172,13,107.2
mech_md25_ppon_r20,mechanism_sweep,1959,control,4,10,0.5294,0,0.1686,135,4,117.8
mech_md25_ppon_r20,mechanism_sweep,1959,treatment,0,29,0.4721,0,0.2774,375,25,80.79
mech_md25_ppon_r20,mechanism_sweep,1959,treatment,1,16,0.6458,0,0.2717,288,12,123.58
mech_md25_ppon_r20,mechanism_sweep,1959,treatment,2,21,0.5223,0,0.2555,287,17,107.31
mech_md25_ppon_r20,mechanism_sweep,1959,treatment,3,21,0.5597,0,0.2258,293,20,91.93
mech_md25_ppon_r20,mechanism_sweep,1959,treatment,4,29,0.5743,0,0.2296,424,22,107.49
mech_md25_ppon_r20,mechanism_sweep,2096,control,0,6,0.646,0,0.312,119,2,121.0
mech_md25_ppon_r20,mechanism_sweep,2096,control,1,2,0.5221,0,0.2258,32,0,116.5
mech_md25_ppon_r20,mechanism_sweep,2096,control,2,4,0.6416,0,0.2455,81,2,108.5
mech_md25_ppon_r20,mechanism_sweep,2096,control,3,1,0.7051,0,0.0,41,1,60.0
mech_md25_ppon_r20,mechanism_sweep,2096,control,4,3,0.5813,0,0.3595,60,1,61.0
mech_md25_ppon_r20,mechanism_sweep,2096,treatment,0,7,0.627,0,0.3021,134,1,100.18
mech_md25_ppon_r20,mechanism_sweep,2096,treatment,1,6,0.6163,0,0.3325,111,1,104.54
mech_md25_ppon_r20,mechanism_sweep,2096,treatment,2,11,0.5995,0,0.2776,190,9,90.77
mech_md25_ppon_r20,mechanism_sweep,2096,treatment,3,14,0.5103,0,0.1983,199,8,90.14
mech_md25_ppon_r20,mechanism_sweep,2096,treatment,4,12,0.6449,0,0.2258,207,10,94.96
mech_md25_ppon_r20,mechanism_sweep,2233,control,0,3,0.7385,0,0.3217,65,4,115.0
mech_md25_ppon_r20,mechanism_sweep,2233,control,1,0,0,0,0,0,0,0
mech_md25_ppon_r20,mechanism_sweep,2233,control,2,2,0.569,0,0.3142,36,0,108.5
mech_md25_ppon_r20,mechanism_sweep,2233,control,3,9,0.4806,0,0.0825,92,11,93.67
mech_md25_ppon_r20,mechanism_sweep,2233,control,4,11,0.529,0,0.2327,124,7,92.18
mech_md25_ppon_r20,mechanism_sweep,2233,treatment,0,3,0.6508,0,0.2995,58,1,103.33
mech_md25_ppon_r20,mechanism_sweep,2233,treatment,1,3,0.6409,0,0.2149,60,2,94.5
mech_md25_ppon_r20,mechanism_sweep,2233,treatment,2,5,0.6042,0,0.3111,102,1,109.8
mech_md25_ppon_r20,mechanism_sweep,2233,treatment,3,6,0.6323,0,0.2925,121,1,111.04
mech_md25_ppon_r20,mechanism_sweep,2233,treatment,4,1,0.64,0,0.0,21,1,20.0
mech_md25_ppon_r20,mechanism_sweep,2370,control,0,6,0.6315,0,0.3552,116,3,105.33
mech_md25_ppon_r20,mechanism_sweep,2370,control,1,10,0.5958,0,0.312,183,7,87.7
mech_md25_ppon_r20,mechanism_sweep,2370,control,2,10,0.562,0,0.263,161,9,96.5
mech_md25_ppon_r20,mechanism_sweep,2370,control,3,3,0.6465,0,0.2825,64,1,109.0
mech_md25_ppon_r20,mechanism_sweep,2370,control,4,6,0.5832,0,0.2273,120,2,87.33
mech_md25_ppon_r20,mechanism_sweep,2370,treatment,0,8,0.6094,0,0.3413,156,1,94.06
mech_md25_ppon_r20,mechanism_sweep,2370,treatment,1,6,0.6889,0,0.2957,113,3,113.17
mech_md25_ppon_r20,mechanism_sweep,2370,treatment,2,9,0.6451,0,0.3019,170,4,113.11
mech_md25_ppon_r20,mechanism_sweep,2370,treatment,3,2,0.5465,0,0.2524,37,0,73.75
mech_md25_ppon_r20,mechanism_sweep,2370,treatment,4,2,0.5672,0,0.3375,34,0,38.0
mech_md25_ppon_r20,mechanism_sweep,2507,control,0,3,0.6603,0,0.315,61,0,107.0
mech_md25_ppon_r20,mechanism_sweep,2507,control,1,4,0.7044,0,0.3092,86,2,139.5
mech_md25_ppon_r20,mechanism_sweep,2507,control,2,6,0.6326,0,0.3592,121,1,106.17
mech_md25_ppon_r20,mechanism_sweep,2507,control,3,8,0.6398,0,0.2785,162,1,100.75
mech_md25_ppon_r20,mechanism_sweep,2507,control,4,1,0.6721,0,0.0,20,0,100.0
mech_md25_ppon_r20,mechanism_sweep,2507,treatment,0,6,0.6222,0,0.2928,110,0,109.46
mech_md25_ppon_r20,mechanism_sweep,2507,treatment,1,1,0.5741,0,0.0,20,0,137.5
mech_md25_ppon_r20,mechanism_sweep,2507,treatment,2,1,0.6194,0,0.0,19,0,125.0
mech_md25_ppon_r20,mechanism_sweep,2507,treatment,3,0,0,0,0,0,0,0
mech_md25_ppon_r20,mechanism_sweep,2507,treatment,4,0,0,0,0,0,0,0
mech_md25_ppon_r20,mechanism_sweep,2644,control,0,2,0.629,0,0.2272,45,1,137.5
mech_md25_ppon_r20,mechanism_sweep,2644,control,1,3,0.6371,0,0.224,60,0,96.67
mech_md25_ppon_r20,mechanism_sweep,2644,control,2,1,0.7188,0,0.0,22,2,120.0
mech_md25_ppon_r20,mechanism_sweep,2644,control,3,2,0.5443,0,0.3107,38,0,76.0
mech_md25_ppon_r20,mechanism_sweep,2644,control,4,0,0,0,0,0,0,0
mech_md25_ppon_r20,mechanism_sweep,2644,treatment,0,11,0.4895,0,0.2527,149,11,103.73
mech_md25_ppon_r20,mechanism_sweep,2644,treatment,1,3,0.619,0,0.2713,53,1,121.67
mech_md25_ppon_r20,mechanism_sweep,2644,treatment,2,19,0.587,0,0.2791,295,22,119.45
mech_md25_ppon_r20,mechanism_sweep,2644,treatment,3,9,0.6609,0,0.2932,176,8,110.78
mech_md25_ppon_r20,mechanism_sweep,2644,treatment,4,14,0.6224,0,0.2879,246,10,113.93
mech_md25_ppon_r20,mechanism_sweep,2781,control,0,7,0.636,0,0.2764,151,5,103.14
mech_md25_ppon_r20,mechanism_sweep,2781,control,1,8,0.632,0,0.2849,144,3,101.88
mech_md25_ppon_r20,mechanism_sweep,2781,control,2,1,0.8682,0,0.0,22,2,120.0
mech_md25_ppon_r20,mechanism_sweep,2781,control,3,3,0.6979,0,0.2621,62,1,112.33
mech_md25_ppon_r20,mechanism_sweep,2781,control,4,3,0.6628,0,0.3218,59,1,101.33
mech_md25_ppon_r20,mechanism_sweep,2781,treatment,0,8,0.6589,0,0.315,162,2,111.41
mech_md25_ppon_r20,mechanism_sweep,2781,treatment,1,6,0.7005,0,0.1387,118,0,107.62
mech_md25_ppon_r20,mechanism_sweep,2781,treatment,2,6,0.6894,0,0.2573,125,0,142.54
mech_md25_ppon_r20,mechanism_sweep,2781,treatment,3,7,0.735,0,0.1902,150,1,117.0
mech_md25_ppon_r20,mechanism_sweep,2781,treatment,4,4,0.7526,0,0.2467,84,2,89.62
mech_md25_ppon_r20,mechanism_sweep,2918,control,0,5,0.6191,0,0.3649,89,0,110.6
mech_md25_ppon_r20,mechanism_sweep,2918,control,1,6,0.5514,0,0.2627,98,4,120.67
mech_md25_ppon_r20,mechanism_sweep,2918,control,2,32,0.4556,0,0.1216,344,42,117.41
mech_md25_ppon_r20,mechanism_sweep,2918,control,3,16,0.3775,0,0.1803,153,17,112.44
mech_md25_ppon_r20,mechanism_sweep,2918,control,4,8,0.588,0,0.0966,117,9,118.0
mech_md25_ppon_r20,mechanism_sweep,2918,treatment,0,4,0.6494,0,0.368,76,0,89.75
mech_md25_ppon_r20,mechanism_sweep,2918,treatment,1,8,0.5386,0,0.3022,124,3,96.88
mech_md25_ppon_r20,mechanism_sweep,2918,treatment,2,3,0.4829,0,0.2084,35,0,112.0
mech_md25_ppon_r20,mechanism_sweep,2918,treatment,3,1,0.7168,0,0.0,18,0,100.0
mech_md25_ppon_r20,mechanism_sweep,2918,treatment,4,3,0.6496,0,0.2879,56,0,125.33
mech_md25_ppon_r20,mechanism_sweep,3055,control,0,7,0.6098,0,0.3416,143,0,107.14
mech_md25_ppon_r20,mechanism_sweep,3055,control,1,5,0.5451,0,0.2806,77,4,122.0
mech_md25_ppon_r20,mechanism_sweep,3055,control,2,0,0,0,0,0,0,0
mech_md25_ppon_r20,mechanism_sweep,3055,control,3,11,0.4894,0,0.267,157,4,102.73
mech_md25_ppon_r20,mechanism_sweep,3055,control,4,4,0.3841,0,0.2716,45,1,74.5
mech_md25_ppon_r20,mechanism_sweep,3055,treatment,0,8,0.6228,0,0.3794,158,2,104.44
mech_md25_ppon_r20,mechanism_sweep,3055,treatment,1,5,0.6399,0,0.3435,93,1,119.5
mech_md25_ppon_r20,mechanism_sweep,3055,treatment,2,7,0.6762,0,0.2524,133,3,94.64
mech_md25_ppon_r20,mechanism_sweep,3055,treatment,3,6,0.4306,0,0.1712,63,3,82.33
mech_md25_ppon_r20,mechanism_sweep,3055,treatment,4,7,0.5391,0,0.2715,97,2,119.11
mech_md25_ppon_r20,mechanism_sweep,3192,control,0,2,0.6292,0,0.2497,42,1,112.5
mech_md25_ppon_r20,mechanism_sweep,3192,control,1,4,0.649,0,0.2669,81,2,90.75
mech_md25_ppon_r20,mechanism_sweep,3192,control,2,0,0,0,0,0,0,0
mech_md25_ppon_r20,mechanism_sweep,3192,control,3,3,0.6468,0,0.3146,64,1,139.67
mech_md25_ppon_r20,mechanism_sweep,3192,control,4,4,0.5342,0,0.113,67,7,120.25
mech_md25_ppon_r20,mechanism_sweep,3192,treatment,0,5,0.5636,0,0.2873,78,3,86.9
mech_md25_ppon_r20,mechanism_sweep,3192,treatment,1,5,0.6117,0,0.3386,92,0,125.5
mech_md25_ppon_r20,mechanism_sweep,3192,treatment,2,4,0.6409,0,0.3183,76,0,102.62
mech_md25_ppon_r20,mechanism_sweep,3192,treatment,3,0,0,0,0,0,0,0
mech_md25_ppon_r20,mechanism_sweep,3192,treatment,4,2,0.6679,0,0.1354,39,0,77.0
mech_md25_ppon_r20,mechanism_sweep,3329,control,0,5,0.6206,0,0.355,110,0,103.8
mech_md25_ppon_r20,mechanism_sweep,3329,control,1,3,0.6509,0,0.3301,61,0,111.33
mech_md25_ppon_r20,mechanism_sweep,3329,control,2,4,0.6284,0,0.1994,83,4,120.5
mech_md25_ppon_r20,mechanism_sweep,3329,control,3,2,0.5919,0,0.2128,42,0,122.5
mech_md25_ppon_r20,mechanism_sweep,3329,control,4,1,0.6198,0,0.0,21,0,117.0
mech_md25_ppon_r20,mechanism_sweep,3329,treatment,0,17,0.5309,0,0.2835,260,2,104.19
mech_md25_ppon_r20,mechanism_sweep,3329,treatment,1,9,0.6244,0,0.3293,173,0,101.81
mech_md25_ppon_r20,mechanism_sweep,3329,treatment,2,8,0.7263,0,0.3006,157,5,116.44
mech_md25_ppon_r20,mechanism_sweep,3329,treatment,3,16,0.6592,0,0.2642,296,11,115.45
mech_md25_ppon_r20,mechanism_sweep,3329,treatment,4,14,0.7017,0,0.2749,266,8,119.04
mech_md25_ppon_r20,mechanism_sweep,3466,control,0,2,0.6487,0,0.3351,41,1,101.0
mech_md25_ppon_r20,mechanism_sweep,3466,control,1,14,0.5418,0,0.2512,216,17,101.93
mech_md25_ppon_r20,mechanism_sweep,3466,control,2,7,0.4855,0,0.2032,99,3,89.29
mech_md25_ppon_r20,mechanism_sweep,3466,control,3,27,0.4596,0,0.2371,345,36,86.96
mech_md25_ppon_r20,mechanism_sweep,3466,control,4,11,0.4468,0,0.1648,131,19,99.91
mech_md25_ppon_r20,mechanism_sweep,3466,treatment,0,8,0.6366,0,0.3286,144,5,120.62
mech_md25_ppon_r20,mechanism_sweep,3466,treatment,1,3,0.6496,0,0.2745,64,0,109.17
mech_md25_ppon_r20,mechanism_sweep,3466,treatment,2,3,0.6823,0,0.1301,57,0,112.83
mech_md25_ppon_r20,mechanism_sweep,3466,treatment,3,5,0.7274,0,0.3539,101,2,107.65
mech_md25_ppon_r20,mechanism_sweep,3466,treatment,4,12,0.6101,0,0.3071,193,5,97.92
mech_md25_ppon_r20,mechanism_sweep,3603,control,0,7,0.6289,0,0.3026,140,1,93.0
mech_md25_ppon_r20,mechanism_sweep,3603,control,1,2,0.7775,0,0.2689,43,4,91.0
mech_md25_ppon_r20,mechanism_sweep,3603,control,2,1,0.5722,0,0.0,20,0,100.0
mech_md25_ppon_r20,mechanism_sweep,3603,control,3,4,0.5341,0,0.3326,65,1,103.5
mech_md25_ppon_r20,mechanism_sweep,3603,control,4,3,0.7592,0,0.1169,66,5,133.0
mech_md25_ppon_r20,mechanism_sweep,3603,treatment,0,8,0.6328,0,0.3035,155,6,127.5
mech_md25_ppon_r20,mechanism_sweep,3603,treatment,1,9,0.6594,0,0.2586,189,2,125.5
mech_md25_ppon_r20,mechanism_sweep,3603,treatment,2,19,0.5525,0,0.267,297,20,98.14
mech_md25_ppon_r20,mechanism_sweep,3603,treatment,3,9,0.6792,0,0.3145,178,6,107.83
mech_md25_ppon_r20,mechanism_sweep,3603,treatment,4,7,0.7135,0,0.2677,140,2,126.36
mech_md25_ppon_r20,mechanism_sweep,3740,control,0,7,0.6382,0,0.3285,144,2,106.29
mech_md25_ppon_r20,mechanism_sweep,3740,control,1,6,0.5857,0,0.2611,106,2,100.33
mech_md25_ppon_r20,mechanism_sweep,3740,control,2,7,0.6935,0,0.2708,140,4,106.86
mech_md25_ppon_r20,mechanism_sweep,3740,control,3,3,0.7336,0,0.1772,63,0,133.0
mech_md25_ppon_r20,mechanism_sweep,3740,control,4,2,0.8129,0,0.2647,43,3,115.0
mech_md25_ppon_r20,mechanism_sweep,3740,treatment,0,7,0.6023,0,0.2846,114,8,114.43
mech_md25_ppon_r20,mechanism_sweep,3740,treatment,1,17,0.5496,0,0.2673,264,9,106.47
mech_md25_ppon_r20,mechanism_sweep,3740,treatment,2,11,0.6475,0,0.2823,188,9,100.48
mech_md25_ppon_r20,mechanism_sweep,3740,treatment,3,16,0.4794,0,0.2513,217,8,106.56
mech_md25_ppon_r20,mechanism_sweep,3740,treatment,4,8,0.5486,0,0.2807,132,4,90.75
mech_md25_ppon_r20,mechanism_sweep,3877,control,0,5,0.6874,0,0.2605,103,2,97.0
mech_md25_ppon_r20,mechanism_sweep,3877,control,1,3,0.7159,0,0.1595,65,2,135.33
mech_md25_ppon_r20,mechanism_sweep,3877,control,2,3,0.6671,0,0.1778,60,3,132.0
mech_md25_ppon_r20,mechanism_sweep,3877,control,3,9,0.4727,0,0.1487,123,14,110.0
mech_md25_ppon_r20,mechanism_sweep,3877,control,4,3,0.4268,0,0.1318,41,2,109.0
mech_md25_ppon_r20,mechanism_sweep,3877,treatment,0,7,0.5833,0,0.3278,128,2,93.71
mech_md25_ppon_r20,mechanism_sweep,3877,treatment,1,10,0.4932,0,0.2591,146,9,108.65
mech_md25_ppon_r20,mechanism_sweep,3877,treatment,2,1,0.5954,0,0.0,20,0,100.0
mech_md25_ppon_r20,mechanism_sweep,3877,treatment,3,2,0.6632,0,0.3699,40,0,122.25
mech_md25_ppon_r20,mechanism_sweep,3877,treatment,4,5,0.6386,0,0.3366,93,2,108.5
mech_md25_ppon_r20,mechanism_sweep,4014,control,0,8,0.709,0,0.2891,170,7,107.88
mech_md25_ppon_r20,mechanism_sweep,4014,control,1,9,0.6016,0,0.2537,166,6,108.44
mech_md25_ppon_r20,mechanism_sweep,4014,control,2,8,0.5814,0,0.2115,143,5,112.0
mech_md25_ppon_r20,mechanism_sweep,4014,control,3,50,0.474,0,0.2292,666,81,111.56
mech_md25_ppon_r20,mechanism_sweep,4014,control,4,12,0.5621,0,0.1733,196,13,119.67
mech_md25_ppon_r20,mechanism_sweep,4014,treatment,0,15,0.6543,0,0.3054,300,7,116.65
mech_md25_ppon_r20,mechanism_sweep,4014,treatment,1,12,0.5117,0,0.2979,182,7,105.5
mech_md25_ppon_r20,mechanism_sweep,4014,treatment,2,4,0.5698,0,0.1302,71,1,72.5
mech_md25_ppon_r20,mechanism_sweep,4014,treatment,3,1,0.6565,0,0.0,23,0,108.75
mech_md25_ppon_r20,mechanism_sweep,4014,treatment,4,5,0.4894,0,0.2936,71,2,86.5
mech_md25_ppon_r20,mechanism_sweep,4151,control,0,3,0.5273,0,0.301,49,3,124.67
mech_md25_ppon_r20,mechanism_sweep,4151,control,1,5,0.6562,0,0.3512,102,2,104.0
mech_md25_ppon_r20,mechanism_sweep,4151,control,2,0,0,0,0,0,0,0
mech_md25_ppon_r20,mechanism_sweep,4151,control,3,2,0.7289,0,0.246,41,1,103.5
mech_md25_ppon_r20,mechanism_sweep,4151,control,4,2,0.6521,0,0.2304,37,2,101.0
mech_md25_ppon_r20,mechanism_sweep,4151,treatment,0,11,0.6061,0,0.3157,218,2,108.34
mech_md25_ppon_r20,mechanism_sweep,4151,treatment,1,11,0.6101,0,0.2992,215,8,85.68
mech_md25_ppon_r20,mechanism_sweep,4151,treatment,2,6,0.577,0,0.3478,103,3,115.46
mech_md25_ppon_r20,mechanism_sweep,4151,treatment,3,11,0.5997,0,0.2338,169,10,131.0
mech_md25_ppon_r20,mechanism_sweep,4151,treatment,4,12,0.6885,0,0.2817,218,12,126.96
mech_md25_ppon_r20,mechanism_sweep,4288,control,0,2,0.6489,0,0.2362,44,1,146.5
mech_md25_ppon_r20,mechanism_sweep,4288,control,1,10,0.6308,0,0.2887,194,12,125.4
mech_md25_ppon_r20,mechanism_sweep,4288,control,2,7,0.5762,0,0.2774,135,1,109.57
mech_md25_ppon_r20,mechanism_sweep,4288,control,3,6,0.6408,0,0.3137,111,2,98.33
mech_md25_ppon_r20,mechanism_sweep,4288,control,4,6,0.6362,0,0.3221,113,0,125.83
mech_md25_ppon_r20,mechanism_sweep,4288,treatment,0,14,0.5403,0,0.2769,235,11,95.23
mech_md25_ppon_r20,mechanism_sweep,4288,treatment,1,14,0.607,0,0.2378,264,7,106.79
mech_md25_ppon_r20,mechanism_sweep,4288,treatment,2,9,0.6581,0,0.2389,177,5,112.36
mech_md25_ppon_r20,mechanism_sweep,4288,treatment,3,5,0.575,0,0.2433,86,1,105.15
mech_md25_ppon_r20,mechanism_sweep,4288,treatment,4,13,0.6087,0,0.232,230,13,102.92
mech_md25_ppon_r20,mechanism_sweep,4425,control,0,8,0.537,0,0.2318,137,10,108.12
mech_md25_ppon_r20,mechanism_sweep,4425,control,1,1,0.6079,0,0.0,20,0,93.0
mech_md25_ppon_r20,mechanism_sweep,4425,control,2,6,0.599,0,0.246,117,2,110.33
mech_md25_ppon_r20,mechanism_sweep,4425,control,3,2,0.6691,0,0.2327,43,1,141.0
mech_md25_ppon_r20,mechanism_sweep,4425,control,4,13,0.5058,0,0.2041,194,10,111.54
mech_md25_ppon_r20,mechanism_sweep,4425,treatment,0,16,0.5248,0,0.2777,267,7,99.47
mech_md25_ppon_r20,mechanism_sweep,4425,treatment,1,4,0.6627,0,0.1953,77,2,80.38
mech_md25_ppon_r20,mechanism_sweep,4425,treatment,2,13,0.6471,0,0.2254,233,15,117.25
mech_md25_ppon_r20,mechanism_sweep,4425,treatment,3,12,0.6924,0,0.1457,248,5,108.65
mech_md25_ppon_r20,mechanism_sweep,4425,treatment,4,16,0.6607,0,0.1877,304,17,110.08
mech_md25_ppon_r20,mechanism_sweep,4562,control,0,4,0.6126,0,0.3073,72,1,86.25
mech_md25_ppon_r20,mechanism_sweep,4562,control,1,1,0.7627,0,0.0,22,1,127.0
mech_md25_ppon_r20,mechanism_sweep,4562,control,2,3,0.7053,0,0.1822,72,2,79.33
mech_md25_ppon_r20,mechanism_sweep,4562,control,3,2,0.5706,0,0.2223,38,0,91.5
mech_md25_ppon_r20,mechanism_sweep,4562,control,4,0,0,0,0,0,0,0
mech_md25_ppon_r20,mechanism_sweep,4562,treatment,0,4,0.6026,0,0.2315,78,0,100.62
mech_md25_ppon_r20,mechanism_sweep,4562,treatment,1,13,0.5841,0,0.2798,234,5,122.0
mech_md25_ppon_r20,mechanism_sweep,4562,treatment,2,18,0.6245,0,0.2675,357,9,124.88
mech_md25_ppon_r20,mechanism_sweep,4562,treatment,3,6,0.6126,0,0.247,113,0,105.67
mech_md25_ppon_r20,mechanism_sweep,4562,treatment,4,8,0.5618,0,0.2084,120,1,98.5
mech_md25_ppon_r20,mechanism_sweep,4699,control,0,4,0.6815,0,0.2958,79,4,114.75
mech_md25_ppon_r20,mechanism_sweep,4699,control,1,6,0.6021,0,0.2416,117,4,92.33
mech_md25_ppon_r20,mechanism_sweep,4699,control,2,1,0.7476,0,0.0,21,1,105.0
mech_md25_ppon_r20,mechanism_sweep,4699,control,3,1,0.6688,0,0.0,18,1,13.0
mech_md25_ppon_r20,mechanism_sweep,4699,control,4,7,0.4816,0,0.1842,83,4,112.71
mech_md25_ppon_r20,mechanism_sweep,4699,treatment,0,14,0.607,0,0.2731,265,12,110.11
mech_md25_ppon_r20,mechanism_sweep,4699,treatment,1,9,0.6494,0,0.2544,177,3,96.28
mech_md25_ppon_r20,mechanism_sweep,4699,treatment,2,6,0.6149,0,0.2672,104,3,93.08
mech_md25_ppon_r20,mechanism_sweep,4699,treatment,3,6,0.6779,0,0.2564,114,4,117.75
mech_md25_ppon_r20,mechanism_sweep,4699,treatment,4,8,0.5732,0,0.272,124,3,111.75
mech_md25_ppon_r20,mechanism_sweep,4836,control,0,4,0.6456,0,0.3319,83,1,121.75
mech_md25_ppon_r20,mechanism_sweep,4836,control,1,10,0.4659,0,0.27,126,13,111.4
mech_md25_ppon_r20,mechanism_sweep,4836,control,2,2,0.7361,0,0.1719,43,1,113.0
mech_md25_ppon_r20,mechanism_sweep,4836,control,3,0,0,0,0,0,0,0
mech_md25_ppon_r20,mechanism_sweep,4836,control,4,1,0.6983,0,0.0,21,1,110.0
mech_md25_ppon_r20,mechanism_sweep,4836,treatment,0,12,0.618,0,0.3268,233,1,100.52
mech_md25_ppon_r20,mechanism_sweep,4836,treatment,1,19,0.5459,0,0.3293,293,13,110.59
mech_md25_ppon_r20,mechanism_sweep,4836,treatment,2,3,0.6045,0,0.3842,58,1,92.33
mech_md25_ppon_r20,mechanism_sweep,4836,treatment,3,6,0.6107,0,0.343,112,2,123.92
mech_md25_ppon_r20,mechanism_sweep,4836,treatment,4,10,0.4547,0,0.1965,100,13,112.58
mech_md25_ppon_r20,mechanism_sweep,4973,control,0,6,0.5955,0,0.2554,116,1,96.33
mech_md25_ppon_r20,mechanism_sweep,4973,control,1,8,0.6328,0,0.2475,155,8,116.12
mech_md25_ppon_r20,mechanism_sweep,4973,control,2,23,0.4138,0,0.2453,251,19,98.09
mech_md25_ppon_r20,mechanism_sweep,4973,control,3,4,0.5774,0,0.1927,68,2,76.75
mech_md25_ppon_r20,mechanism_sweep,4973,control,4,9,0.569,0,0.2373,144,12,112.0
mech_md25_ppon_r20,mechanism_sweep,4973,treatment,0,11,0.6492,0,0.3199,219,2,112.39
mech_md25_ppon_r20,mechanism_sweep,4973,treatment,1,9,0.541,0,0.3024,132,1,121.44
mech_md25_ppon_r20,mechanism_sweep,4973,treatment,2,9,0.5524,0,0.28,125,6,117.0
mech_md25_ppon_r20,mechanism_sweep,4973,treatment,3,5,0.6387,0,0.3005,96,1,89.4
mech_md25_ppon_r20,mechanism_sweep,4973,treatment,4,16,0.4599,0,0.2316,185,13,103.67
mech_md25_ppon_r30,mechanism_sweep,1000,control,0,2,0.6167,0,0.2905,36,0,99.5
mech_md25_ppon_r30,mechanism_sweep,1000,control,1,0,0,0,0,0,0,0
mech_md25_ppon_r30,mechanism_sweep,1000,control,2,4,0.6569,0,0.2604,92,0,117.0
mech_md25_ppon_r30,mechanism_sweep,1000,control,3,1,0.6501,0,0.0,22,1,101.0
mech_md25_ppon_r30,mechanism_sweep,1000,control,4,5,0.6024,0,0.1985,92,5,105.0
mech_md25_ppon_r30,mechanism_sweep,1000,treatment,0,19,0.5941,0,0.3053,348,6,109.0
mech_md25_ppon_r30,mechanism_sweep,1000,treatment,1,28,0.5782,0,0.2997,465,17,116.02
mech_md25_ppon_r30,mechanism_sweep,1000,treatment,2,32,0.5655,0,0.2738,491,35,103.62
mech_md25_ppon_r30,mechanism_sweep,1000,treatment,3,19,0.6405,0,0.2601,339,19,108.13
mech_md25_ppon_r30,mechanism_sweep,1000,treatment,4,19,0.5731,0,0.2641,299,11,108.08
mech_md25_ppon_r30,mechanism_sweep,1137,control,0,4,0.6478,0,0.3082,83,1,124.0
mech_md25_ppon_r30,mechanism_sweep,1137,control,1,8,0.6582,0,0.2846,162,3,109.62
mech_md25_ppon_r30,mechanism_sweep,1137,control,2,2,0.7375,0,0.2362,43,1,119.5
mech_md25_ppon_r30,mechanism_sweep,1137,control,3,2,0.6401,0,0.2271,42,0,148.5
mech_md25_ppon_r30,mechanism_sweep,1137,control,4,2,0.654,0,0.1709,41,1,105.0
mech_md25_ppon_r30,mechanism_sweep,1137,treatment,0,4,0.549,0,0.2916,68,0,86.25
mech_md25_ppon_r30,mechanism_sweep,1137,treatment,1,7,0.5651,0,0.3653,120,2,91.96
mech_md25_ppon_r30,mechanism_sweep,1137,treatment,2,12,0.658,0,0.2735,228,5,107.0
mech_md25_ppon_r30,mechanism_sweep,1137,treatment,3,7,0.6536,0,0.2254,138,1,110.89
mech_md25_ppon_r30,mechanism_sweep,1137,treatment,4,9,0.6652,0,0.2584,165,4,104.75
mech_md25_ppon_r30,mechanism_sweep,1274,control,0,3,0.6672,0,0.2438,56,2,71.67
mech_md25_ppon_r30,mechanism_sweep,1274,control,1,1,0.7799,0,0.0,20,1,103.0
mech_md25_ppon_r30,mechanism_sweep,1274,control,2,3,0.4704,0,0.2325,45,1,105.0
mech_md25_ppon_r30,mechanism_sweep,1274,control,3,5,0.6158,0,0.1527,79,2,106.0
mech_md25_ppon_r30,mechanism_sweep,1274,control,4,0,0,0,0,0,0,0
mech_md25_ppon_r30,mechanism_sweep,1274,treatment,0,13,0.6174,0,0.3082,245,4,110.83
mech_md25_ppon_r30,mechanism_sweep,1274,treatment,1,11,0.5331,0,0.2523,151,6,114.73
mech_md25_ppon_r30,mechanism_sweep,1274,treatment,2,8,0.6466,0,0.2812,142,1,101.72
mech_md25_ppon_r30,mechanism_sweep,1274,treatment,3,11,0.6602,0,0.206,192,4,105.68
mech_md25_ppon_r30,mechanism_sweep,1274,treatment,4,8,0.717,0,0.2072,157,1,120.12
mech_md25_ppon_r30,mechanism_sweep,1411,control,0,5,0.6328,0,0.3204,96,1,82.4
mech_md25_ppon_r30,mechanism_sweep,1411,control,1,4,0.6779,0,0.3459,81,0,100.25
mech_md25_ppon_r30,mechanism_sweep,1411,control,2,1,0.6305,0,0.0,21,0,115.0
mech_md25_ppon_r30,mechanism_sweep,1411,control,3,0,0,0,0,0,0,0
mech_md25_ppon_r30,mechanism_sweep,1411,control,4,1,0.6073,0,0.0,14,0,94.0
mech_md25_ppon_r30,mechanism_sweep,1411,treatment,0,11,0.6377,0,0.3202,199,7,103.25
mech_md25_ppon_r30,mechanism_sweep,1411,treatment,1,14,0.6586,0,0.2791,267,8,130.73
mech_md25_ppon_r30,mechanism_sweep,1411,treatment,2,24,0.6112,0,0.2375,395,20,113.09
mech_md25_ppon_r30,mechanism_sweep,1411,treatment,3,16,0.6608,0,0.2492,309,5,106.75
mech_md25_ppon_r30,mechanism_sweep,1411,treatment,4,14,0.6576,0,0.2426,252,6,110.91
mech_md25_ppon_r30,mechanism_sweep,1548,control,0,3,0.653,0,0.2709,66,3,82.0
mech_md25_ppon_r30,mechanism_sweep,1548,control,1,4,0.61,0,0.2659,77,2,112.5
mech_md25_ppon_r30,mechanism_sweep,1548,control,2,1,0.6196,0,0.0,21,0,163.0
mech_md25_ppon_r30,mechanism_sweep,1548,control,3,2,0.6123,0,0.2969,38,0,91.5
mech_md25_ppon_r30,mechanism_sweep,1548,control,4,1,0.6597,0,0.0,20,0,90.0
mech_md25_ppon_r30,mechanism_sweep,1548,treatment,0,10,0.6136,0,0.2966,188,1,100.65
mech_md25_ppon_r30,mechanism_sweep,1548,treatment,1,8,0.6073,0,0.2561,143,4,107.62
mech_md25_ppon_r30,mechanism_sweep,1548,treatment,2,8,0.5795,0,0.2923,136,2,95.28
mech_md25_ppon_r30,mechanism_sweep,1548,treatment,3,19,0.4717,0,0.2027,240,15,104.68
mech_md25_ppon_r30,mechanism_sweep,1548,treatment,4,40,0.4871,0,0.2181,435,37,101.93
mech_md25_ppon_r30,mechanism_sweep,1685,control,0,9,0.5849,0,0.2611,161,13,94.44
mech_md25_ppon_r30,mechanism_sweep,1685,control,1,8,0.52,0,0.2823,122,10,112.38
mech_md25_ppon_r30,mechanism_sweep,1685,control,2,3,0.6404,0,0.2859,61,4,104.0
mech_md25_ppon_r30,mechanism_sweep,1685,control,3,22,0.5234,0,0.2203,320,30,113.59
mech_md25_ppon_r30,mechanism_sweep,1685,control,4,2,0.6221,0,0.0329,42,2,110.0
mech_md25_ppon_r30,mechanism_sweep,1685,treatment,0,13,0.5343,0,0.2778,206,13,114.81
mech_md25_ppon_r30,mechanism_sweep,1685,treatment,1,4,0.599,0,0.139,70,1,69.5
mech_md25_ppon_r30,mechanism_sweep,1685,treatment,2,7,0.6215,0,0.2531,122,2,110.29
mech_md25_ppon_r30,mechanism_sweep,1685,treatment,3,12,0.6648,0,0.2455,206,11,111.31
mech_md25_ppon_r30,mechanism_sweep,1685,treatment,4,19,0.5953,0,0.2737,289,19,114.32
mech_md25_ppon_r30,mechanism_sweep,1822,control,0,6,0.4931,0,0.3026,86,7,93.33
mech_md25_ppon_r30,mechanism_sweep,1822,control,1,4,0.514,0,0.2768,69,0,91.25
mech_md25_ppon_r30,mechanism_sweep,1822,control,2,1,0.5299,0,0.0,20,0,39.0
mech_md25_ppon_r30,mechanism_sweep,1822,control,3,2,0.4952,0,0.1168,31,2,106.5
mech_md25_ppon_r30,mechanism_sweep,1822,control,4,1,0.5699,0,0.0,37,0,119.0
mech_md25_ppon_r30,mechanism_sweep,1822,treatment,0,7,0.6106,0,0.3104,134,0,93.57
mech_md25_ppon_r30,mechanism_sweep,1822,treatment,1,6,0.6314,0,0.312,122,0,94.83
mech_md25_ppon_r30,mechanism_sweep,1822,treatment,2,4,0.5565,0,0.2999,77,0,115.88
mech_md25_ppon_r30,mechanism_sweep,1822,treatment,3,2,0.6159,0,0.2804,38,0,103.0
mech_md25_ppon_r30,mechanism_sweep,1822,treatment,4,1,0.6693,0,0.0,21,0,150.0
mech_md25_ppon_r30,mechanism_sweep,1959,control,0,6,0.6941,0,0.3686,121,2,117.0
mech_md25_ppon_r30,mechanism_sweep,1959,control,1,6,0.6827,0,0.3155,128,4,92.5
mech_md25_ppon_r30,mechanism_sweep,1959,control,2,5,0.6241,0,0.2926,86,2,110.6
mech_md25_ppon_r30,mechanism_sweep,1959,control,3,15,0.4911,0,0.1667,172,13,107.2
mech_md25_ppon_r30,mechanism_sweep,1959,control,4,10,0.5294,0,0.1686,135,4,117.8
mech_md25_ppon_r30,mechanism_sweep,1959,treatment,0,12,0.6415,0,0.3278,224,7,109.0
mech_md25_ppon_r30,mechanism_sweep,1959,treatment,1,12,0.6303,0,0.3079,223,9,125.73
mech_md25_ppon_r30,mechanism_sweep,1959,treatment,2,18,0.5795,0,0.2483,305,18,113.58
mech_md25_ppon_r30,mechanism_sweep,1959,treatment,3,63,0.4644,0,0.2459,740,86,111.3
mech_md25_ppon_r30,mechanism_sweep,1959,treatment,4,14,0.5701,0,0.2383,217,11,109.29
mech_md25_ppon_r30,mechanism_sweep,2096,control,0,6,0.646,0,0.312,119,2,121.0
mech_md25_ppon_r30,mechanism_sweep,2096,control,1,2,0.5221,0,0.2258,32,0,116.5
mech_md25_ppon_r30,mechanism_sweep,2096,control,2,4,0.6416,0,0.2455,81,2,108.5
mech_md25_ppon_r30,mechanism_sweep,2096,control,3,1,0.7051,0,0.0,41,1,60.0
mech_md25_ppon_r30,mechanism_sweep,2096,control,4,3,0.5813,0,0.3595,60,1,61.0
mech_md25_ppon_r30,mechanism_sweep,2096,treatment,0,7,0.6537,0,0.2648,131,2,127.32
mech_md25_ppon_r30,mechanism_sweep,2096,treatment,1,10,0.6366,0,0.3073,185,2,121.88
mech_md25_ppon_r30,mechanism_sweep,2096,treatment,2,6,0.6742,0,0.2718,119,4,75.12
mech_md25_ppon_r30,mechanism_sweep,2096,treatment,3,11,0.6241,0,0.2396,176,4,121.5
mech_md25_ppon_r30,mechanism_sweep,2096,treatment,4,5,0.5585,0,0.2144,75,1,105.1
mech_md25_ppon_r30,mechanism_sweep,2233,control,0,3,0.7385,0,0.3217,65,4,115.0
mech_md25_ppon_r30,mechanism_sweep,2233,control,1,0,0,0,0,0,0,0
mech_md25_ppon_r30,mechanism_sweep,2233,control,2,2,0.569,0,0.3142,36,0,108.5
mech_md25_ppon_r30,mechanism_sweep,2233,control,3,9,0.4806,0,0.0825,92,11,93.67
mech_md25_ppon_r30,mechanism_sweep,2233,control,4,11,0.529,0,0.2327,124,7,92.18
mech_md25_ppon_r30,mechanism_sweep,2233,treatment,0,8,0.6478,0,0.3249,167,2,112.75
mech_md25_ppon_r30,mechanism_sweep,2233,treatment,1,5,0.634,0,0.2958,103,3,124.7
mech_md25_ppon_r30,mechanism_sweep,2233,treatment,2,4,0.609,0,0.2725,78,1,112.12
mech_md25_ppon_r30,mechanism_sweep,2233,treatment,3,2,0.6986,0,0.3935,39,2,94.62
mech_md25_ppon_r30,mechanism_sweep,2233,treatment,4,6,0.5823,0,0.2316,95,4,100.71
mech_md25_ppon_r30,mechanism_sweep,2370,control,0,6,0.6315,0,0.3552,116,3,105.33
mech_md25_ppon_r30,mechanism_sweep,2370,control,1,10,0.5958,0,0.312,183,7,87.7
mech_md25_ppon_r30,mechanism_sweep,2370,control,2,10,0.562,0,0.263,161,9,96.5
mech_md25_ppon_r30,mechanism_sweep,2370,control,3,3,0.6465,0,0.2825,64,1,109.0
mech_md25_ppon_r30,mechanism_sweep,2370,control,4,6,0.5832,0,0.2273,120,2,87.33
mech_md25_ppon_r30,mechanism_sweep,2370,treatment,0,6,0.6873,0,0.2758,111,1,108.54
mech_md25_ppon_r30,mechanism_sweep,2370,treatment,1,12,0.6684,0,0.3176,236,9,85.25
mech_md25_ppon_r30,mechanism_sweep,2370,treatment,2,9,0.6835,0,0.2545,173,1,124.83
mech_md25_ppon_r30,mechanism_sweep,2370,treatment,3,9,0.6984,0,0.2379,180,1,111.72
mech_md25_ppon_r30,mechanism_sweep,2370,treatment,4,6,0.6656,0,0.1651,114,0,102.08
mech_md25_ppon_r30,mechanism_sweep,2507,control,0,3,0.6603,0,0.315,61,0,107.0
mech_md25_ppon_r30,mechanism_sweep,2507,control,1,4,0.7044,0,0.3092,86,2,139.5
mech_md25_ppon_r30,mechanism_sweep,2507,control,2,6,0.6326,0,0.3592,121,1,106.17
mech_md25_ppon_r30,mechanism_sweep,2507,control,3,8,0.6398,0,0.2785,162,1,100.75
mech_md25_ppon_r30,mechanism_sweep,2507,control,4,1,0.6721,0,0.0,20,0,100.0
mech_md25_ppon_r30,mechanism_sweep,2507,treatment,0,9,0.6249,0,0.3066,166,5,103.83
mech_md25_ppon_r30,mechanism_sweep,2507,treatment,1,15,0.611,0,0.3242,250,9,119.03
mech_md25_ppon_r30,mechanism_sweep,2507,treatment,2,11,0.5592,0,0.3154,183,3,99.14
mech_md25_ppon_r30,mechanism_sweep,2507,treatment,3,7,0.6053,0,0.2648,135,1,107.71
mech_md25_ppon_r30,mechanism_sweep,2507,treatment,4,6,0.5703,0,0.265,82,4,100.71
mech_md25_ppon_r30,mechanism_sweep,2644,control,0,2,0.629,0,0.2272,45,1,137.5
mech_md25_ppon_r30,mechanism_sweep,2644,control,1,3,0.6371,0,0.224,60,0,96.67
mech_md25_ppon_r30,mechanism_sweep,2644,control,2,1,0.7188,0,0.0,22,2,120.0
mech_md25_ppon_r30,mechanism_sweep,2644,control,3,2,0.5443,0,0.3107,38,0,76.0
mech_md25_ppon_r30,mechanism_sweep,2644,control,4,0,0,0,0,0,0,0
mech_md25_ppon_r30,mechanism_sweep,2644,treatment,0,13,0.5853,0,0.2781,246,4,106.23
mech_md25_ppon_r30,mechanism_sweep,2644,treatment,1,18,0.5911,0,0.2774,319,11,100.43
mech_md25_ppon_r30,mechanism_sweep,2644,treatment,2,13,0.6294,0,0.2429,240,7,118.85
mech_md25_ppon_r30,mechanism_sweep,2644,treatment,3,14,0.5976,0,0.288,241,11,113.57
mech_md25_ppon_r30,mechanism_sweep,2644,treatment,4,5,0.5239,0,0.2692,79,1,110.2
mech_md25_ppon_r30,mechanism_sweep,2781,control,0,7,0.636,0,0.2764,151,5,103.14
mech_md25_ppon_r30,mechanism_sweep,2781,control,1,8,0.632,0,0.2849,144,3,101.88
mech_md25_ppon_r30,mechanism_sweep,2781,control,2,1,0.8682,0,0.0,22,2,120.0
mech_md25_ppon_r30,mechanism_sweep,2781,control,3,3,0.6979,0,0.2621,62,1,112.33
mech_md25_ppon_r30,mechanism_sweep,2781,control,4,3,0.6628,0,0.3218,59,1,101.33
mech_md25_ppon_r30,mechanism_sweep,2781,treatment,0,11,0.616,0,0.3258,212,2,98.64
mech_md25_ppon_r30,mechanism_sweep,2781,treatment,1,11,0.5557,0,0.2785,171,7,105.86
mech_md25_ppon_r30,mechanism_sweep,2781,treatment,2,11,0.6941,0,0.2954,219,2,108.32
mech_md25_ppon_r30,mechanism_sweep,2781,treatment,3,5,0.6801,0,0.2442,94,0,104.75
mech_md25_ppon_r30,mechanism_sweep,2781,treatment,4,7,0.6959,0,0.2305,136,2,107.18
mech_md25_ppon_r30,mechanism_sweep,2918,control,0,5,0.6191,0,0.3649,89,0,110.6
mech_md25_ppon_r30,mechanism_sweep,2918,control,1,6,0.5514,0,0.2627,98,4,120.67
mech_md25_ppon_r30,mechanism_sweep,2918,control,2,32,0.4556,0,0.1216,344,42,117.41
mech_md25_ppon_r30,mechanism_sweep,2918,control,3,16,0.3775,0,0.1803,153,17,112.44
mech_md25_ppon_r30,mechanism_sweep,2918,control,4,8,0.588,0,0.0966,117,9,118.0
mech_md25_ppon_r30,mechanism_sweep,2918,treatment,0,9,0.6667,0,0.3422,186,1,113.97
mech_md25_ppon_r30,mechanism_sweep,2918,treatment,1,11,0.5376,0,0.3016,177,8,121.16
mech_md25_ppon_r30,mechanism_sweep,2918,treatment,2,7,0.6233,0,0.2052,134,1,140.79
mech_md25_ppon_r30,mechanism_sweep,2918,treatment,3,9,0.571,0,0.2123,162,5,103.56
mech_md25_ppon_r30,mechanism_sweep,2918,treatment,4,12,0.5221,0,0.1789,182,9,92.4
mech_md25_ppon_r30,mechanism_sweep,3055,control,0,7,0.6098,0,0.3416,143,0,107.14
mech_md25_ppon_r30,mechanism_sweep,3055,control,1,5,0.5451,0,0.2806,77,4,122.0
mech_md25_ppon_r30,mechanism_sweep,3055,control,2,0,0,0,0,0,0,0
mech_md25_ppon_r30,mechanism_sweep,3055,control,3,11,0.4894,0,0.267,157,4,102.73
mech_md25_ppon_r30,mechanism_sweep,3055,control,4,4,0.3841,0,0.2716,45,1,74.5
mech_md25_ppon_r30,mechanism_sweep,3055,treatment,0,11,0.6646,0,0.299,227,4,116.11
mech_md25_ppon_r30,mechanism_sweep,3055,treatment,1,7,0.6398,0,0.2922,130,4,94.93
mech_md25_ppon_r30,mechanism_sweep,3055,treatment,2,16,0.5537,0,0.277,262,11,120.28
mech_md25_ppon_r30,mechanism_sweep,3055,treatment,3,2,0.6833,0,0.4473,43,1,153.0
mech_md25_ppon_r30,mechanism_sweep,3055,treatment,4,9,0.5666,0,0.2946,141,4,106.89
mech_md25_ppon_r30,mechanism_sweep,3192,control,0,2,0.6292,0,0.2497,42,1,112.5
mech_md25_ppon_r30,mechanism_sweep,3192,control,1,4,0.649,0,0.2669,81,2,90.75
mech_md25_ppon_r30,mechanism_sweep,3192,control,2,0,0,0,0,0,0,0
mech_md25_ppon_r30,mechanism_sweep,3192,control,3,3,0.6468,0,0.3146,64,1,139.67
mech_md25_ppon_r30,mechanism_sweep,3192,control,4,4,0.5342,0,0.113,67,7,120.25
mech_md25_ppon_r30,mechanism_sweep,3192,treatment,0,7,0.6431,0,0.3274,140,2,126.64
mech_md25_ppon_r30,mechanism_sweep,3192,treatment,1,9,0.6014,0,0.2907,151,6,101.83
mech_md25_ppon_r30,mechanism_sweep,3192,treatment,2,6,0.5262,0,0.2226,85,1,123.5
mech_md25_ppon_r30,mechanism_sweep,3192,treatment,3,6,0.5607,0,0.234,81,5,99.42
mech_md25_ppon_r30,mechanism_sweep,3192,treatment,4,8,0.5149,0,0.2324,97,6,90.09
mech_md25_ppon_r30,mechanism_sweep,3329,control,0,5,0.6206,0,0.355,110,0,103.8
mech_md25_ppon_r30,mechanism_sweep,3329,control,1,3,0.6509,0,0.3301,61,0,111.33
mech_md25_ppon_r30,mechanism_sweep,3329,control,2,4,0.6284,0,0.1994,83,4,120.5
mech_md25_ppon_r30,mechanism_sweep,3329,control,3,2,0.5919,0,0.2128,42,0,122.5
mech_md25_ppon_r30,mechanism_sweep,3329,control,4,1,0.6198,0,0.0,21,0,117.0
mech_md25_ppon_r30,mechanism_sweep,3329,treatment,0,15,0.5552,0,0.2779,238,7,103.6
mech_md25_ppon_r30,mechanism_sweep,3329,treatment,1,6,0.7185,0,0.2828,113,1,129.21
mech_md25_ppon_r30,mechanism_sweep,3329,treatment,2,11,0.6843,0,0.2332,203,1,114.55
mech_md25_ppon_r30,mechanism_sweep,3329,treatment,3,6,0.7402,0,0.1572,118,1,134.75
mech_md25_ppon_r30,mechanism_sweep,3329,treatment,4,11,0.6626,0,0.1539,186,2,105.05
mech_md25_ppon_r30,mechanism_sweep,3466,control,0,2,0.6487,0,0.3351,41,1,101.0
mech_md25_ppon_r30,mechanism_sweep,3466,control,1,14,0.5418,0,0.2512,216,17,101.93
mech_md25_ppon_r30,mechanism_sweep,3466,control,2,7,0.4855,0,0.2032,99,3,89.29
mech_md25_ppon_r30,mechanism_sweep,3466,control,3,27,0.4596,0,0.2371,345,36,86.96
mech_md25_ppon_r30,mechanism_sweep,3466,control,4,11,0.4468,0,0.1648,131,19,99.91
mech_md25_ppon_r30,mechanism_sweep,3466,treatment,0,12,0.6335,0,0.2914,217,5,115.98
mech_md25_ppon_r30,mechanism_sweep,3466,treatment,1,7,0.67,0,0.3036,137,1,109.14
mech_md25_ppon_r30,mechanism_sweep,3466,treatment,2,5,0.6887,0,0.1718,88,3,94.6
mech_md25_ppon_r30,mechanism_sweep,3466,treatment,3,8,0.645,0,0.1766,139,2,121.34
mech_md25_ppon_r30,mechanism_sweep,3466,treatment,4,8,0.6961,0,0.2389,156,1,106.69
mech_md25_ppon_r30,mechanism_sweep,3603,control,0,7,0.6289,0,0.3026,140,1,93.0
mech_md25_ppon_r30,mechanism_sweep,3603,control,1,2,0.7775,0,0.2689,43,4,91.0
mech_md25_ppon_r30,mechanism_sweep,3603,control,2,1,0.5722,0,0.0,20,0,100.0
mech_md25_ppon_r30,mechanism_sweep,3603,control,3,4,0.5341,0,0.3326,65,1,103.5
mech_md25_ppon_r30,mechanism_sweep,3603,control,4,3,0.7592,0,0.1169,66,5,133.0
mech_md25_ppon_r30,mechanism_sweep,3603,treatment,0,11,0.582,0,0.3055,195,4,112.89
mech_md25_ppon_r30,mechanism_sweep,3603,treatment,1,11,0.6073,0,0.2872,207,2,105.41
mech_md25_ppon_r30,mechanism_sweep,3603,treatment,2,15,0.5482,0,0.2194,223,8,102.73
mech_md25_ppon_r30,mechanism_sweep,3603,treatment,3,21,0.6175,0,0.1698,325,22,99.65
mech_md25_ppon_r30,mechanism_sweep,3603,treatment,4,24,0.5918,0,0.1502,355,19,115.68
mech_md25_ppon_r30,mechanism_sweep,3740,control,0,7,0.6382,0,0.3285,144,2,106.29
mech_md25_ppon_r30,mechanism_sweep,3740,control,1,6,0.5857,0,0.2611,106,2,100.33
mech_md25_ppon_r30,mechanism_sweep,3740,control,2,7,0.6935,0,0.2708,140,4,106.86
mech_md25_ppon_r30,mechanism_sweep,3740,control,3,3,0.7336,0,0.1772,63,0,133.0
mech_md25_ppon_r30,mechanism_sweep,3740,control,4,2,0.8129,0,0.2647,43,3,115.0
mech_md25_ppon_r30,mechanism_sweep,3740,treatment,0,13,0.6817,0,0.3295,256,3,126.63
mech_md25_ppon_r30,mechanism_sweep,3740,treatment,1,8,0.6126,0,0.3117,148,0,87.06
mech_md25_ppon_r30,mechanism_sweep,3740,treatment,2,13,0.6884,0,0.2518,258,17,103.56
mech_md25_ppon_r30,mechanism_sweep,3740,treatment,3,19,0.6039,0,0.2425,325,15,90.51
mech_md25_ppon_r30,mechanism_sweep,3740,treatment,4,28,0.5513,0,0.2624,406,26,120.95
mech_md25_ppon_r30,mechanism_sweep,3877,control,0,5,0.6874,0,0.2605,103,2,97.0
mech_md25_ppon_r30,mechanism_sweep,3877,control,1,3,0.7159,0,0.1595,65,2,135.33
mech_md25_ppon_r30,mechanism_sweep,3877,control,2,3,0.6671,0,0.1778,60,3,132.0
mech_md25_ppon_r30,mechanism_sweep,3877,control,3,9,0.4727,0,0.1487,123,14,110.0
mech_md25_ppon_r30,mechanism_sweep,3877,control,4,3,0.4268,0,0.1318,41,2,109.0
mech_md25_ppon_r30,mechanism_sweep,3877,treatment,0,10,0.5992,0,0.3442,194,0,104.65
mech_md25_ppon_r30,mechanism_sweep,3877,treatment,1,4,0.618,0,0.3544,96,0,125.31
mech_md25_ppon_r30,mechanism_sweep,3877,treatment,2,4,0.6431,0,0.3009,78,1,102.25
mech_md25_ppon_r30,mechanism_sweep,3877,treatment,3,2,0.7567,0,0.3558,41,1,105.0
mech_md25_ppon_r30,mechanism_sweep,3877,treatment,4,3,0.6422,0,0.2593,54,2,112.25
mech_md25_ppon_r30,mechanism_sweep,4014,control,0,8,0.709,0,0.2891,170,7,107.88
mech_md25_ppon_r30,mechanism_sweep,4014,control,1,9,0.6016,0,0.2537,166,6,108.44
mech_md25_ppon_r30,mechanism_sweep,4014,control,2,8,0.5814,0,0.2115,143,5,112.0
mech_md25_ppon_r30,mechanism_sweep,4014,control,3,50,0.474,0,0.2292,666,81,111.56
mech_md25_ppon_r30,mechanism_sweep,4014,control,4,12,0.5621,0,0.1733,196,13,119.67
mech_md25_ppon_r30,mechanism_sweep,4014,treatment,0,17,0.5968,0,0.2801,291,15,115.12
mech_md25_ppon_r30,mechanism_sweep,4014,treatment,1,21,0.5428,0,0.2531,285,14,105.93
mech_md25_ppon_r30,mechanism_sweep,4014,treatment,2,9,0.695,0,0.2264,176,4,121.53
mech_md25_ppon_r30,mechanism_sweep,4014,treatment,3,18,0.7217,0,0.171,332,11,119.92
mech_md25_ppon_r30,mechanism_sweep,4014,treatment,4,14,0.7329,0,0.2019,278,4,112.64
mech_md25_ppon_r30,mechanism_sweep,4151,control,0,3,0.5273,0,0.301,49,3,124.67
mech_md25_ppon_r30,mechanism_sweep,4151,control,1,5,0.6562,0,0.3512,102,2,104.0
mech_md25_ppon_r30,mechanism_sweep,4151,control,2,0,0,0,0,0,0,0
mech_md25_ppon_r30,mechanism_sweep,4151,control,3,2,0.7289,0,0.246,41,1,103.5
mech_md25_ppon_r30,mechanism_sweep,4151,control,4,2,0.6521,0,0.2304,37,2,101.0
mech_md25_ppon_r30,mechanism_sweep,4151,treatment,0,23,0.6193,0,0.3068,423,16,125.49
mech_md25_ppon_r30,mechanism_sweep,4151,treatment,1,15,0.6049,0,0.2719,248,6,101.78
mech_md25_ppon_r30,mechanism_sweep,4151,treatment,2,8,0.68,0,0.2642,159,2,123.41
mech_md25_ppon_r30,mechanism_sweep,4151,treatment,3,14,0.6651,0,0.2276,261,6,109.66
mech_md25_ppon_r30,mechanism_sweep,4151,treatment,4,19,0.5945,0,0.2572,295,11,101.79
mech_md25_ppon_r30,mechanism_sweep,4288,control,0,2,0.6489,0,0.2362,44,1,146.5
mech_md25_ppon_r30,mechanism_sweep,4288,control,1,10,0.6308,0,0.2887,194,12,125.4
mech_md25_ppon_r30,mechanism_sweep,4288,control,2,7,0.5762,0,0.2774,135,1,109.57
mech_md25_ppon_r30,mechanism_sweep,4288,control,3,6,0.6408,0,0.3137,111,2,98.33
mech_md25_ppon_r30,mechanism_sweep,4288,control,4,6,0.6362,0,0.3221,113,0,125.83
mech_md25_ppon_r30,mechanism_sweep,4288,treatment,0,9,0.6623,0,0.3271,179,3,136.19
mech_md25_ppon_r30,mechanism_sweep,4288,treatment,1,3,0.7167,0,0.0058,63,1,131.67
mech_md25_ppon_r30,mechanism_sweep,4288,treatment,2,1,0.7266,0,0.0,22,0,120.0
mech_md25_ppon_r30,mechanism_sweep,4288,treatment,3,1,0.7204,0,0.0,19,0,137.5
mech_md25_ppon_r30,mechanism_sweep,4288,treatment,4,0,0,0,0,0,0,0
mech_md25_ppon_r30,mechanism_sweep,4425,control,0,8,0.537,0,0.2318,137,10,108.12
mech_md25_ppon_r30,mechanism_sweep,4425,control,1,1,0.6079,0,0.0,20,0,93.0
mech_md25_ppon_r30,mechanism_sweep,4425,control,2,6,0.599,0,0.246,117,2,110.33
mech_md25_ppon_r30,mechanism_sweep,4425,control,3,2,0.6691,0,0.2327,43,1,141.0
mech_md25_ppon_r30,mechanism_sweep,4425,control,4,13,0.5058,0,0.2041,194,10,111.54
mech_md25_ppon_r30,mechanism_sweep,4425,treatment,0,14,0.5817,0,0.2784,256,4,108.88
mech_md25_ppon_r30,mechanism_sweep,4425,treatment,1,4,0.553,0,0.1945,71,1,119.25
mech_md25_ppon_r30,mechanism_sweep,4425,treatment,2,3,0.603,0,0.2759,71,0,70.33
mech_md25_ppon_r30,mechanism_sweep,4425,treatment,3,10,0.4023,0,0.1212,117,8,117.85
mech_md25_ppon_r30,mechanism_sweep,4425,treatment,4,9,0.6019,0,0.2663,150,2,112.81
mech_md25_ppon_r30,mechanism_sweep,4562,control,0,4,0.6126,0,0.3073,72,1,86.25
mech_md25_ppon_r30,mechanism_sweep,4562,control,1,1,0.7627,0,0.0,22,1,127.0
mech_md25_ppon_r30,mechanism_sweep,4562,control,2,3,0.7053,0,0.1822,72,2,79.33
mech_md25_ppon_r30,mechanism_sweep,4562,control,3,2,0.5706,0,0.2223,38,0,91.5
mech_md25_ppon_r30,mechanism_sweep,4562,control,4,0,0,0,0,0,0,0
mech_md25_ppon_r30,mechanism_sweep,4562,treatment,0,5,0.6255,0,0.2956,96,0,118.2
mech_md25_ppon_r30,mechanism_sweep,4562,treatment,1,7,0.5105,0,0.2654,113,2,105.0
mech_md25_ppon_r30,mechanism_sweep,4562,treatment,2,11,0.6648,0,0.2702,215,2,115.91
mech_md25_ppon_r30,mechanism_sweep,4562,treatment,3,16,0.6113,0,0.2606,276,8,100.56
mech_md25_ppon_r30,mechanism_sweep,4562,treatment,4,11,0.7282,0,0.234,223,3,109.61
mech_md25_ppon_r30,mechanism_sweep,4699,control,0,4,0.6815,0,0.2958,79,4,114.75
mech_md25_ppon_r30,mechanism_sweep,4699,control,1,6,0.6021,0,0.2416,117,4,92.33
mech_md25_ppon_r30,mechanism_sweep,4699,control,2,1,0.7476,0,0.0,21,1,105.0
mech_md25_ppon_r30,mechanism_sweep,4699,control,3,1,0.6688,0,0.0,18,1,13.0
mech_md25_ppon_r30,mechanism_sweep,4699,control,4,7,0.4816,0,0.1842,83,4,112.71
mech_md25_ppon_r30,mechanism_sweep,4699,treatment,0,13,0.642,0,0.2873,244,2,110.42
mech_md25_ppon_r30,mechanism_sweep,4699,treatment,1,12,0.5866,0,0.278,198,8,107.33
mech_md25_ppon_r30,mechanism_sweep,4699,treatment,2,12,0.533,0,0.2663,179,6,111.17
mech_md25_ppon_r30,mechanism_sweep,4699,treatment,3,8,0.6136,0,0.2807,152,0,126.59
mech_md25_ppon_r30,mechanism_sweep,4699,treatment,4,4,0.5716,0,0.2452,76,0,94.81
mech_md25_ppon_r30,mechanism_sweep,4836,control,0,4,0.6456,0,0.3319,83,1,121.75
mech_md25_ppon_r30,mechanism_sweep,4836,control,1,10,0.4659,0,0.27,126,13,111.4
mech_md25_ppon_r30,mechanism_sweep,4836,control,2,2,0.7361,0,0.1719,43,1,113.0
mech_md25_ppon_r30,mechanism_sweep,4836,control,3,0,0,0,0,0,0,0
mech_md25_ppon_r30,mechanism_sweep,4836,control,4,1,0.6983,0,0.0,21,1,110.0
mech_md25_ppon_r30,mechanism_sweep,4836,treatment,0,13,0.558,0,0.3144,234,0,112.27
mech_md25_ppon_r30,mechanism_sweep,4836,treatment,1,9,0.6247,0,0.2569,174,0,123.28
mech_md25_ppon_r30,mechanism_sweep,4836,treatment,2,7,0.7001,0,0.2568,140,3,129.79
mech_md25_ppon_r30,mechanism_sweep,4836,treatment,3,4,0.6317,0,0.2422,67,0,103.81
mech_md25_ppon_r30,mechanism_sweep,4836,treatment,4,3,0.6175,0,0.2999,57,1,116.33
mech_md25_ppon_r30,mechanism_sweep,4973,control,0,6,0.5955,0,0.2554,116,1,96.33
mech_md25_ppon_r30,mechanism_sweep,4973,control,1,8,0.6328,0,0.2475,155,8,116.12
mech_md25_ppon_r30,mechanism_sweep,4973,control,2,23,0.4138,0,0.2453,251,19,98.09
mech_md25_ppon_r30,mechanism_sweep,4973,control,3,4,0.5774,0,0.1927,68,2,76.75
mech_md25_ppon_r30,mechanism_sweep,4973,control,4,9,0.569,0,0.2373,144,12,112.0
mech_md25_ppon_r30,mechanism_sweep,4973,treatment,0,18,0.6302,0,0.3309,335,4,113.81
mech_md25_ppon_r30,mechanism_sweep,4973,treatment,1,16,0.5922,0,0.3153,294,5,113.11
mech_md25_ppon_r30,mechanism_sweep,4973,treatment,2,13,0.6248,0,0.2644,234,4,101.58
mech_md25_ppon_r30,mechanism_sweep,4973,treatment,3,26,0.5195,0,0.2794,358,19,103.04
mech_md25_ppon_r30,mechanism_sweep,4973,treatment,4,6,0.6886,0,0.3135,110,4,118.58
mech_md50_ppoff_r05,mechanism_sweep,1000,control,0,2,0.6167,0,0.2905,36,0,99.5
mech_md50_ppoff_r05,mechanism_sweep,1000,control,1,0,0,0,0,0,0,0
mech_md50_ppoff_r05,mechanism_sweep,1000,control,2,4,0.6569,0,0.2604,92,0,117.0
mech_md50_ppoff_r05,mechanism_sweep,1000,control,3,1,0.6501,0,0.0,22,1,101.0
mech_md50_ppoff_r05,mechanism_sweep,1000,control,4,5,0.6024,0,0.1985,92,5,105.0
mech_md50_ppoff_r05,mechanism_sweep,1000,treatment,0,5,0.6603,0,0.3372,105,1,113.4
mech_md50_ppoff_r05,mechanism_sweep,1000,treatment,1,3,0.6494,0,0.3164,62,0,91.33
mech_md50_ppoff_r05,mechanism_sweep,1000,treatment,2,7,0.524,0,0.3162,107,2,91.29
mech_md50_ppoff_r05,mechanism_sweep,1000,treatment,3,13,0.5432,0,0.3008,204,9,109.0
mech_md50_ppoff_r05,mechanism_sweep,1000,treatment,4,12,0.5359,0,0.2698,163,10,113.08
mech_md50_ppoff_r05,mechanism_sweep,1137,control,0,4,0.6478,0,0.3082,83,1,124.0
mech_md50_ppoff_r05,mechanism_sweep,1137,control,1,8,0.6582,0,0.2846,162,3,109.62
mech_md50_ppoff_r05,mechanism_sweep,1137,control,2,2,0.7375,0,0.2362,43,1,119.5
mech_md50_ppoff_r05,mechanism_sweep,1137,control,3,2,0.6401,0,0.2271,42,0,148.5
mech_md50_ppoff_r05,mechanism_sweep,1137,control,4,2,0.654,0,0.1709,41,1,105.0
mech_md50_ppoff_r05,mechanism_sweep,1137,treatment,0,2,0.755,0,0.2899,40,1,114.0
mech_md50_ppoff_r05,mechanism_sweep,1137,treatment,1,3,0.6279,0,0.2739,57,0,126.0
mech_md50_ppoff_r05,mechanism_sweep,1137,treatment,2,4,0.7075,0,0.3065,84,1,130.0
mech_md50_ppoff_r05,mechanism_sweep,1137,treatment,3,3,0.7393,0,0.2307,63,1,109.33
mech_md50_ppoff_r05,mechanism_sweep,1137,treatment,4,1,0.7148,0,0.0,19,0,125.0
mech_md50_ppoff_r05,mechanism_sweep,1274,control,0,3,0.6672,0,0.2438,56,2,71.67
mech_md50_ppoff_r05,mechanism_sweep,1274,control,1,1,0.7799,0,0.0,20,1,103.0
mech_md50_ppoff_r05,mechanism_sweep,1274,control,2,3,0.4704,0,0.2325,45,1,105.0
mech_md50_ppoff_r05,mechanism_sweep,1274,control,3,5,0.6158,0,0.1527,79,2,106.0
mech_md50_ppoff_r05,mechanism_sweep,1274,control,4,0,0,0,0,0,0,0
mech_md50_ppoff_r05,mechanism_sweep,1274,treatment,0,7,0.74,0,0.2548,147,6,106.14
mech_md50_ppoff_r05,mechanism_sweep,1274,treatment,1,6,0.7016,0,0.329,123,3,100.33
mech_md50_ppoff_r05,mechanism_sweep,1274,treatment,2,1,0.6818,0,0.0,21,0,141.0
mech_md50_ppoff_r05,mechanism_sweep,1274,treatment,3,1,0.7846,0,0.0,24,2,90.0
mech_md50_ppoff_r05,mechanism_sweep,1274,treatment,4,1,0.7129,0,0.0,19,1,110.0
mech_md50_ppoff_r05,mechanism_sweep,1411,control,0,5,0.6328,0,0.3204,96,1,82.4
mech_md50_ppoff_r05,mechanism_sweep,1411,control,1,4,0.6779,0,0.3459,81,0,100.25
mech_md50_ppoff_r05,mechanism_sweep,1411,control,2,1,0.6305,0,0.0,21,0,115.0
mech_md50_ppoff_r05,mechanism_sweep,1411,control,3,0,0,0,0,0,0,0
mech_md50_ppoff_r05,mechanism_sweep,1411,control,4,1,0.6073,0,0.0,14,0,94.0
mech_md50_ppoff_r05,mechanism_sweep,1411,treatment,0,1,0.6822,0,0.0,20,0,100.0
mech_md50_ppoff_r05,mechanism_sweep,1411,treatment,1,6,0.6513,0,0.2937,119,2,120.67
mech_md50_ppoff_r05,mechanism_sweep,1411,treatment,2,2,0.648,0,0.3922,39,0,131.0
mech_md50_ppoff_r05,mechanism_sweep,1411,treatment,3,0,0,0,0,0,0,0
mech_md50_ppoff_r05,mechanism_sweep,1411,treatment,4,1,0.6795,0,0.0,20,0,100.0
mech_md50_ppoff_r05,mechanism_sweep,1548,control,0,3,0.653,0,0.2709,66,3,82.0
mech_md50_ppoff_r05,mechanism_sweep,1548,control,1,4,0.61,0,0.2659,77,2,112.5
mech_md50_ppoff_r05,mechanism_sweep,1548,control,2,1,0.6196,0,0.0,21,0,163.0
mech_md50_ppoff_r05,mechanism_sweep,1548,control,3,2,0.6123,0,0.2969,38,0,91.5
mech_md50_ppoff_r05,mechanism_sweep,1548,control,4,1,0.6597,0,0.0,20,0,90.0
mech_md50_ppoff_r05,mechanism_sweep,1548,treatment,0,6,0.6914,0,0.3114,121,2,88.67
mech_md50_ppoff_r05,mechanism_sweep,1548,treatment,1,4,0.6337,0,0.2917,78,1,86.25
mech_md50_ppoff_r05,mechanism_sweep,1548,treatment,2,0,0,0,0,0,0,0
mech_md50_ppoff_r05,mechanism_sweep,1548,treatment,3,2,0.5716,0,0.3802,39,0,72.0
mech_md50_ppoff_r05,mechanism_sweep,1548,treatment,4,6,0.5072,0,0.2578,90,4,106.67
mech_md50_ppoff_r05,mechanism_sweep,1685,control,0,9,0.5849,0,0.2611,161,13,94.44
mech_md50_ppoff_r05,mechanism_sweep,1685,control,1,8,0.52,0,0.2823,122,10,112.38
mech_md50_ppoff_r05,mechanism_sweep,1685,control,2,3,0.6404,0,0.2859,61,4,104.0
mech_md50_ppoff_r05,mechanism_sweep,1685,control,3,22,0.5234,0,0.2203,320,30,113.59
mech_md50_ppoff_r05,mechanism_sweep,1685,control,4,2,0.6221,0,0.0329,42,2,110.0
mech_md50_ppoff_r05,mechanism_sweep,1685,treatment,0,8,0.6325,0,0.3585,155,7,87.62
mech_md50_ppoff_r05,mechanism_sweep,1685,treatment,1,4,0.6098,0,0.2751,69,1,112.0
mech_md50_ppoff_r05,mechanism_sweep,1685,treatment,2,2,0.4188,0,0.0047,29,1,97.5
mech_md50_ppoff_r05,mechanism_sweep,1685,treatment,3,7,0.642,0,0.232,116,7,96.57
mech_md50_ppoff_r05,mechanism_sweep,1685,treatment,4,3,0.6275,0,0.2741,49,1,97.0
mech_md50_ppoff_r05,mechanism_sweep,1822,control,0,6,0.4931,0,0.3026,86,7,93.33
mech_md50_ppoff_r05,mechanism_sweep,1822,control,1,4,0.514,0,0.2768,69,0,91.25
mech_md50_ppoff_r05,mechanism_sweep,1822,control,2,1,0.5299,0,0.0,20,0,39.0
mech_md50_ppoff_r05,mechanism_sweep,1822,control,3,2,0.4952,0,0.1168,31,2,106.5
mech_md50_ppoff_r05,mechanism_sweep,1822,control,4,1,0.5699,0,0.0,37,0,119.0
mech_md50_ppoff_r05,mechanism_sweep,1822,treatment,0,2,0.6609,0,0.4453,36,1,147.5
mech_md50_ppoff_r05,mechanism_sweep,1822,treatment,1,1,0.485,0,0.0,17,0,119.0
mech_md50_ppoff_r05,mechanism_sweep,1822,treatment,2,1,0.6024,0,0.0,20,0,92.0
mech_md50_ppoff_r05,mechanism_sweep,1822,treatment,3,1,0.6283,0,0.0,12,1,118.0
mech_md50_ppoff_r05,mechanism_sweep,1822,treatment,4,1,0.646,0,0.0,20,0,54.0
mech_md50_ppoff_r05,mechanism_sweep,1959,control,0,6,0.6941,0,0.3686,121,2,117.0
mech_md50_ppoff_r05,mechanism_sweep,1959,control,1,6,0.6827,0,0.3155,128,4,92.5
mech_md50_ppoff_r05,mechanism_sweep,1959,control,2,5,0.6241,0,0.2926,86,2,110.6
mech_md50_ppoff_r05,mechanism_sweep,1959,control,3,15,0.4911,0,0.1667,172,13,107.2
mech_md50_ppoff_r05,mechanism_sweep,1959,control,4,10,0.5294,0,0.1686,135,4,117.8
mech_md50_ppoff_r05,mechanism_sweep,1959,treatment,0,10,0.5967,0,0.3068,182,7,90.9
mech_md50_ppoff_r05,mechanism_sweep,1959,treatment,1,6,0.6097,0,0.2109,110,6,127.33
mech_md50_ppoff_r05,mechanism_sweep,1959,treatment,2,22,0.4346,0,0.2286,227,18,100.5
mech_md50_ppoff_r05,mechanism_sweep,1959,treatment,3,6,0.6015,0,0.2652,101,8,81.17
mech_md50_ppoff_r05,mechanism_sweep,1959,treatment,4,3,0.6818,0,0.3282,55,2,100.33
mech_md50_ppoff_r05,mechanism_sweep,2096,control,0,6,0.646,0,0.312,119,2,121.0
mech_md50_ppoff_r05,mechanism_sweep,2096,control,1,2,0.5221,0,0.2258,32,0,116.5
mech_md50_ppoff_r05,mechanism_sweep,2096,control,2,4,0.6416,0,0.2455,81,2,108.5
mech_md50_ppoff_r05,mechanism_sweep,2096,control,3,1,0.7051,0,0.0,41,1,60.0
mech_md50_ppoff_r05,mechanism_sweep,2096,control,4,3,0.5813,0,0.3595,60,1,61.0
mech_md50_ppoff_r05,mechanism_sweep,2096,treatment,0,4,0.4324,0,0.3326,54,0,93.75
mech_md50_ppoff_r05,mechanism_sweep,2096,treatment,1,2,0.6522,0,0.2997,39,0,95.0
mech_md50_ppoff_r05,mechanism_sweep,2096,treatment,2,4,0.6352,0,0.2989,78,3,109.5
mech_md50_ppoff_r05,mechanism_sweep,2096,treatment,3,3,0.6609,0,0.2712,57,1,126.0
mech_md50_ppoff_r05,mechanism_sweep,2096,treatment,4,8,0.3582,0,0.1915,80,7,88.12
mech_md50_ppoff_r05,mechanism_sweep,2233,control,0,3,0.7385,0,0.3217,65,4,115.0
mech_md50_ppoff_r05,mechanism_sweep,2233,control,1,0,0,0,0,0,0,0
mech_md50_ppoff_r05,mechanism_sweep,2233,control,2,2,0.569,0,0.3142,36,0,108.5
mech_md50_ppoff_r05,mechanism_sweep,2233,control,3,9,0.4806,0,0.0825,92,11,93.67
mech_md50_ppoff_r05,mechanism_sweep,2233,control,4,11,0.529,0,0.2327,124,7,92.18
mech_md50_ppoff_r05,mechanism_sweep,2233,treatment,0,3,0.6747,0,0.3635,63,2,114.33
mech_md50_ppoff_r05,mechanism_sweep,2233,treatment,1,3,0.6802,0,0.2655,62,2,102.67
mech_md50_ppoff_r05,mechanism_sweep,2233,treatment,2,5,0.5362,0,0.2736,85,2,101.8
mech_md50_ppoff_r05,mechanism_sweep,2233,treatment,3,1,0.6925,0,0.0,21,0,150.0
mech_md50_ppoff_r05,mechanism_sweep,2233,treatment,4,4,0.6832,0,0.2276,78,4,119.0
mech_md50_ppoff_r05,mechanism_sweep,2370,control,0,6,0.6315,0,0.3552,116,3,105.33
mech_md50_ppoff_r05,mechanism_sweep,2370,control,1,10,0.5958,0,0.312,183,7,87.7
mech_md50_ppoff_r05,mechanism_sweep,2370,control,2,10,0.562,0,0.263,161,9,96.5
mech_md50_ppoff_r05,mechanism_sweep,2370,control,3,3,0.6465,0,0.2825,64,1,109.0
mech_md50_ppoff_r05,mechanism_sweep,2370,control,4,6,0.5832,0,0.2273,120,2,87.33
mech_md50_ppoff_r05,mechanism_sweep,2370,treatment,0,9,0.5662,0,0.3052,167,3,94.89
mech_md50_ppoff_r05,mechanism_sweep,2370,treatment,1,6,0.7131,0,0.2147,126,7,93.5
mech_md50_ppoff_r05,mechanism_sweep,2370,treatment,2,8,0.5447,0,0.1577,111,6,97.0
mech_md50_ppoff_r05,mechanism_sweep,2370,treatment,3,6,0.5592,0,0.1551,77,3,124.5
mech_md50_ppoff_r05,mechanism_sweep,2370,treatment,4,3,0.6962,0,0.2519,61,1,91.33
mech_md50_ppoff_r05,mechanism_sweep,2507,control,0,3,0.6603,0,0.315,61,0,107.0
mech_md50_ppoff_r05,mechanism_sweep,2507,control,1,4,0.7044,0,0.3092,86,2,139.5
mech_md50_ppoff_r05,mechanism_sweep,2507,control,2,6,0.6326,0,0.3592,121,1,106.17
mech_md50_ppoff_r05,mechanism_sweep,2507,control,3,8,0.6398,0,0.2785,162,1,100.75
mech_md50_ppoff_r05,mechanism_sweep,2507,control,4,1,0.6721,0,0.0,20,0,100.0
mech_md50_ppoff_r05,mechanism_sweep,2507,treatment,0,4,0.6683,0,0.3327,81,1,124.25
mech_md50_ppoff_r05,mechanism_sweep,2507,treatment,1,8,0.4411,0,0.17,107,9,97.75
mech_md50_ppoff_r05,mechanism_sweep,2507,treatment,2,2,0.6438,0,0.5249,42,0,140.0
mech_md50_ppoff_r05,mechanism_sweep,2507,treatment,3,0,0,0,0,0,0,0
mech_md50_ppoff_r05,mechanism_sweep,2507,treatment,4,0,0,0,0,0,0,0
mech_md50_ppoff_r05,mechanism_sweep,2644,control,0,2,0.629,0,0.2272,45,1,137.5
mech_md50_ppoff_r05,mechanism_sweep,2644,control,1,3,0.6371,0,0.224,60,0,96.67
mech_md50_ppoff_r05,mechanism_sweep,2644,control,2,1,0.7188,0,0.0,22,2,120.0
mech_md50_ppoff_r05,mechanism_sweep,2644,control,3,2,0.5443,0,0.3107,38,0,76.0
mech_md50_ppoff_r05,mechanism_sweep,2644,control,4,0,0,0,0,0,0,0
mech_md50_ppoff_r05,mechanism_sweep,2644,treatment,0,5,0.5497,0,0.3159,84,2,103.2
mech_md50_ppoff_r05,mechanism_sweep,2644,treatment,1,10,0.5514,0,0.2595,166,5,96.4
mech_md50_ppoff_r05,mechanism_sweep,2644,treatment,2,11,0.6027,0,0.2621,199,6,96.73
mech_md50_ppoff_r05,mechanism_sweep,2644,treatment,3,4,0.6136,0,0.2998,79,3,112.5
mech_md50_ppoff_r05,mechanism_sweep,2644,treatment,4,9,0.5529,0,0.1463,148,9,96.44
mech_md50_ppoff_r05,mechanism_sweep,2781,control,0,7,0.636,0,0.2764,151,5,103.14
mech_md50_ppoff_r05,mechanism_sweep,2781,control,1,8,0.632,0,0.2849,144,3,101.88
mech_md50_ppoff_r05,mechanism_sweep,2781,control,2,1,0.8682,0,0.0,22,2,120.0
mech_md50_ppoff_r05,mechanism_sweep,2781,control,3,3,0.6979,0,0.2621,62,1,112.33
mech_md50_ppoff_r05,mechanism_sweep,2781,control,4,3,0.6628,0,0.3218,59,1,101.33
mech_md50_ppoff_r05,mechanism_sweep,2781,treatment,0,6,0.6132,0,0.3408,111,0,104.33
mech_md50_ppoff_r05,mechanism_sweep,2781,treatment,1,4,0.7171,0,0.2231,81,0,105.25
mech_md50_ppoff_r05,mechanism_sweep,2781,treatment,2,2,0.7542,0,0.4338,44,2,87.5
mech_md50_ppoff_r05,mechanism_sweep,2781,treatment,3,5,0.702,0,0.173,102,0,130.0
mech_md50_ppoff_r05,mechanism_sweep,2781,treatment,4,7,0.7273,0,0.2346,145,2,105.71
mech_md50_ppoff_r05,mechanism_sweep,2918,control,0,5,0.6191,0,0.3649,89,0,110.6
mech_md50_ppoff_r05,mechanism_sweep,2918,control,1,6,0.5514,0,0.2627,98,4,120.67
mech_md50_ppoff_r05,mechanism_sweep,2918,control,2,32,0.4556,0,0.1216,344,42,117.41
mech_md50_ppoff_r05,mechanism_sweep,2918,control,3,16,0.3775,0,0.1803,153,17,112.44
mech_md50_ppoff_r05,mechanism_sweep,2918,control,4,8,0.588,0,0.0966,117,9,118.0
mech_md50_ppoff_r05,mechanism_sweep,2918,treatment,0,4,0.6316,0,0.2861,76,0,101.25
mech_md50_ppoff_r05,mechanism_sweep,2918,treatment,1,4,0.6722,0,0.284,84,5,79.25
mech_md50_ppoff_r05,mechanism_sweep,2918,treatment,2,8,0.5494,0,0.2729,104,4,75.12
mech_md50_ppoff_r05,mechanism_sweep,2918,treatment,3,1,0.5966,0,0.0,17,0,91.0
mech_md50_ppoff_r05,mechanism_sweep,2918,treatment,4,1,0.6289,0,0.0,16,0,97.0
mech_md50_ppoff_r05,mechanism_sweep,3055,control,0,7,0.6098,0,0.3416,143,0,107.14
mech_md50_ppoff_r05,mechanism_sweep,3055,control,1,5,0.5451,0,0.2806,77,4,122.0
mech_md50_ppoff_r05,mechanism_sweep,3055,control,2,0,0,0,0,0,0,0
mech_md50_ppoff_r05,mechanism_sweep,3055,control,3,11,0.4894,0,0.267,157,4,102.73
mech_md50_ppoff_r05,mechanism_sweep,3055,control,4,4,0.3841,0,0.2716,45,1,74.5
mech_md50_ppoff_r05,mechanism_sweep,3055,treatment,0,4,0.5958,0,0.3885,79,1,94.5
mech_md50_ppoff_r05,mechanism_sweep,3055,treatment,1,8,0.6081,0,0.3129,150,1,96.88
mech_md50_ppoff_r05,mechanism_sweep,3055,treatment,2,3,0.6399,0,0.3257,61,1,107.67
mech_md50_ppoff_r05,mechanism_sweep,3055,treatment,3,3,0.6241,0,0.2273,58,0,98.0
mech_md50_ppoff_r05,mechanism_sweep,3055,treatment,4,0,0,0,0,0,0,0
mech_md50_ppoff_r05,mechanism_sweep,3192,control,0,2,0.6292,0,0.2497,42,1,112.5
mech_md50_ppoff_r05,mechanism_sweep,3192,control,1,4,0.649,0,0.2669,81,2,90.75
mech_md50_ppoff_r05,mechanism_sweep,3192,control,2,0,0,0,0,0,0,0
mech_md50_ppoff_r05,mechanism_sweep,3192,control,3,3,0.6468,0,0.3146,64,1,139.67
mech_md50_ppoff_r05,mechanism_sweep,3192,control,4,4,0.5342,0,0.113,67,7,120.25
mech_md50_ppoff_r05,mechanism_sweep,3192,treatment,0,5,0.5812,0,0.3218,88,2,108.0
mech_md50_ppoff_r05,mechanism_sweep,3192,treatment,1,7,0.6385,0,0.3198,144,0,119.86
mech_md50_ppoff_r05,mechanism_sweep,3192,treatment,2,1,0.657,0,0.0,21,0,140.0
mech_md50_ppoff_r05,mechanism_sweep,3192,treatment,3,1,0.551,0,0.0,18,0,75.0
mech_md50_ppoff_r05,mechanism_sweep,3192,treatment,4,1,0.6726,0,0.0,21,1,125.0
mech_md50_ppoff_r05,mechanism_sweep,3329,control,0,5,0.6206,0,0.355,110,0,103.8
mech_md50_ppoff_r05,mechanism_sweep,3329,control,1,3,0.6509,0,0.3301,61,0,111.33
mech_md50_ppoff_r05,mechanism_sweep,3329,control,2,4,0.6284,0,0.1994,83,4,120.5
mech_md50_ppoff_r05,mechanism_sweep,3329,control,3,2,0.5919,0,0.2128,42,0,122.5
mech_md50_ppoff_r05,mechanism_sweep,3329,control,4,1,0.6198,0,0.0,21,0,117.0
mech_md50_ppoff_r05,mechanism_sweep,3329,treatment,0,6,0.6437,0,0.3274,120,5,94.5
mech_md50_ppoff_r05,mechanism_sweep,3329,treatment,1,1,0.7847,0,0.0,20,0,175.0
mech_md50_ppoff_r05,mechanism_sweep,3329,treatment,2,3,0.7058,0,0.2914,63,1,129.33
mech_md50_ppoff_r05,mechanism_sweep,3329,treatment,3,1,0.5867,0,0.0,21,0,128.0
mech_md50_ppoff_r05,mechanism_sweep,3329,treatment,4,0,0,0,0,0,0,0
mech_md50_ppoff_r05,mechanism_sweep,3466,control,0,2,0.6487,0,0.3351,41,1,101.0
mech_md50_ppoff_r05,mechanism_sweep,3466,control,1,14,0.5418,0,0.2512,216,17,101.93
mech_md50_ppoff_r05,mechanism_sweep,3466,control,2,7,0.4855,0,0.2032,99,3,89.29
mech_md50_ppoff_r05,mechanism_sweep,3466,control,3,27,0.4596,0,0.2371,345,36,86.96
mech_md50_ppoff_r05,mechanism_sweep,3466,control,4,11,0.4468,0,0.1648,131,19,99.91
mech_md50_ppoff_r05,mechanism_sweep,3466,treatment,0,8,0.5276,0,0.2986,121,4,84.5
mech_md50_ppoff_r05,mechanism_sweep,3466,treatment,1,4,0.6717,0,0.3158,81,2,96.75
mech_md50_ppoff_r05,mechanism_sweep,3466,treatment,2,2,0.5952,0,0.3389,39,0,100.5
mech_md50_ppoff_r05,mechanism_sweep,3466,treatment,3,0,0,0,0,0,0,0
mech_md50_ppoff_r05,mechanism_sweep,3466,treatment,4,1,0.6556,0,0.0,21,1,110.0
mech_md50_ppoff_r05,mechanism_sweep,3603,control,0,7,0.6289,0,0.3026,140,1,93.0
mech_md50_ppoff_r05,mechanism_sweep,3603,control,1,2,0.7775,0,0.2689,43,4,91.0
mech_md50_ppoff_r05,mechanism_sweep,3603,control,2,1,0.5722,0,0.0,20,0,100.0
mech_md50_ppoff_r05,mechanism_sweep,3603,control,3,4,0.5341,0,0.3326,65,1,103.5
mech_md50_ppoff_r05,mechanism_sweep,3603,control,4,3,0.7592,0,0.1169,66,5,133.0
mech_md50_ppoff_r05,mechanism_sweep,3603,treatment,0,6,0.5507,0,0.2333,94,5,122.83
mech_md50_ppoff_r05,mechanism_sweep,3603,treatment,1,5,0.6943,0,0.2662,108,6,141.6
mech_md50_ppoff_r05,mechanism_sweep,3603,treatment,2,3,0.6039,0,0.2789,60,1,94.67
mech_md50_ppoff_r05,mechanism_sweep,3603,treatment,3,0,0,0,0,0,0,0
mech_md50_ppoff_r05,mechanism_sweep,3603,treatment,4,1,0.6307,0,0.0,16,1,128.0
mech_md50_ppoff_r05,mechanism_sweep,3740,control,0,7,0.6382,0,0.3285,144,2,106.29
mech_md50_ppoff_r05,mechanism_sweep,3740,control,1,6,0.5857,0,0.2611,106,2,100.33
mech_md50_ppoff_r05,mechanism_sweep,3740,control,2,7,0.6935,0,0.2708,140,4,106.86
mech_md50_ppoff_r05,mechanism_sweep,3740,control,3,3,0.7336,0,0.1772,63,0,133.0
mech_md50_ppoff_r05,mechanism_sweep,3740,control,4,2,0.8129,0,0.2647,43,3,115.0
mech_md50_ppoff_r05,mechanism_sweep,3740,treatment,0,12,0.6542,0,0.3114,248,4,110.67
mech_md50_ppoff_r05,mechanism_sweep,3740,treatment,1,6,0.625,0,0.2334,105,4,81.67
mech_md50_ppoff_r05,mechanism_sweep,3740,treatment,2,7,0.7207,0,0.2636,132,6,110.86
mech_md50_ppoff_r05,mechanism_sweep,3740,treatment,3,34,0.4675,0,0.213,375,49,99.26
mech_md50_ppoff_r05,mechanism_sweep,3740,treatment,4,9,0.6643,0,0.1551,154,11,93.56
mech_md50_ppoff_r05,mechanism_sweep,3877,control,0,5,0.6874,0,0.2605,103,2,97.0
mech_md50_ppoff_r05,mechanism_sweep,3877,control,1,3,0.7159,0,0.1595,65,2,135.33
mech_md50_ppoff_r05,mechanism_sweep,3877,control,2,3,0.6671,0,0.1778,60,3,132.0
mech_md50_ppoff_r05,mechanism_sweep,3877,control,3,9,0.4727,0,0.1487,123,14,110.0
mech_md50_ppoff_r05,mechanism_sweep,3877,control,4,3,0.4268,0,0.1318,41,2,109.0
mech_md50_ppoff_r05,mechanism_sweep,3877,treatment,0,5,0.6372,0,0.3115,99,1,116.4
mech_md50_ppoff_r05,mechanism_sweep,3877,treatment,1,1,0.6943,0,0.0,21,1,97.0
mech_md50_ppoff_r05,mechanism_sweep,3877,treatment,2,3,0.5757,0,0.2574,55,1,120.67
mech_md50_ppoff_r05,mechanism_sweep,3877,treatment,3,0,0,0,0,0,0,0
mech_md50_ppoff_r05,mechanism_sweep,3877,treatment,4,0,0,0,0,0,0,0
mech_md50_ppoff_r05,mechanism_sweep,4014,control,0,8,0.709,0,0.2891,170,7,107.88
mech_md50_ppoff_r05,mechanism_sweep,4014,control,1,9,0.6016,0,0.2537,166,6,108.44
mech_md50_ppoff_r05,mechanism_sweep,4014,control,2,8,0.5814,0,0.2115,143,5,112.0
mech_md50_ppoff_r05,mechanism_sweep,4014,control,3,50,0.474,0,0.2292,666,81,111.56
mech_md50_ppoff_r05,mechanism_sweep,4014,control,4,12,0.5621,0,0.1733,196,13,119.67
mech_md50_ppoff_r05,mechanism_sweep,4014,treatment,0,21,0.5905,0,0.2902,370,25,120.24
mech_md50_ppoff_r05,mechanism_sweep,4014,treatment,1,0,0,0,0,0,0,0
mech_md50_ppoff_r05,mechanism_sweep,4014,treatment,2,12,0.4747,0,0.2705,146,11,106.42
mech_md50_ppoff_r05,mechanism_sweep,4014,treatment,3,3,0.6401,0,0.2018,61,1,102.0
mech_md50_ppoff_r05,mechanism_sweep,4014,treatment,4,26,0.4909,0,0.2024,243,25,108.75
mech_md50_ppoff_r05,mechanism_sweep,4151,control,0,3,0.5273,0,0.301,49,3,124.67
mech_md50_ppoff_r05,mechanism_sweep,4151,control,1,5,0.6562,0,0.3512,102,2,104.0
mech_md50_ppoff_r05,mechanism_sweep,4151,control,2,0,0,0,0,0,0,0
mech_md50_ppoff_r05,mechanism_sweep,4151,control,3,2,0.7289,0,0.246,41,1,103.5
mech_md50_ppoff_r05,mechanism_sweep,4151,control,4,2,0.6521,0,0.2304,37,2,101.0
mech_md50_ppoff_r05,mechanism_sweep,4151,treatment,0,12,0.6523,0,0.3038,247,11,111.92
mech_md50_ppoff_r05,mechanism_sweep,4151,treatment,1,4,0.6169,0,0.2071,82,1,131.75
mech_md50_ppoff_r05,mechanism_sweep,4151,treatment,2,1,0.5604,0,0.0,20,0,100.0
mech_md50_ppoff_r05,mechanism_sweep,4151,treatment,3,1,0.5417,0,0.0,18,0,100.0
mech_md50_ppoff_r05,mechanism_sweep,4151,treatment,4,1,0.4324,0,0.0,9,0,79.0
mech_md50_ppoff_r05,mechanism_sweep,4288,control,0,2,0.6489,0,0.2362,44,1,146.5
mech_md50_ppoff_r05,mechanism_sweep,4288,control,1,10,0.6308,0,0.2887,194,12,125.4
mech_md50_ppoff_r05,mechanism_sweep,4288,control,2,7,0.5762,0,0.2774,135,1,109.57
mech_md50_ppoff_r05,mechanism_sweep,4288,control,3,6,0.6408,0,0.3137,111,2,98.33
mech_md50_ppoff_r05,mechanism_sweep,4288,control,4,6,0.6362,0,0.3221,113,0,125.83
mech_md50_ppoff_r05,mechanism_sweep,4288,treatment,0,9,0.5796,0,0.2813,169,4,118.56
mech_md50_ppoff_r05,mechanism_sweep,4288,treatment,1,8,0.6895,0,0.3217,161,6,116.0
mech_md50_ppoff_r05,mechanism_sweep,4288,treatment,2,2,0.6349,0,0.1084,34,0,84.0
mech_md50_ppoff_r05,mechanism_sweep,4288,treatment,3,1,0.7636,0,0.0,22,0,155.0
mech_md50_ppoff_r05,mechanism_sweep,4288,treatment,4,0,0,0,0,0,0,0
mech_md50_ppoff_r05,mechanism_sweep,4425,control,0,8,0.537,0,0.2318,137,10,108.12
mech_md50_ppoff_r05,mechanism_sweep,4425,control,1,1,0.6079,0,0.0,20,0,93.0
mech_md50_ppoff_r05,mechanism_sweep,4425,control,2,6,0.599,0,0.246,117,2,110.33
mech_md50_ppoff_r05,mechanism_sweep,4425,control,3,2,0.6691,0,0.2327,43,1,141.0
mech_md50_ppoff_r05,mechanism_sweep,4425,control,4,13,0.5058,0,0.2041,194,10,111.54
mech_md50_ppoff_r05,mechanism_sweep,4425,treatment,0,3,0.6036,0,0.2318,61,0,116.67
mech_md50_ppoff_r05,mechanism_sweep,4425,treatment,1,4,0.5285,0,0.2654,71,0,96.25
mech_md50_ppoff_r05,mechanism_sweep,4425,treatment,2,4,0.4653,0,0.2923,64,0,105.0
mech_md50_ppoff_r05,mechanism_sweep,4425,treatment,3,3,0.4012,0,0.2608,34,3,112.67
mech_md50_ppoff_r05,mechanism_sweep,4425,treatment,4,1,0.6126,0,0.0,16,0,118.0
mech_md50_ppoff_r05,mechanism_sweep,4562,control,0,4,0.6126,0,0.3073,72,1,86.25
mech_md50_ppoff_r05,mechanism_sweep,4562,control,1,1,0.7627,0,0.0,22,1,127.0
mech_md50_ppoff_r05,mechanism_sweep,4562,control,2,3,0.7053,0,0.1822,72,2,79.33
mech_md50_ppoff_r05,mechanism_sweep,4562,control,3,2,0.5706,0,0.2223,38,0,91.5
mech_md50_ppoff_r05,mechanism_sweep,4562,control,4,0,0,0,0,0,0,0
mech_md50_ppoff_r05,mechanism_sweep,4562,treatment,0,4,0.5892,0,0.3336,72,0,74.75
mech_md50_ppoff_r05,mechanism_sweep,4562,treatment,1,0,0,0,0,0,0,0
mech_md50_ppoff_r05,mechanism_sweep,4562,treatment,2,3,0.6634,0,0.3089,50,2,87.0
mech_md50_ppoff_r05,mechanism_sweep,4562,treatment,3,2,0.7117,0,0.2953,40,0,147.0
mech_md50_ppoff_r05,mechanism_sweep,4562,treatment,4,2,0.7301,0,0.2326,40,1,72.5
mech_md50_ppoff_r05,mechanism_sweep,4699,control,0,4,0.6815,0,0.2958,79,4,114.75
mech_md50_ppoff_r05,mechanism_sweep,4699,control,1,6,0.6021,0,0.2416,117,4,92.33
mech_md50_ppoff_r05,mechanism_sweep,4699,control,2,1,0.7476,0,0.0,21,1,105.0
mech_md50_ppoff_r05,mechanism_sweep,4699,control,3,1,0.6688,0,0.0,18,1,13.0
mech_md50_ppoff_r05,mechanism_sweep,4699,control,4,7,0.4816,0,0.1842,83,4,112.71
mech_md50_ppoff_r05,mechanism_sweep,4699,treatment,0,8,0.691,0,0.2573,160,11,110.25
mech_md50_ppoff_r05,mechanism_sweep,4699,treatment,1,6,0.6805,0,0.2466,123,5,100.0
mech_md50_ppoff_r05,mechanism_sweep,4699,treatment,2,3,0.5741,0,0.2988,52,1,96.0
mech_md50_ppoff_r05,mechanism_sweep,4699,treatment,3,0,0,0,0,0,0,0
mech_md50_ppoff_r05,mechanism_sweep,4699,treatment,4,3,0.6602,0,0.284,49,5,71.0
mech_md50_ppoff_r05,mechanism_sweep,4836,control,0,4,0.6456,0,0.3319,83,1,121.75
mech_md50_ppoff_r05,mechanism_sweep,4836,control,1,10,0.4659,0,0.27,126,13,111.4
mech_md50_ppoff_r05,mechanism_sweep,4836,control,2,2,0.7361,0,0.1719,43,1,113.0
mech_md50_ppoff_r05,mechanism_sweep,4836,control,3,0,0,0,0,0,0,0
mech_md50_ppoff_r05,mechanism_sweep,4836,control,4,1,0.6983,0,0.0,21,1,110.0
mech_md50_ppoff_r05,mechanism_sweep,4836,treatment,0,5,0.6306,0,0.3604,92,2,109.0
mech_md50_ppoff_r05,mechanism_sweep,4836,treatment,1,1,0.7033,0,0.0,21,1,120.0
mech_md50_ppoff_r05,mechanism_sweep,4836,treatment,2,6,0.5743,0,0.3173,127,3,113.83
mech_md50_ppoff_r05,mechanism_sweep,4836,treatment,3,6,0.6971,0,0.307,124,6,116.83
mech_md50_ppoff_r05,mechanism_sweep,4836,treatment,4,10,0.6229,0,0.2643,174,10,116.3
mech_md50_ppoff_r05,mechanism_sweep,4973,control,0,6,0.5955,0,0.2554,116,1,96.33
mech_md50_ppoff_r05,mechanism_sweep,4973,control,1,8,0.6328,0,0.2475,155,8,116.12
mech_md50_ppoff_r05,mechanism_sweep,4973,control,2,23,0.4138,0,0.2453,251,19,98.09
mech_md50_ppoff_r05,mechanism_sweep,4973,control,3,4,0.5774,0,0.1927,68,2,76.75
mech_md50_ppoff_r05,mechanism_sweep,4973,control,4,9,0.569,0,0.2373,144,12,112.0
mech_md50_ppoff_r05,mechanism_sweep,4973,treatment,0,6,0.6264,0,0.3819,119,1,100.67
mech_md50_ppoff_r05,mechanism_sweep,4973,treatment,1,21,0.5491,0,0.3058,337,20,107.69
mech_md50_ppoff_r05,mechanism_sweep,4973,treatment,2,3,0.6807,0,0.2488,59,1,122.67
mech_md50_ppoff_r05,mechanism_sweep,4973,treatment,3,3,0.706,0,0.2152,73,4,96.67
mech_md50_ppoff_r05,mechanism_sweep,4973,treatment,4,0,0,0,0,0,0,0
mech_md50_ppoff_r10,mechanism_sweep,1000,control,0,2,0.6167,0,0.2905,36,0,99.5
mech_md50_ppoff_r10,mechanism_sweep,1000,control,1,0,0,0,0,0,0,0
mech_md50_ppoff_r10,mechanism_sweep,1000,control,2,4,0.6569,0,0.2604,92,0,117.0
mech_md50_ppoff_r10,mechanism_sweep,1000,control,3,1,0.6501,0,0.0,22,1,101.0
mech_md50_ppoff_r10,mechanism_sweep,1000,control,4,5,0.6024,0,0.1985,92,5,105.0
mech_md50_ppoff_r10,mechanism_sweep,1000,treatment,0,9,0.6548,0,0.3272,158,5,109.72
mech_md50_ppoff_r10,mechanism_sweep,1000,treatment,1,23,0.5143,0,0.2579,345,24,115.0
mech_md50_ppoff_r10,mechanism_sweep,1000,treatment,2,16,0.5225,0,0.2517,222,14,103.62
mech_md50_ppoff_r10,mechanism_sweep,1000,treatment,3,4,0.5446,0,0.1909,58,2,84.62
mech_md50_ppoff_r10,mechanism_sweep,1000,treatment,4,8,0.6779,0,0.2515,151,10,119.31
mech_md50_ppoff_r10,mechanism_sweep,1137,control,0,4,0.6478,0,0.3082,83,1,124.0
mech_md50_ppoff_r10,mechanism_sweep,1137,control,1,8,0.6582,0,0.2846,162,3,109.62
mech_md50_ppoff_r10,mechanism_sweep,1137,control,2,2,0.7375,0,0.2362,43,1,119.5
mech_md50_ppoff_r10,mechanism_sweep,1137,control,3,2,0.6401,0,0.2271,42,0,148.5
mech_md50_ppoff_r10,mechanism_sweep,1137,control,4,2,0.654,0,0.1709,41,1,105.0
mech_md50_ppoff_r10,mechanism_sweep,1137,treatment,0,2,0.6908,0,0.448,40,1,105.0
mech_md50_ppoff_r10,mechanism_sweep,1137,treatment,1,1,0.5339,0,0.0,17,0,75.0
mech_md50_ppoff_r10,mechanism_sweep,1137,treatment,2,1,0.6801,0,0.0,15,0,169.0
mech_md50_ppoff_r10,mechanism_sweep,1137,treatment,3,0,0,0,0,0,0,0
mech_md50_ppoff_r10,mechanism_sweep,1137,treatment,4,0,0,0,0,0,0,0
mech_md50_ppoff_r10,mechanism_sweep,1274,control,0,3,0.6672,0,0.2438,56,2,71.67
mech_md50_ppoff_r10,mechanism_sweep,1274,control,1,1,0.7799,0,0.0,20,1,103.0
mech_md50_ppoff_r10,mechanism_sweep,1274,control,2,3,0.4704,0,0.2325,45,1,105.0
mech_md50_ppoff_r10,mechanism_sweep,1274,control,3,5,0.6158,0,0.1527,79,2,106.0
mech_md50_ppoff_r10,mechanism_sweep,1274,control,4,0,0,0,0,0,0,0
mech_md50_ppoff_r10,mechanism_sweep,1274,treatment,0,9,0.6589,0,0.2903,167,6,107.44
mech_md50_ppoff_r10,mechanism_sweep,1274,treatment,1,6,0.5593,0,0.2445,93,2,107.0
mech_md50_ppoff_r10,mechanism_sweep,1274,treatment,2,2,0.5417,0,0.2101,32,0,121.0
mech_md50_ppoff_r10,mechanism_sweep,1274,treatment,3,1,0.6234,0,0.0,19,0,120.0
mech_md50_ppoff_r10,mechanism_sweep,1274,treatment,4,3,0.6092,0,0.2959,53,3,90.67
mech_md50_ppoff_r10,mechanism_sweep,1411,control,0,5,0.6328,0,0.3204,96,1,82.4
mech_md50_ppoff_r10,mechanism_sweep,1411,control,1,4,0.6779,0,0.3459,81,0,100.25
mech_md50_ppoff_r10,mechanism_sweep,1411,control,2,1,0.6305,0,0.0,21,0,115.0
mech_md50_ppoff_r10,mechanism_sweep,1411,control,3,0,0,0,0,0,0,0
mech_md50_ppoff_r10,mechanism_sweep,1411,control,4,1,0.6073,0,0.0,14,0,94.0
mech_md50_ppoff_r10,mechanism_sweep,1411,treatment,0,1,0.6846,0,0.0,20,1,175.0
mech_md50_ppoff_r10,mechanism_sweep,1411,treatment,1,5,0.624,0,0.321,98,3,115.4
mech_md50_ppoff_r10,mechanism_sweep,1411,treatment,2,1,0.7874,0,0.0,20,1,131.0
mech_md50_ppoff_r10,mechanism_sweep,1411,treatment,3,2,0.54,0,0.3303,34,0,102.0
mech_md50_ppoff_r10,mechanism_sweep,1411,treatment,4,2,0.717,0,0.1591,53,0,78.0
mech_md50_ppoff_r10,mechanism_sweep,1548,control,0,3,0.653,0,0.2709,66,3,82.0
mech_md50_ppoff_r10,mechanism_sweep,1548,control,1,4,0.61,0,0.2659,77,2,112.5
mech_md50_ppoff_r10,mechanism_sweep,1548,control,2,1,0.6196,0,0.0,21,0,163.0
mech_md50_ppoff_r10,mechanism_sweep,1548,control,3,2,0.6123,0,0.2969,38,0,91.5
mech_md50_ppoff_r10,mechanism_sweep,1548,control,4,1,0.6597,0,0.0,20,0,90.0
mech_md50_ppoff_r10,mechanism_sweep,1548,treatment,0,3,0.6828,0,0.3237,56,0,100.0
mech_md50_ppoff_r10,mechanism_sweep,1548,treatment,1,6,0.6773,0,0.2788,116,5,108.33
mech_md50_ppoff_r10,mechanism_sweep,1548,treatment,2,2,0.7266,0,0.1679,41,0,125.0
mech_md50_ppoff_r10,mechanism_sweep,1548,treatment,3,3,0.7402,0,0.2978,62,2,106.67
mech_md50_ppoff_r10,mechanism_sweep,1548,treatment,4,0,0,0,0,0,0,0
mech_md50_ppoff_r10,mechanism_sweep,1685,control,0,9,0.5849,0,0.2611,161,13,94.44
mech_md50_ppoff_r10,mechanism_sweep,1685,control,1,8,0.52,0,0.2823,122,10,112.38
mech_md50_ppoff_r10,mechanism_sweep,1685,control,2,3,0.6404,0,0.2859,61,4,104.0
mech_md50_ppoff_r10,mechanism_sweep,1685,control,3,22,0.5234,0,0.2203,320,30,113.59
mech_md50_ppoff_r10,mechanism_sweep,1685,control,4,2,0.6221,0,0.0329,42,2,110.0
mech_md50_ppoff_r10,mechanism_sweep,1685,treatment,0,4,0.6585,0,0.3871,70,1,100.0
mech_md50_ppoff_r10,mechanism_sweep,1685,treatment,1,1,0.6818,0,0.0,18,0,89.0
mech_md50_ppoff_r10,mechanism_sweep,1685,treatment,2,0,0,0,0,0,0,0
mech_md50_ppoff_r10,mechanism_sweep,1685,treatment,3,2,0.7065,0,0.3324,33,7,146.5
mech_md50_ppoff_r10,mechanism_sweep,1685,treatment,4,4,0.7333,0,0.2492,74,2,116.5
mech_md50_ppoff_r10,mechanism_sweep,1822,control,0,6,0.4931,0,0.3026,86,7,93.33
mech_md50_ppoff_r10,mechanism_sweep,1822,control,1,4,0.514,0,0.2768,69,0,91.25
mech_md50_ppoff_r10,mechanism_sweep,1822,control,2,1,0.5299,0,0.0,20,0,39.0
mech_md50_ppoff_r10,mechanism_sweep,1822,control,3,2,0.4952,0,0.1168,31,2,106.5
mech_md50_ppoff_r10,mechanism_sweep,1822,control,4,1,0.5699,0,0.0,37,0,119.0
mech_md50_ppoff_r10,mechanism_sweep,1822,treatment,0,3,0.5001,0,0.3336,74,0,126.0
mech_md50_ppoff_r10,mechanism_sweep,1822,treatment,1,2,0.644,0,0.3186,39,1,117.5
mech_md50_ppoff_r10,mechanism_sweep,1822,treatment,2,2,0.5438,0,0.1266,35,0,113.5
mech_md50_ppoff_r10,mechanism_sweep,1822,treatment,3,0,0,0,0,0,0,0
mech_md50_ppoff_r10,mechanism_sweep,1822,treatment,4,1,0.6766,0,0.0,14,0,162.0
mech_md50_ppoff_r10,mechanism_sweep,1959,control,0,6,0.6941,0,0.3686,121,2,117.0
mech_md50_ppoff_r10,mechanism_sweep,1959,control,1,6,0.6827,0,0.3155,128,4,92.5
mech_md50_ppoff_r10,mechanism_sweep,1959,control,2,5,0.6241,0,0.2926,86,2,110.6
mech_md50_ppoff_r10,mechanism_sweep,1959,control,3,15,0.4911,0,0.1667,172,13,107.2
mech_md50_ppoff_r10,mechanism_sweep,1959,control,4,10,0.5294,0,0.1686,135,4,117.8
mech_md50_ppoff_r10,mechanism_sweep,1959,treatment,0,14,0.5905,0,0.3161,242,9,117.57
mech_md50_ppoff_r10,mechanism_sweep,1959,treatment,1,8,0.6759,0,0.2893,143,7,114.0
mech_md50_ppoff_r10,mechanism_sweep,1959,treatment,2,2,0.6954,0,0.2818,51,3,57.0
mech_md50_ppoff_r10,mechanism_sweep,1959,treatment,3,6,0.6385,0,0.265,103,4,108.17
mech_md50_ppoff_r10,mechanism_sweep,1959,treatment,4,21,0.4396,0,0.2524,214,13,112.19
mech_md50_ppoff_r10,mechanism_sweep,2096,control,0,6,0.646,0,0.312,119,2,121.0
mech_md50_ppoff_r10,mechanism_sweep,2096,control,1,2,0.5221,0,0.2258,32,0,116.5
mech_md50_ppoff_r10,mechanism_sweep,2096,control,2,4,0.6416,0,0.2455,81,2,108.5
mech_md50_ppoff_r10,mechanism_sweep,2096,control,3,1,0.7051,0,0.0,41,1,60.0
mech_md50_ppoff_r10,mechanism_sweep,2096,control,4,3,0.5813,0,0.3595,60,1,61.0
mech_md50_ppoff_r10,mechanism_sweep,2096,treatment,0,2,0.6356,0,0.447,36,0,76.0
mech_md50_ppoff_r10,mechanism_sweep,2096,treatment,1,3,0.6611,0,0.3072,60,1,120.17
mech_md50_ppoff_r10,mechanism_sweep,2096,treatment,2,3,0.5622,0,0.345,57,0,100.0
mech_md50_ppoff_r10,mechanism_sweep,2096,treatment,3,4,0.5343,0,0.2991,61,0,96.5
mech_md50_ppoff_r10,mechanism_sweep,2096,treatment,4,8,0.5351,0,0.2795,103,4,117.75
mech_md50_ppoff_r10,mechanism_sweep,2233,control,0,3,0.7385,0,0.3217,65,4,115.0
mech_md50_ppoff_r10,mechanism_sweep,2233,control,1,0,0,0,0,0,0,0
mech_md50_ppoff_r10,mechanism_sweep,2233,control,2,2,0.569,0,0.3142,36,0,108.5
mech_md50_ppoff_r10,mechanism_sweep,2233,control,3,9,0.4806,0,0.0825,92,11,93.67
mech_md50_ppoff_r10,mechanism_sweep,2233,control,4,11,0.529,0,0.2327,124,7,92.18
mech_md50_ppoff_r10,mechanism_sweep,2233,treatment,0,3,0.6629,0,0.3718,61,0,122.17
mech_md50_ppoff_r10,mechanism_sweep,2233,treatment,1,6,0.707,0,0.2793,118,2,125.5
mech_md50_ppoff_r10,mechanism_sweep,2233,treatment,2,3,0.6652,0,0.3301,66,1,119.33
mech_md50_ppoff_r10,mechanism_sweep,2233,treatment,3,2,0.6768,0,0.3144,40,1,107.5
mech_md50_ppoff_r10,mechanism_sweep,2233,treatment,4,9,0.3672,0,0.115,96,7,113.0
mech_md50_ppoff_r10,mechanism_sweep,2370,control,0,6,0.6315,0,0.3552,116,3,105.33
mech_md50_ppoff_r10,mechanism_sweep,2370,control,1,10,0.5958,0,0.312,183,7,87.7
mech_md50_ppoff_r10,mechanism_sweep,2370,control,2,10,0.562,0,0.263,161,9,96.5
mech_md50_ppoff_r10,mechanism_sweep,2370,control,3,3,0.6465,0,0.2825,64,1,109.0
mech_md50_ppoff_r10,mechanism_sweep,2370,control,4,6,0.5832,0,0.2273,120,2,87.33
mech_md50_ppoff_r10,mechanism_sweep,2370,treatment,0,7,0.6474,0,0.3577,142,4,91.43
mech_md50_ppoff_r10,mechanism_sweep,2370,treatment,1,9,0.594,0,0.2622,165,2,92.11
mech_md50_ppoff_r10,mechanism_sweep,2370,treatment,2,7,0.616,0,0.3141,128,3,97.0
mech_md50_ppoff_r10,mechanism_sweep,2370,treatment,3,6,0.6687,0,0.2649,109,0,109.08
mech_md50_ppoff_r10,mechanism_sweep,2370,treatment,4,2,0.6404,0,0.1125,35,0,98.0
mech_md50_ppoff_r10,mechanism_sweep,2507,control,0,3,0.6603,0,0.315,61,0,107.0
mech_md50_ppoff_r10,mechanism_sweep,2507,control,1,4,0.7044,0,0.3092,86,2,139.5
mech_md50_ppoff_r10,mechanism_sweep,2507,control,2,6,0.6326,0,0.3592,121,1,106.17
mech_md50_ppoff_r10,mechanism_sweep,2507,control,3,8,0.6398,0,0.2785,162,1,100.75
mech_md50_ppoff_r10,mechanism_sweep,2507,control,4,1,0.6721,0,0.0,20,0,100.0
mech_md50_ppoff_r10,mechanism_sweep,2507,treatment,0,4,0.5646,0,0.3358,78,0,99.0
mech_md50_ppoff_r10,mechanism_sweep,2507,treatment,1,4,0.6069,0,0.3412,82,0,120.5
mech_md50_ppoff_r10,mechanism_sweep,2507,treatment,2,1,0.5071,0,0.0,12,0,82.0
mech_md50_ppoff_r10,mechanism_sweep,2507,treatment,3,0,0,0,0,0,0,0
mech_md50_ppoff_r10,mechanism_sweep,2507,treatment,4,0,0,0,0,0,0,0
mech_md50_ppoff_r10,mechanism_sweep,2644,control,0,2,0.629,0,0.2272,45,1,137.5
mech_md50_ppoff_r10,mechanism_sweep,2644,control,1,3,0.6371,0,0.224,60,0,96.67
mech_md50_ppoff_r10,mechanism_sweep,2644,control,2,1,0.7188,0,0.0,22,2,120.0
mech_md50_ppoff_r10,mechanism_sweep,2644,control,3,2,0.5443,0,0.3107,38,0,76.0
mech_md50_ppoff_r10,mechanism_sweep,2644,control,4,0,0,0,0,0,0,0
mech_md50_ppoff_r10,mechanism_sweep,2644,treatment,0,5,0.5992,0,0.2815,94,3,83.0
mech_md50_ppoff_r10,mechanism_sweep,2644,treatment,1,4,0.6064,0,0.2802,78,1,95.0
mech_md50_ppoff_r10,mechanism_sweep,2644,treatment,2,3,0.5314,0,0.1414,55,1,123.33
mech_md50_ppoff_r10,mechanism_sweep,2644,treatment,3,1,0.5864,0,0.0,29,0,100.0
mech_md50_ppoff_r10,mechanism_sweep,2644,treatment,4,3,0.6294,0,0.4003,52,2,102.67
mech_md50_ppoff_r10,mechanism_sweep,2781,control,0,7,0.636,0,0.2764,151,5,103.14
mech_md50_ppoff_r10,mechanism_sweep,2781,control,1,8,0.632,0,0.2849,144,3,101.88
mech_md50_ppoff_r10,mechanism_sweep,2781,control,2,1,0.8682,0,0.0,22,2,120.0
mech_md50_ppoff_r10,mechanism_sweep,2781,control,3,3,0.6979,0,0.2621,62,1,112.33
mech_md50_ppoff_r10,mechanism_sweep,2781,control,4,3,0.6628,0,0.3218,59,1,101.33
mech_md50_ppoff_r10,mechanism_sweep,2781,treatment,0,6,0.5971,0,0.2829,122,2,109.5
mech_md50_ppoff_r10,mechanism_sweep,2781,treatment,1,13,0.5588,0,0.2514,216,12,99.08
mech_md50_ppoff_r10,mechanism_sweep,2781,treatment,2,8,0.7394,0,0.2832,167,11,111.88
mech_md50_ppoff_r10,mechanism_sweep,2781,treatment,3,15,0.5874,0,0.2844,257,21,118.2
mech_md50_ppoff_r10,mechanism_sweep,2781,treatment,4,9,0.5723,0,0.247,147,10,118.89
mech_md50_ppoff_r10,mechanism_sweep,2918,control,0,5,0.6191,0,0.3649,89,0,110.6
mech_md50_ppoff_r10,mechanism_sweep,2918,control,1,6,0.5514,0,0.2627,98,4,120.67
mech_md50_ppoff_r10,mechanism_sweep,2918,control,2,32,0.4556,0,0.1216,344,42,117.41
mech_md50_ppoff_r10,mechanism_sweep,2918,control,3,16,0.3775,0,0.1803,153,17,112.44
mech_md50_ppoff_r10,mechanism_sweep,2918,control,4,8,0.588,0,0.0966,117,9,118.0
mech_md50_ppoff_r10,mechanism_sweep,2918,treatment,0,8,0.6597,0,0.3202,152,3,104.56
mech_md50_ppoff_r10,mechanism_sweep,2918,treatment,1,5,0.5708,0,0.2495,76,4,120.0
mech_md50_ppoff_r10,mechanism_sweep,2918,treatment,2,1,0.535,0,0.0,15,0,137.0
mech_md50_ppoff_r10,mechanism_sweep,2918,treatment,3,2,0.6836,0,0.3929,52,0,112.5
mech_md50_ppoff_r10,mechanism_sweep,2918,treatment,4,1,0.6027,0,0.0,15,0,129.0
mech_md50_ppoff_r10,mechanism_sweep,3055,control,0,7,0.6098,0,0.3416,143,0,107.14
mech_md50_ppoff_r10,mechanism_sweep,3055,control,1,5,0.5451,0,0.2806,77,4,122.0
mech_md50_ppoff_r10,mechanism_sweep,3055,control,2,0,0,0,0,0,0,0
mech_md50_ppoff_r10,mechanism_sweep,3055,control,3,11,0.4894,0,0.267,157,4,102.73
mech_md50_ppoff_r10,mechanism_sweep,3055,control,4,4,0.3841,0,0.2716,45,1,74.5
mech_md50_ppoff_r10,mechanism_sweep,3055,treatment,0,7,0.6505,0,0.3309,143,2,112.71
mech_md50_ppoff_r10,mechanism_sweep,3055,treatment,1,7,0.6451,0,0.3344,139,0,103.14
mech_md50_ppoff_r10,mechanism_sweep,3055,treatment,2,2,0.6828,0,0.386,38,0,100.0
mech_md50_ppoff_r10,mechanism_sweep,3055,treatment,3,5,0.6448,0,0.3492,108,0,119.8
mech_md50_ppoff_r10,mechanism_sweep,3055,treatment,4,7,0.639,0,0.3075,135,8,77.14
mech_md50_ppoff_r10,mechanism_sweep,3192,control,0,2,0.6292,0,0.2497,42,1,112.5
mech_md50_ppoff_r10,mechanism_sweep,3192,control,1,4,0.649,0,0.2669,81,2,90.75
mech_md50_ppoff_r10,mechanism_sweep,3192,control,2,0,0,0,0,0,0,0
mech_md50_ppoff_r10,mechanism_sweep,3192,control,3,3,0.6468,0,0.3146,64,1,139.67
mech_md50_ppoff_r10,mechanism_sweep,3192,control,4,4,0.5342,0,0.113,67,7,120.25
mech_md50_ppoff_r10,mechanism_sweep,3192,treatment,0,7,0.5568,0,0.27,135,2,110.29
mech_md50_ppoff_r10,mechanism_sweep,3192,treatment,1,6,0.4799,0,0.2944,92,2,131.67
mech_md50_ppoff_r10,mechanism_sweep,3192,treatment,2,0,0,0,0,0,0,0
mech_md50_ppoff_r10,mechanism_sweep,3192,treatment,3,0,0,0,0,0,0,0
mech_md50_ppoff_r10,mechanism_sweep,3192,treatment,4,0,0,0,0,0,0,0
mech_md50_ppoff_r10,mechanism_sweep,3329,control,0,5,0.6206,0,0.355,110,0,103.8
mech_md50_ppoff_r10,mechanism_sweep,3329,control,1,3,0.6509,0,0.3301,61,0,111.33
mech_md50_ppoff_r10,mechanism_sweep,3329,control,2,4,0.6284,0,0.1994,83,4,120.5
mech_md50_ppoff_r10,mechanism_sweep,3329,control,3,2,0.5919,0,0.2128,42,0,122.5
mech_md50_ppoff_r10,mechanism_sweep,3329,control,4,1,0.6198,0,0.0,21,0,117.0
mech_md50_ppoff_r10,mechanism_sweep,3329,treatment,0,2,0.6899,0,0.3212,42,2,58.5
mech_md50_ppoff_r10,mechanism_sweep,3329,treatment,1,6,0.6805,0,0.26,123,5,73.83
mech_md50_ppoff_r10,mechanism_sweep,3329,treatment,2,5,0.6671,0,0.2308,94,2,82.8
mech_md50_ppoff_r10,mechanism_sweep,3329,treatment,3,2,0.6614,0,0.2614,39,0,75.0
mech_md50_ppoff_r10,mechanism_sweep,3329,treatment,4,7,0.6193,0,0.1787,115,4,109.57
mech_md50_ppoff_r10,mechanism_sweep,3466,control,0,2,0.6487,0,0.3351,41,1,101.0
mech_md50_ppoff_r10,mechanism_sweep,3466,control,1,14,0.5418,0,0.2512,216,17,101.93
mech_md50_ppoff_r10,mechanism_sweep,3466,control,2,7,0.4855,0,0.2032,99,3,89.29
mech_md50_ppoff_r10,mechanism_sweep,3466,control,3,27,0.4596,0,0.2371,345,36,86.96
mech_md50_ppoff_r10,mechanism_sweep,3466,control,4,11,0.4468,0,0.1648,131,19,99.91
mech_md50_ppoff_r10,mechanism_sweep,3466,treatment,0,6,0.7224,0,0.3018,128,4,95.67
mech_md50_ppoff_r10,mechanism_sweep,3466,treatment,1,10,0.6687,0,0.3151,192,2,92.6
mech_md50_ppoff_r10,mechanism_sweep,3466,treatment,2,4,0.6118,0,0.3096,71,0,119.0
mech_md50_ppoff_r10,mechanism_sweep,3466,treatment,3,1,0.7159,0,0.0,21,1,137.0
mech_md50_ppoff_r10,mechanism_sweep,3466,treatment,4,2,0.7666,0,0.1881,40,1,133.5
mech_md50_ppoff_r10,mechanism_sweep,3603,control,0,7,0.6289,0,0.3026,140,1,93.0
mech_md50_ppoff_r10,mechanism_sweep,3603,control,1,2,0.7775,0,0.2689,43,4,91.0
mech_md50_ppoff_r10,mechanism_sweep,3603,control,2,1,0.5722,0,0.0,20,0,100.0
mech_md50_ppoff_r10,mechanism_sweep,3603,control,3,4,0.5341,0,0.3326,65,1,103.5
mech_md50_ppoff_r10,mechanism_sweep,3603,control,4,3,0.7592,0,0.1169,66,5,133.0
mech_md50_ppoff_r10,mechanism_sweep,3603,treatment,0,4,0.6936,0,0.2585,96,3,83.25
mech_md50_ppoff_r10,mechanism_sweep,3603,treatment,1,6,0.61,0,0.304,112,0,125.5
mech_md50_ppoff_r10,mechanism_sweep,3603,treatment,2,6,0.628,0,0.319,108,3,96.33
mech_md50_ppoff_r10,mechanism_sweep,3603,treatment,3,2,0.6359,0,0.2826,32,1,103.0
mech_md50_ppoff_r10,mechanism_sweep,3603,treatment,4,1,0.5249,0,0.0,9,0,36.0
mech_md50_ppoff_r10,mechanism_sweep,3740,control,0,7,0.6382,0,0.3285,144,2,106.29
mech_md50_ppoff_r10,mechanism_sweep,3740,control,1,6,0.5857,0,0.2611,106,2,100.33
mech_md50_ppoff_r10,mechanism_sweep,3740,control,2,7,0.6935,0,0.2708,140,4,106.86
mech_md50_ppoff_r10,mechanism_sweep,3740,control,3,3,0.7336,0,0.1772,63,0,133.0
mech_md50_ppoff_r10,mechanism_sweep,3740,control,4,2,0.8129,0,0.2647,43,3,115.0
mech_md50_ppoff_r10,mechanism_sweep,3740,treatment,0,11,0.6364,0,0.3196,211,9,98.09
mech_md50_ppoff_r10,mechanism_sweep,3740,treatment,1,8,0.5975,0,0.1936,152,8,111.88
mech_md50_ppoff_r10,mechanism_sweep,3740,treatment,2,7,0.5838,0,0.1527,119,13,92.71
mech_md50_ppoff_r10,mechanism_sweep,3740,treatment,3,9,0.6457,0,0.2134,169,6,100.44
mech_md50_ppoff_r10,mechanism_sweep,3740,treatment,4,7,0.6251,0,0.2857,130,3,117.0
mech_md50_ppoff_r10,mechanism_sweep,3877,control,0,5,0.6874,0,0.2605,103,2,97.0
mech_md50_ppoff_r10,mechanism_sweep,3877,control,1,3,0.7159,0,0.1595,65,2,135.33
mech_md50_ppoff_r10,mechanism_sweep,3877,control,2,3,0.6671,0,0.1778,60,3,132.0
mech_md50_ppoff_r10,mechanism_sweep,3877,control,3,9,0.4727,0,0.1487,123,14,110.0
mech_md50_ppoff_r10,mechanism_sweep,3877,control,4,3,0.4268,0,0.1318,41,2,109.0
mech_md50_ppoff_r10,mechanism_sweep,3877,treatment,0,0,0,0,0,0,0,0
mech_md50_ppoff_r10,mechanism_sweep,3877,treatment,1,2,0.7989,0,0.0905,41,7,113.5
mech_md50_ppoff_r10,mechanism_sweep,3877,treatment,2,3,0.7095,0,0.3316,65,0,119.67
mech_md50_ppoff_r10,mechanism_sweep,3877,treatment,3,6,0.6753,0,0.2665,114,2,112.17
mech_md50_ppoff_r10,mechanism_sweep,3877,treatment,4,5,0.7267,0,0.2898,97,3,82.8
mech_md50_ppoff_r10,mechanism_sweep,4014,control,0,8,0.709,0,0.2891,170,7,107.88
mech_md50_ppoff_r10,mechanism_sweep,4014,control,1,9,0.6016,0,0.2537,166,6,108.44
mech_md50_ppoff_r10,mechanism_sweep,4014,control,2,8,0.5814,0,0.2115,143,5,112.0
mech_md50_ppoff_r10,mechanism_sweep,4014,control,3,50,0.474,0,0.2292,666,81,111.56
mech_md50_ppoff_r10,mechanism_sweep,4014,control,4,12,0.5621,0,0.1733,196,13,119.67
mech_md50_ppoff_r10,mechanism_sweep,4014,treatment,0,12,0.5448,0,0.2854,196,12,106.17
mech_md50_ppoff_r10,mechanism_sweep,4014,treatment,1,4,0.6141,0,0.3146,76,0,93.75
mech_md50_ppoff_r10,mechanism_sweep,4014,treatment,2,3,0.6359,0,0.2834,58,1,136.83
mech_md50_ppoff_r10,mechanism_sweep,4014,treatment,3,2,0.5565,0,0.2356,34,0,97.5
mech_md50_ppoff_r10,mechanism_sweep,4014,treatment,4,2,0.5474,0,0.3355,35,1,106.5
mech_md50_ppoff_r10,mechanism_sweep,4151,control,0,3,0.5273,0,0.301,49,3,124.67
mech_md50_ppoff_r10,mechanism_sweep,4151,control,1,5,0.6562,0,0.3512,102,2,104.0
mech_md50_ppoff_r10,mechanism_sweep,4151,control,2,0,0,0,0,0,0,0
mech_md50_ppoff_r10,mechanism_sweep,4151,control,3,2,0.7289,0,0.246,41,1,103.5
mech_md50_ppoff_r10,mechanism_sweep,4151,control,4,2,0.6521,0,0.2304,37,2,101.0
mech_md50_ppoff_r10,mechanism_sweep,4151,treatment,0,8,0.5812,0,0.3248,145,2,84.12
mech_md50_ppoff_r10,mechanism_sweep,4151,treatment,1,5,0.7056,0,0.2475,104,2,118.4
mech_md50_ppoff_r10,mechanism_sweep,4151,treatment,2,4,0.7687,0,0.3265,80,3,109.75
mech_md50_ppoff_r10,mechanism_sweep,4151,treatment,3,6,0.663,0,0.2472,115,5,118.5
mech_md50_ppoff_r10,mechanism_sweep,4151,treatment,4,9,0.6855,0,0.2072,164,8,129.67
mech_md50_ppoff_r10,mechanism_sweep,4288,control,0,2,0.6489,0,0.2362,44,1,146.5
mech_md50_ppoff_r10,mechanism_sweep,4288,control,1,10,0.6308,0,0.2887,194,12,125.4
mech_md50_ppoff_r10,mechanism_sweep,4288,control,2,7,0.5762,0,0.2774,135,1,109.57
mech_md50_ppoff_r10,mechanism_sweep,4288,control,3,6,0.6408,0,0.3137,111,2,98.33
mech_md50_ppoff_r10,mechanism_sweep,4288,control,4,6,0.6362,0,0.3221,113,0,125.83
mech_md50_ppoff_r10,mechanism_sweep,4288,treatment,0,9,0.5895,0,0.2944,158,5,111.67
mech_md50_ppoff_r10,mechanism_sweep,4288,treatment,1,3,0.7111,0,0.2953,63,1,113.33
mech_md50_ppoff_r10,mechanism_sweep,4288,treatment,2,2,0.659,0,0.3465,38,0,73.0
mech_md50_ppoff_r10,mechanism_sweep,4288,treatment,3,2,0.7656,0,0.3025,46,1,107.0
mech_md50_ppoff_r10,mechanism_sweep,4288,treatment,4,3,0.6659,0,0.1284,55,2,138.67
mech_md50_ppoff_r10,mechanism_sweep,4425,control,0,8,0.537,0,0.2318,137,10,108.12
mech_md50_ppoff_r10,mechanism_sweep,4425,control,1,1,0.6079,0,0.0,20,0,93.0
mech_md50_ppoff_r10,mechanism_sweep,4425,control,2,6,0.599,0,0.246,117,2,110.33
mech_md50_ppoff_r10,mechanism_sweep,4425,control,3,2,0.6691,0,0.2327,43,1,141.0
mech_md50_ppoff_r10,mechanism_sweep,4425,control,4,13,0.5058,0,0.2041,194,10,111.54
mech_md50_ppoff_r10,mechanism_sweep,4425,treatment,0,13,0.6239,0,0.267,240,9,103.35
mech_md50_ppoff_r10,mechanism_sweep,4425,treatment,1,4,0.6578,0,0.2656,83,0,118.25
mech_md50_ppoff_r10,mechanism_sweep,4425,treatment,2,13,0.5406,0,0.2276,185,11,118.69
mech_md50_ppoff_r10,mechanism_sweep,4425,treatment,3,4,0.4419,0,0.1559,44,3,88.25
mech_md50_ppoff_r10,mechanism_sweep,4425,treatment,4,0,0,0,0,0,0,0
mech_md50_ppoff_r10,mechanism_sweep,4562,control,0,4,0.6126,0,0.3073,72,1,86.25
mech_md50_ppoff_r10,mechanism_sweep,4562,control,1,1,0.7627,0,0.0,22,1,127.0
mech_md50_ppoff_r10,mechanism_sweep,4562,control,2,3,0.7053,0,0.1822,72,2,79.33
mech_md50_ppoff_r10,mechanism_sweep,4562,control,3,2,0.5706,0,0.2223,38,0,91.5
mech_md50_ppoff_r10,mechanism_sweep,4562,control,4,0,0,0,0,0,0,0
mech_md50_ppoff_r10,mechanism_sweep,4562,treatment,0,6,0.6215,0,0.223,119,11,101.5
mech_md50_ppoff_r10,mechanism_sweep,4562,treatment,1,3,0.6413,0,0.2699,65,0,70.0
mech_md50_ppoff_r10,mechanism_sweep,4562,treatment,2,8,0.4208,0,0.1743,88,6,92.88
mech_md50_ppoff_r10,mechanism_sweep,4562,treatment,3,11,0.4247,0,0.2193,109,12,101.09
mech_md50_ppoff_r10,mechanism_sweep,4562,treatment,4,4,0.5543,0,0.1848,58,0,100.75
mech_md50_ppoff_r10,mechanism_sweep,4699,control,0,4,0.6815,0,0.2958,79,4,114.75
mech_md50_ppoff_r10,mechanism_sweep,4699,control,1,6,0.6021,0,0.2416,117,4,92.33
mech_md50_ppoff_r10,mechanism_sweep,4699,control,2,1,0.7476,0,0.0,21,1,105.0
mech_md50_ppoff_r10,mechanism_sweep,4699,control,3,1,0.6688,0,0.0,18,1,13.0
mech_md50_ppoff_r10,mechanism_sweep,4699,control,4,7,0.4816,0,0.1842,83,4,112.71
mech_md50_ppoff_r10,mechanism_sweep,4699,treatment,0,12,0.6171,0,0.2658,230,3,103.0
mech_md50_ppoff_r10,mechanism_sweep,4699,treatment,1,4,0.662,0,0.3099,82,0,99.0
mech_md50_ppoff_r10,mechanism_sweep,4699,treatment,2,5,0.6966,0,0.2418,98,0,115.2
mech_md50_ppoff_r10,mechanism_sweep,4699,treatment,3,6,0.7212,0,0.2716,118,1,99.17
mech_md50_ppoff_r10,mechanism_sweep,4699,treatment,4,2,0.7397,0,0.1155,40,0,101.0
mech_md50_ppoff_r10,mechanism_sweep,4836,control,0,4,0.6456,0,0.3319,83,1,121.75
mech_md50_ppoff_r10,mechanism_sweep,4836,control,1,10,0.4659,0,0.27,126,13,111.4
mech_md50_ppoff_r10,mechanism_sweep,4836,control,2,2,0.7361,0,0.1719,43,1,113.0
mech_md50_ppoff_r10,mechanism_sweep,4836,control,3,0,0,0,0,0,0,0
mech_md50_ppoff_r10,mechanism_sweep,4836,control,4,1,0.6983,0,0.0,21,1,110.0
mech_md50_ppoff_r10,mechanism_sweep,4836,treatment,0,6,0.6264,0,0.2837,115,4,104.0
mech_md50_ppoff_r10,mechanism_sweep,4836,treatment,1,1,0.5692,0,0.0,21,0,73.0
mech_md50_ppoff_r10,mechanism_sweep,4836,treatment,2,1,0.5624,0,0.0,23,0,27.0
mech_md50_ppoff_r10,mechanism_sweep,4836,treatment,3,3,0.7458,0,0.2261,65,4,123.67
mech_md50_ppoff_r10,mechanism_sweep,4836,treatment,4,0,0,0,0,0,0,0
mech_md50_ppoff_r10,mechanism_sweep,4973,control,0,6,0.5955,0,0.2554,116,1,96.33
mech_md50_ppoff_r10,mechanism_sweep,4973,control,1,8,0.6328,0,0.2475,155,8,116.12
mech_md50_ppoff_r10,mechanism_sweep,4973,control,2,23,0.4138,0,0.2453,251,19,98.09
mech_md50_ppoff_r10,mechanism_sweep,4973,control,3,4,0.5774,0,0.1927,68,2,76.75
mech_md50_ppoff_r10,mechanism_sweep,4973,control,4,9,0.569,0,0.2373,144,12,112.0
mech_md50_ppoff_r10,mechanism_sweep,4973,treatment,0,5,0.5509,0,0.3011,89,1,110.8
mech_md50_ppoff_r10,mechanism_sweep,4973,treatment,1,7,0.6943,0,0.2769,145,3,150.57
mech_md50_ppoff_r10,mechanism_sweep,4973,treatment,2,3,0.5415,0,0.3244,47,0,107.67
mech_md50_ppoff_r10,mechanism_sweep,4973,treatment,3,6,0.708,0,0.3047,112,3,114.83
mech_md50_ppoff_r10,mechanism_sweep,4973,treatment,4,6,0.6678,0,0.3014,110,2,81.83
mech_md50_ppoff_r20,mechanism_sweep,1000,control,0,2,0.6167,0,0.2905,36,0,99.5
mech_md50_ppoff_r20,mechanism_sweep,1000,control,1,0,0,0,0,0,0,0
mech_md50_ppoff_r20,mechanism_sweep,1000,control,2,4,0.6569,0,0.2604,92,0,117.0
mech_md50_ppoff_r20,mechanism_sweep,1000,control,3,1,0.6501,0,0.0,22,1,101.0
mech_md50_ppoff_r20,mechanism_sweep,1000,control,4,5,0.6024,0,0.1985,92,5,105.0
mech_md50_ppoff_r20,mechanism_sweep,1000,treatment,0,7,0.6021,0,0.3463,127,0,122.71
mech_md50_ppoff_r20,mechanism_sweep,1000,treatment,1,43,0.4804,0,0.3073,490,44,91.57
mech_md50_ppoff_r20,mechanism_sweep,1000,treatment,2,4,0.4803,0,0.3342,66,1,109.0
mech_md50_ppoff_r20,mechanism_sweep,1000,treatment,3,9,0.4975,0,0.2873,103,4,87.33
mech_md50_ppoff_r20,mechanism_sweep,1000,treatment,4,10,0.4065,0,0.207,79,5,127.4
mech_md50_ppoff_r20,mechanism_sweep,1137,control,0,4,0.6478,0,0.3082,83,1,124.0
mech_md50_ppoff_r20,mechanism_sweep,1137,control,1,8,0.6582,0,0.2846,162,3,109.62
mech_md50_ppoff_r20,mechanism_sweep,1137,control,2,2,0.7375,0,0.2362,43,1,119.5
mech_md50_ppoff_r20,mechanism_sweep,1137,control,3,2,0.6401,0,0.2271,42,0,148.5
mech_md50_ppoff_r20,mechanism_sweep,1137,control,4,2,0.654,0,0.1709,41,1,105.0
mech_md50_ppoff_r20,mechanism_sweep,1137,treatment,0,9,0.6662,0,0.3187,189,5,104.61
mech_md50_ppoff_r20,mechanism_sweep,1137,treatment,1,6,0.6348,0,0.3087,111,0,111.5
mech_md50_ppoff_r20,mechanism_sweep,1137,treatment,2,5,0.6511,0,0.3141,97,3,104.9
mech_md50_ppoff_r20,mechanism_sweep,1137,treatment,3,3,0.7151,0,0.3072,58,3,94.33
mech_md50_ppoff_r20,mechanism_sweep,1137,treatment,4,2,0.6748,0,0.1686,43,1,80.0
mech_md50_ppoff_r20,mechanism_sweep,1274,control,0,3,0.6672,0,0.2438,56,2,71.67
mech_md50_ppoff_r20,mechanism_sweep,1274,control,1,1,0.7799,0,0.0,20,1,103.0
mech_md50_ppoff_r20,mechanism_sweep,1274,control,2,3,0.4704,0,0.2325,45,1,105.0
mech_md50_ppoff_r20,mechanism_sweep,1274,control,3,5,0.6158,0,0.1527,79,2,106.0
mech_md50_ppoff_r20,mechanism_sweep,1274,control,4,0,0,0,0,0,0,0
mech_md50_ppoff_r20,mechanism_sweep,1274,treatment,0,8,0.5869,0,0.271,138,6,96.75
mech_md50_ppoff_r20,mechanism_sweep,1274,treatment,1,6,0.6673,0,0.2972,112,3,113.33
mech_md50_ppoff_r20,mechanism_sweep,1274,treatment,2,11,0.6294,0,0.293,209,6,104.95
mech_md50_ppoff_r20,mechanism_sweep,1274,treatment,3,17,0.4967,0,0.3016,239,7,93.32
mech_md50_ppoff_r20,mechanism_sweep,1274,treatment,4,5,0.5089,0,0.2275,79,1,96.4
mech_md50_ppoff_r20,mechanism_sweep,1411,control,0,5,0.6328,0,0.3204,96,1,82.4
mech_md50_ppoff_r20,mechanism_sweep,1411,control,1,4,0.6779,0,0.3459,81,0,100.25
mech_md50_ppoff_r20,mechanism_sweep,1411,control,2,1,0.6305,0,0.0,21,0,115.0
mech_md50_ppoff_r20,mechanism_sweep,1411,control,3,0,0,0,0,0,0,0
mech_md50_ppoff_r20,mechanism_sweep,1411,control,4,1,0.6073,0,0.0,14,0,94.0
mech_md50_ppoff_r20,mechanism_sweep,1411,treatment,0,6,0.5901,0,0.3152,103,1,114.0
mech_md50_ppoff_r20,mechanism_sweep,1411,treatment,1,7,0.6875,0,0.2755,148,3,110.21
mech_md50_ppoff_r20,mechanism_sweep,1411,treatment,2,10,0.7053,0,0.2878,190,6,106.8
mech_md50_ppoff_r20,mechanism_sweep,1411,treatment,3,6,0.6817,0,0.2867,113,4,111.25
mech_md50_ppoff_r20,mechanism_sweep,1411,treatment,4,7,0.6699,0,0.3018,135,1,120.0
mech_md50_ppoff_r20,mechanism_sweep,1548,control,0,3,0.653,0,0.2709,66,3,82.0
mech_md50_ppoff_r20,mechanism_sweep,1548,control,1,4,0.61,0,0.2659,77,2,112.5
mech_md50_ppoff_r20,mechanism_sweep,1548,control,2,1,0.6196,0,0.0,21,0,163.0
mech_md50_ppoff_r20,mechanism_sweep,1548,control,3,2,0.6123,0,0.2969,38,0,91.5
mech_md50_ppoff_r20,mechanism_sweep,1548,control,4,1,0.6597,0,0.0,20,0,90.0
mech_md50_ppoff_r20,mechanism_sweep,1548,treatment,0,10,0.6146,0,0.2894,181,3,117.0
mech_md50_ppoff_r20,mechanism_sweep,1548,treatment,1,7,0.6271,0,0.2898,121,2,107.71
mech_md50_ppoff_r20,mechanism_sweep,1548,treatment,2,12,0.64,0,0.2058,204,7,109.29
mech_md50_ppoff_r20,mechanism_sweep,1548,treatment,3,11,0.6581,0,0.2696,209,5,104.09
mech_md50_ppoff_r20,mechanism_sweep,1548,treatment,4,9,0.6389,0,0.2993,175,3,97.89
mech_md50_ppoff_r20,mechanism_sweep,1685,control,0,9,0.5849,0,0.2611,161,13,94.44
mech_md50_ppoff_r20,mechanism_sweep,1685,control,1,8,0.52,0,0.2823,122,10,112.38
mech_md50_ppoff_r20,mechanism_sweep,1685,control,2,3,0.6404,0,0.2859,61,4,104.0
mech_md50_ppoff_r20,mechanism_sweep,1685,control,3,22,0.5234,0,0.2203,320,30,113.59
mech_md50_ppoff_r20,mechanism_sweep,1685,control,4,2,0.6221,0,0.0329,42,2,110.0
mech_md50_ppoff_r20,mechanism_sweep,1685,treatment,0,8,0.6214,0,0.3216,159,1,113.25
mech_md50_ppoff_r20,mechanism_sweep,1685,treatment,1,5,0.6487,0,0.2346,88,3,99.0
mech_md50_ppoff_r20,mechanism_sweep,1685,treatment,2,5,0.5579,0,0.2678,80,0,114.6
mech_md50_ppoff_r20,mechanism_sweep,1685,treatment,3,0,0,0,0,0,0,0
mech_md50_ppoff_r20,mechanism_sweep,1685,treatment,4,2,0.7542,0,0.3508,37,2,131.5
mech_md50_ppoff_r20,mechanism_sweep,1822,control,0,6,0.4931,0,0.3026,86,7,93.33
mech_md50_ppoff_r20,mechanism_sweep,1822,control,1,4,0.514,0,0.2768,69,0,91.25
mech_md50_ppoff_r20,mechanism_sweep,1822,control,2,1,0.5299,0,0.0,20,0,39.0
mech_md50_ppoff_r20,mechanism_sweep,1822,control,3,2,0.4952,0,0.1168,31,2,106.5
mech_md50_ppoff_r20,mechanism_sweep,1822,control,4,1,0.5699,0,0.0,37,0,119.0
mech_md50_ppoff_r20,mechanism_sweep,1822,treatment,0,14,0.4929,0,0.298,195,11,100.14
mech_md50_ppoff_r20,mechanism_sweep,1822,treatment,1,9,0.6523,0,0.3232,167,1,122.67
mech_md50_ppoff_r20,mechanism_sweep,1822,treatment,2,5,0.6456,0,0.3162,93,3,118.0
mech_md50_ppoff_r20,mechanism_sweep,1822,treatment,3,1,0.5563,0,0.0,17,0,25.0
mech_md50_ppoff_r20,mechanism_sweep,1822,treatment,4,1,0.6963,0,0.0,17,0,125.0
mech_md50_ppoff_r20,mechanism_sweep,1959,control,0,6,0.6941,0,0.3686,121,2,117.0
mech_md50_ppoff_r20,mechanism_sweep,1959,control,1,6,0.6827,0,0.3155,128,4,92.5
mech_md50_ppoff_r20,mechanism_sweep,1959,control,2,5,0.6241,0,0.2926,86,2,110.6
mech_md50_ppoff_r20,mechanism_sweep,1959,control,3,15,0.4911,0,0.1667,172,13,107.2
mech_md50_ppoff_r20,mechanism_sweep,1959,control,4,10,0.5294,0,0.1686,135,4,117.8
mech_md50_ppoff_r20,mechanism_sweep,1959,treatment,0,6,0.6848,0,0.3239,109,5,115.5
mech_md50_ppoff_r20,mechanism_sweep,1959,treatment,1,6,0.5799,0,0.296,95,1,100.58
mech_md50_ppoff_r20,mechanism_sweep,1959,treatment,2,4,0.6255,0,0.1827,70,0,94.5
mech_md50_ppoff_r20,mechanism_sweep,1959,treatment,3,3,0.4509,0,0.1831,34,0,124.83
mech_md50_ppoff_r20,mechanism_sweep,1959,treatment,4,5,0.4722,0,0.2186,62,0,131.6
mech_md50_ppoff_r20,mechanism_sweep,2096,control,0,6,0.646,0,0.312,119,2,121.0
mech_md50_ppoff_r20,mechanism_sweep,2096,control,1,2,0.5221,0,0.2258,32,0,116.5
mech_md50_ppoff_r20,mechanism_sweep,2096,control,2,4,0.6416,0,0.2455,81,2,108.5
mech_md50_ppoff_r20,mechanism_sweep,2096,control,3,1,0.7051,0,0.0,41,1,60.0
mech_md50_ppoff_r20,mechanism_sweep,2096,control,4,3,0.5813,0,0.3595,60,1,61.0
mech_md50_ppoff_r20,mechanism_sweep,2096,treatment,0,8,0.6385,0,0.3115,150,2,87.38
mech_md50_ppoff_r20,mechanism_sweep,2096,treatment,1,6,0.4866,0,0.2536,82,2,105.75
mech_md50_ppoff_r20,mechanism_sweep,2096,treatment,2,5,0.6673,0,0.2841,112,1,126.0
mech_md50_ppoff_r20,mechanism_sweep,2096,treatment,3,13,0.6289,0,0.2413,242,11,107.77
mech_md50_ppoff_r20,mechanism_sweep,2096,treatment,4,4,0.6911,0,0.2172,77,1,98.88
mech_md50_ppoff_r20,mechanism_sweep,2233,control,0,3,0.7385,0,0.3217,65,4,115.0
mech_md50_ppoff_r20,mechanism_sweep,2233,control,1,0,0,0,0,0,0,0
mech_md50_ppoff_r20,mechanism_sweep,2233,control,2,2,0.569,0,0.3142,36,0,108.5
mech_md50_ppoff_r20,mechanism_sweep,2233,control,3,9,0.4806,0,0.0825,92,11,93.67
mech_md50_ppoff_r20,mechanism_sweep,2233,control,4,11,0.529,0,0.2327,124,7,92.18
mech_md50_ppoff_r20,mechanism_sweep,2233,treatment,0,6,0.5717,0,0.3278,106,2,83.17
mech_md50_ppoff_r20,mechanism_sweep,2233,treatment,1,8,0.584,0,0.2667,146,3,101.88
mech_md50_ppoff_r20,mechanism_sweep,2233,treatment,2,10,0.5324,0,0.2518,166,9,117.0
mech_md50_ppoff_r20,mechanism_sweep,2233,treatment,3,3,0.5664,0,0.3591,56,1,85.67
mech_md50_ppoff_r20,mechanism_sweep,2233,treatment,4,2,0.5526,0,0.2665,37,1,70.5
mech_md50_ppoff_r20,mechanism_sweep,2370,control,0,6,0.6315,0,0.3552,116,3,105.33
mech_md50_ppoff_r20,mechanism_sweep,2370,control,1,10,0.5958,0,0.312,183,7,87.7
mech_md50_ppoff_r20,mechanism_sweep,2370,control,2,10,0.562,0,0.263,161,9,96.5
mech_md50_ppoff_r20,mechanism_sweep,2370,control,3,3,0.6465,0,0.2825,64,1,109.0
mech_md50_ppoff_r20,mechanism_sweep,2370,control,4,6,0.5832,0,0.2273,120,2,87.33
mech_md50_ppoff_r20,mechanism_sweep,2370,treatment,0,12,0.6191,0,0.3354,229,3,109.58
mech_md50_ppoff_r20,mechanism_sweep,2370,treatment,1,5,0.7218,0,0.2642,97,2,119.0
mech_md50_ppoff_r20,mechanism_sweep,2370,treatment,2,20,0.5898,0,0.2692,325,13,111.78
mech_md50_ppoff_r20,mechanism_sweep,2370,treatment,3,8,0.7242,0,0.279,173,5,96.5
mech_md50_ppoff_r20,mechanism_sweep,2370,treatment,4,8,0.6615,0,0.2591,146,1,72.12
mech_md50_ppoff_r20,mechanism_sweep,2507,control,0,3,0.6603,0,0.315,61,0,107.0
mech_md50_ppoff_r20,mechanism_sweep,2507,control,1,4,0.7044,0,0.3092,86,2,139.5
mech_md50_ppoff_r20,mechanism_sweep,2507,control,2,6,0.6326,0,0.3592,121,1,106.17
mech_md50_ppoff_r20,mechanism_sweep,2507,control,3,8,0.6398,0,0.2785,162,1,100.75
mech_md50_ppoff_r20,mechanism_sweep,2507,control,4,1,0.6721,0,0.0,20,0,100.0
mech_md50_ppoff_r20,mechanism_sweep,2507,treatment,0,6,0.572,0,0.2839,99,2,119.17
mech_md50_ppoff_r20,mechanism_sweep,2507,treatment,1,2,0.5966,0,0.2124,36,0,111.5
mech_md50_ppoff_r20,mechanism_sweep,2507,treatment,2,7,0.5545,0,0.2493,106,8,99.07
mech_md50_ppoff_r20,mechanism_sweep,2507,treatment,3,2,0.6849,0,0.2764,35,3,68.75
mech_md50_ppoff_r20,mechanism_sweep,2507,treatment,4,4,0.5925,0,0.308,64,2,107.62
mech_md50_ppoff_r20,mechanism_sweep,2644,control,0,2,0.629,0,0.2272,45,1,137.5
mech_md50_ppoff_r20,mechanism_sweep,2644,control,1,3,0.6371,0,0.224,60,0,96.67
mech_md50_ppoff_r20,mechanism_sweep,2644,control,2,1,0.7188,0,0.0,22,2,120.0
mech_md50_ppoff_r20,mechanism_sweep,2644,control,3,2,0.5443,0,0.3107,38,0,76.0
mech_md50_ppoff_r20,mechanism_sweep,2644,control,4,0,0,0,0,0,0,0
mech_md50_ppoff_r20,mechanism_sweep,2644,treatment,0,8,0.638,0,0.2929,150,4,106.81
mech_md50_ppoff_r20,mechanism_sweep,2644,treatment,1,6,0.6523,0,0.2741,109,3,99.75
mech_md50_ppoff_r20,mechanism_sweep,2644,treatment,2,6,0.4406,0,0.1635,69,6,100.67
mech_md50_ppoff_r20,mechanism_sweep,2644,treatment,3,2,0.556,0,0.1355,33,0,117.0
mech_md50_ppoff_r20,mechanism_sweep,2644,treatment,4,1,0.537,0,0.0,16,0,94.0
mech_md50_ppoff_r20,mechanism_sweep,2781,control,0,7,0.636,0,0.2764,151,5,103.14
mech_md50_ppoff_r20,mechanism_sweep,2781,control,1,8,0.632,0,0.2849,144,3,101.88
mech_md50_ppoff_r20,mechanism_sweep,2781,control,2,1,0.8682,0,0.0,22,2,120.0
mech_md50_ppoff_r20,mechanism_sweep,2781,control,3,3,0.6979,0,0.2621,62,1,112.33
mech_md50_ppoff_r20,mechanism_sweep,2781,control,4,3,0.6628,0,0.3218,59,1,101.33
mech_md50_ppoff_r20,mechanism_sweep,2781,treatment,0,5,0.6349,0,0.3484,108,1,107.8
mech_md50_ppoff_r20,mechanism_sweep,2781,treatment,1,3,0.6922,0,0.1839,61,0,94.0
mech_md50_ppoff_r20,mechanism_sweep,2781,treatment,2,9,0.7175,0,0.2427,177,3,102.89
mech_md50_ppoff_r20,mechanism_sweep,2781,treatment,3,7,0.6799,0,0.1938,144,1,99.43
mech_md50_ppoff_r20,mechanism_sweep,2781,treatment,4,2,0.7368,0,0.3363,40,0,120.0
mech_md50_ppoff_r20,mechanism_sweep,2918,control,0,5,0.6191,0,0.3649,89,0,110.6
mech_md50_ppoff_r20,mechanism_sweep,2918,control,1,6,0.5514,0,0.2627,98,4,120.67
mech_md50_ppoff_r20,mechanism_sweep,2918,control,2,32,0.4556,0,0.1216,344,42,117.41
mech_md50_ppoff_r20,mechanism_sweep,2918,control,3,16,0.3775,0,0.1803,153,17,112.44
mech_md50_ppoff_r20,mechanism_sweep,2918,control,4,8,0.588,0,0.0966,117,9,118.0
mech_md50_ppoff_r20,mechanism_sweep,2918,treatment,0,3,0.6119,0,0.3721,56,1,77.83
mech_md50_ppoff_r20,mechanism_sweep,2918,treatment,1,4,0.6402,0,0.3636,76,2,114.75
mech_md50_ppoff_r20,mechanism_sweep,2918,treatment,2,3,0.5939,0,0.293,53,0,81.83
mech_md50_ppoff_r20,mechanism_sweep,2918,treatment,3,1,0.8135,0,0.0,21,1,107.0
mech_md50_ppoff_r20,mechanism_sweep,2918,treatment,4,4,0.6579,0,0.1411,61,5,126.25
mech_md50_ppoff_r20,mechanism_sweep,3055,control,0,7,0.6098,0,0.3416,143,0,107.14
mech_md50_ppoff_r20,mechanism_sweep,3055,control,1,5,0.5451,0,0.2806,77,4,122.0
mech_md50_ppoff_r20,mechanism_sweep,3055,control,2,0,0,0,0,0,0,0
mech_md50_ppoff_r20,mechanism_sweep,3055,control,3,11,0.4894,0,0.267,157,4,102.73
mech_md50_ppoff_r20,mechanism_sweep,3055,control,4,4,0.3841,0,0.2716,45,1,74.5
mech_md50_ppoff_r20,mechanism_sweep,3055,treatment,0,6,0.6634,0,0.3666,124,2,122.33
mech_md50_ppoff_r20,mechanism_sweep,3055,treatment,1,5,0.5629,0,0.3004,85,0,100.3
mech_md50_ppoff_r20,mechanism_sweep,3055,treatment,2,4,0.6529,0,0.3115,78,3,84.62
mech_md50_ppoff_r20,mechanism_sweep,3055,treatment,3,4,0.6777,0,0.2435,82,3,111.0
mech_md50_ppoff_r20,mechanism_sweep,3055,treatment,4,3,0.5784,0,0.2828,51,1,108.67
mech_md50_ppoff_r20,mechanism_sweep,3192,control,0,2,0.6292,0,0.2497,42,1,112.5
mech_md50_ppoff_r20,mechanism_sweep,3192,control,1,4,0.649,0,0.2669,81,2,90.75
mech_md50_ppoff_r20,mechanism_sweep,3192,control,2,0,0,0,0,0,0,0
mech_md50_ppoff_r20,mechanism_sweep,3192,control,3,3,0.6468,0,0.3146,64,1,139.67
mech_md50_ppoff_r20,mechanism_sweep,3192,control,4,4,0.5342,0,0.113,67,7,120.25
mech_md50_ppoff_r20,mechanism_sweep,3192,treatment,0,5,0.6352,0,0.2968,93,1,107.4
mech_md50_ppoff_r20,mechanism_sweep,3192,treatment,1,5,0.3763,0,0.1765,55,3,135.8
mech_md50_ppoff_r20,mechanism_sweep,3192,treatment,2,6,0.6302,0,0.3129,111,5,114.58
mech_md50_ppoff_r20,mechanism_sweep,3192,treatment,3,3,0.4444,0,0.3158,46,0,96.33
mech_md50_ppoff_r20,mechanism_sweep,3192,treatment,4,1,0.484,0,0.0,10,0,122.0
mech_md50_ppoff_r20,mechanism_sweep,3329,control,0,5,0.6206,0,0.355,110,0,103.8
mech_md50_ppoff_r20,mechanism_sweep,3329,control,1,3,0.6509,0,0.3301,61,0,111.33
mech_md50_ppoff_r20,mechanism_sweep,3329,control,2,4,0.6284,0,0.1994,83,4,120.5
mech_md50_ppoff_r20,mechanism_sweep,3329,control,3,2,0.5919,0,0.2128,42,0,122.5
mech_md50_ppoff_r20,mechanism_sweep,3329,control,4,1,0.6198,0,0.0,21,0,117.0
mech_md50_ppoff_r20,mechanism_sweep,3329,treatment,0,9,0.6539,0,0.3141,166,3,115.33
mech_md50_ppoff_r20,mechanism_sweep,3329,treatment,1,5,0.6193,0,0.3146,100,1,130.5
mech_md50_ppoff_r20,mechanism_sweep,3329,treatment,2,7,0.4921,0,0.2865,106,3,88.57
mech_md50_ppoff_r20,mechanism_sweep,3329,treatment,3,10,0.4755,0,0.2452,110,6,107.8
mech_md50_ppoff_r20,mechanism_sweep,3329,treatment,4,3,0.6055,0,0.2937,54,4,116.33
mech_md50_ppoff_r20,mechanism_sweep,3466,control,0,2,0.6487,0,0.3351,41,1,101.0
mech_md50_ppoff_r20,mechanism_sweep,3466,control,1,14,0.5418,0,0.2512,216,17,101.93
mech_md50_ppoff_r20,mechanism_sweep,3466,control,2,7,0.4855,0,0.2032,99,3,89.29
mech_md50_ppoff_r20,mechanism_sweep,3466,control,3,27,0.4596,0,0.2371,345,36,86.96
mech_md50_ppoff_r20,mechanism_sweep,3466,control,4,11,0.4468,0,0.1648,131,19,99.91
mech_md50_ppoff_r20,mechanism_sweep,3466,treatment,0,10,0.6538,0,0.3159,198,7,113.3
mech_md50_ppoff_r20,mechanism_sweep,3466,treatment,1,7,0.6566,0,0.2817,132,1,119.29
mech_md50_ppoff_r20,mechanism_sweep,3466,treatment,2,7,0.6329,0,0.2304,136,1,113.64
mech_md50_ppoff_r20,mechanism_sweep,3466,treatment,3,3,0.6516,0,0.3115,59,1,81.33
mech_md50_ppoff_r20,mechanism_sweep,3466,treatment,4,5,0.6243,0,0.2302,94,0,116.8
mech_md50_ppoff_r20,mechanism_sweep,3603,control,0,7,0.6289,0,0.3026,140,1,93.0
mech_md50_ppoff_r20,mechanism_sweep,3603,control,1,2,0.7775,0,0.2689,43,4,91.0
mech_md50_ppoff_r20,mechanism_sweep,3603,control,2,1,0.5722,0,0.0,20,0,100.0
mech_md50_ppoff_r20,mechanism_sweep,3603,control,3,4,0.5341,0,0.3326,65,1,103.5
mech_md50_ppoff_r20,mechanism_sweep,3603,control,4,3,0.7592,0,0.1169,66,5,133.0
mech_md50_ppoff_r20,mechanism_sweep,3603,treatment,0,7,0.6029,0,0.3003,138,3,108.71
mech_md50_ppoff_r20,mechanism_sweep,3603,treatment,1,13,0.6268,0,0.289,233,10,110.27
mech_md50_ppoff_r20,mechanism_sweep,3603,treatment,2,7,0.5408,0,0.2494,120,3,104.79
mech_md50_ppoff_r20,mechanism_sweep,3603,treatment,3,2,0.6991,0,0.3157,35,1,131.0
mech_md50_ppoff_r20,mechanism_sweep,3603,treatment,4,9,0.5219,0,0.2495,118,5,124.0
mech_md50_ppoff_r20,mechanism_sweep,3740,control,0,7,0.6382,0,0.3285,144,2,106.29
mech_md50_ppoff_r20,mechanism_sweep,3740,control,1,6,0.5857,0,0.2611,106,2,100.33
mech_md50_ppoff_r20,mechanism_sweep,3740,control,2,7,0.6935,0,0.2708,140,4,106.86
mech_md50_ppoff_r20,mechanism_sweep,3740,control,3,3,0.7336,0,0.1772,63,0,133.0
mech_md50_ppoff_r20,mechanism_sweep,3740,control,4,2,0.8129,0,0.2647,43,3,115.0
mech_md50_ppoff_r20,mechanism_sweep,3740,treatment,0,15,0.634,0,0.3459,269,8,119.87
mech_md50_ppoff_r20,mechanism_sweep,3740,treatment,1,16,0.6448,0,0.2931,300,9,107.81
mech_md50_ppoff_r20,mechanism_sweep,3740,treatment,2,17,0.5747,0,0.254,314,14,118.71
mech_md50_ppoff_r20,mechanism_sweep,3740,treatment,3,8,0.6603,0,0.1988,144,5,134.31
mech_md50_ppoff_r20,mechanism_sweep,3740,treatment,4,11,0.6026,0,0.2206,197,4,117.14
mech_md50_ppoff_r20,mechanism_sweep,3877,control,0,5,0.6874,0,0.2605,103,2,97.0
mech_md50_ppoff_r20,mechanism_sweep,3877,control,1,3,0.7159,0,0.1595,65,2,135.33
mech_md50_ppoff_r20,mechanism_sweep,3877,control,2,3,0.6671,0,0.1778,60,3,132.0
mech_md50_ppoff_r20,mechanism_sweep,3877,control,3,9,0.4727,0,0.1487,123,14,110.0
mech_md50_ppoff_r20,mechanism_sweep,3877,control,4,3,0.4268,0,0.1318,41,2,109.0
mech_md50_ppoff_r20,mechanism_sweep,3877,treatment,0,2,0.6779,0,0.2714,39,0,100.0
mech_md50_ppoff_r20,mechanism_sweep,3877,treatment,1,3,0.6561,0,0.314,57,2,120.83
mech_md50_ppoff_r20,mechanism_sweep,3877,treatment,2,2,0.7079,0,0.1518,46,0,122.0
mech_md50_ppoff_r20,mechanism_sweep,3877,treatment,3,2,0.7036,0,0.2828,40,0,116.5
mech_md50_ppoff_r20,mechanism_sweep,3877,treatment,4,1,0.6787,0,0.0,16,0,100.0
mech_md50_ppoff_r20,mechanism_sweep,4014,control,0,8,0.709,0,0.2891,170,7,107.88
mech_md50_ppoff_r20,mechanism_sweep,4014,control,1,9,0.6016,0,0.2537,166,6,108.44
mech_md50_ppoff_r20,mechanism_sweep,4014,control,2,8,0.5814,0,0.2115,143,5,112.0
mech_md50_ppoff_r20,mechanism_sweep,4014,control,3,50,0.474,0,0.2292,666,81,111.56
mech_md50_ppoff_r20,mechanism_sweep,4014,control,4,12,0.5621,0,0.1733,196,13,119.67
mech_md50_ppoff_r20,mechanism_sweep,4014,treatment,0,8,0.6497,0,0.2767,151,1,106.75
mech_md50_ppoff_r20,mechanism_sweep,4014,treatment,1,5,0.6459,0,0.2854,82,1,93.8
mech_md50_ppoff_r20,mechanism_sweep,4014,treatment,2,3,0.6392,0,0.2633,63,0,139.33
mech_md50_ppoff_r20,mechanism_sweep,4014,treatment,3,5,0.5593,0,0.2294,81,3,106.4
mech_md50_ppoff_r20,mechanism_sweep,4014,treatment,4,0,0,0,0,0,0,0
mech_md50_ppoff_r20,mechanism_sweep,4151,control,0,3,0.5273,0,0.301,49,3,124.67
mech_md50_ppoff_r20,mechanism_sweep,4151,control,1,5,0.6562,0,0.3512,102,2,104.0
mech_md50_ppoff_r20,mechanism_sweep,4151,control,2,0,0,0,0,0,0,0
mech_md50_ppoff_r20,mechanism_sweep,4151,control,3,2,0.7289,0,0.246,41,1,103.5
mech_md50_ppoff_r20,mechanism_sweep,4151,control,4,2,0.6521,0,0.2304,37,2,101.0
mech_md50_ppoff_r20,mechanism_sweep,4151,treatment,0,7,0.6808,0,0.278,152,5,117.71
mech_md50_ppoff_r20,mechanism_sweep,4151,treatment,1,4,0.5892,0,0.2266,62,2,102.5
mech_md50_ppoff_r20,mechanism_sweep,4151,treatment,2,5,0.5051,0,0.2695,75,1,103.8
mech_md50_ppoff_r20,mechanism_sweep,4151,treatment,3,8,0.531,0,0.2949,115,3,97.38
mech_md50_ppoff_r20,mechanism_sweep,4151,treatment,4,4,0.6567,0,0.3237,74,1,111.25
mech_md50_ppoff_r20,mechanism_sweep,4288,control,0,2,0.6489,0,0.2362,44,1,146.5
mech_md50_ppoff_r20,mechanism_sweep,4288,control,1,10,0.6308,0,0.2887,194,12,125.4
mech_md50_ppoff_r20,mechanism_sweep,4288,control,2,7,0.5762,0,0.2774,135,1,109.57
mech_md50_ppoff_r20,mechanism_sweep,4288,control,3,6,0.6408,0,0.3137,111,2,98.33
mech_md50_ppoff_r20,mechanism_sweep,4288,control,4,6,0.6362,0,0.3221,113,0,125.83
mech_md50_ppoff_r20,mechanism_sweep,4288,treatment,0,5,0.6364,0,0.2994,99,3,98.0
mech_md50_ppoff_r20,mechanism_sweep,4288,treatment,1,5,0.5642,0,0.3455,86,1,122.2
mech_md50_ppoff_r20,mechanism_sweep,4288,treatment,2,3,0.664,0,0.3679,58,0,128.33
mech_md50_ppoff_r20,mechanism_sweep,4288,treatment,3,2,0.6673,0,0.3317,38,0,123.0
mech_md50_ppoff_r20,mechanism_sweep,4288,treatment,4,0,0,0,0,0,0,0
mech_md50_ppoff_r20,mechanism_sweep,4425,control,0,8,0.537,0,0.2318,137,10,108.12
mech_md50_ppoff_r20,mechanism_sweep,4425,control,1,1,0.6079,0,0.0,20,0,93.0
mech_md50_ppoff_r20,mechanism_sweep,4425,control,2,6,0.599,0,0.246,117,2,110.33
mech_md50_ppoff_r20,mechanism_sweep,4425,control,3,2,0.6691,0,0.2327,43,1,141.0
mech_md50_ppoff_r20,mechanism_sweep,4425,control,4,13,0.5058,0,0.2041,194,10,111.54
mech_md50_ppoff_r20,mechanism_sweep,4425,treatment,0,8,0.5294,0,0.2778,131,2,119.62
mech_md50_ppoff_r20,mechanism_sweep,4425,treatment,1,4,0.624,0,0.1914,69,2,119.0
mech_md50_ppoff_r20,mechanism_sweep,4425,treatment,2,4,0.6707,0,0.2347,78,2,98.25
mech_md50_ppoff_r20,mechanism_sweep,4425,treatment,3,5,0.6813,0,0.2542,109,3,121.0
mech_md50_ppoff_r20,mechanism_sweep,4425,treatment,4,3,0.6321,0,0.2455,59,0,111.5
mech_md50_ppoff_r20,mechanism_sweep,4562,control,0,4,0.6126,0,0.3073,72,1,86.25
mech_md50_ppoff_r20,mechanism_sweep,4562,control,1,1,0.7627,0,0.0,22,1,127.0
mech_md50_ppoff_r20,mechanism_sweep,4562,control,2,3,0.7053,0,0.1822,72,2,79.33
mech_md50_ppoff_r20,mechanism_sweep,4562,control,3,2,0.5706,0,0.2223,38,0,91.5
mech_md50_ppoff_r20,mechanism_sweep,4562,control,4,0,0,0,0,0,0,0
mech_md50_ppoff_r20,mechanism_sweep,4562,treatment,0,7,0.617,0,0.3226,139,1,112.57
mech_md50_ppoff_r20,mechanism_sweep,4562,treatment,1,3,0.6292,0,0.3364,58,0,111.5
mech_md50_ppoff_r20,mechanism_sweep,4562,treatment,2,3,0.6669,0,0.1572,57,1,121.67
mech_md50_ppoff_r20,mechanism_sweep,4562,treatment,3,1,0.6583,0,0.0,20,0,121.0
mech_md50_ppoff_r20,mechanism_sweep,4562,treatment,4,3,0.6593,0,0.1088,57,2,58.33
mech_md50_ppoff_r20,mechanism_sweep,4699,control,0,4,0.6815,0,0.2958,79,4,114.75
mech_md50_ppoff_r20,mechanism_sweep,4699,control,1,6,0.6021,0,0.2416,117,4,92.33
mech_md50_ppoff_r20,mechanism_sweep,4699,control,2,1,0.7476,0,0.0,21,1,105.0
mech_md50_ppoff_r20,mechanism_sweep,4699,control,3,1,0.6688,0,0.0,18,1,13.0
mech_md50_ppoff_r20,mechanism_sweep,4699,control,4,7,0.4816,0,0.1842,83,4,112.71
mech_md50_ppoff_r20,mechanism_sweep,4699,treatment,0,12,0.6381,0,0.2822,222,11,106.75
mech_md50_ppoff_r20,mechanism_sweep,4699,treatment,1,8,0.6651,0,0.2513,142,7,107.94
mech_md50_ppoff_r20,mechanism_sweep,4699,treatment,2,9,0.6313,0,0.1871,163,4,131.94
mech_md50_ppoff_r20,mechanism_sweep,4699,treatment,3,1,0.5513,0,0.0,17,0,100.0
mech_md50_ppoff_r20,mechanism_sweep,4699,treatment,4,2,0.5383,0,0.3787,33,0,67.75
mech_md50_ppoff_r20,mechanism_sweep,4836,control,0,4,0.6456,0,0.3319,83,1,121.75
mech_md50_ppoff_r20,mechanism_sweep,4836,control,1,10,0.4659,0,0.27,126,13,111.4
mech_md50_ppoff_r20,mechanism_sweep,4836,control,2,2,0.7361,0,0.1719,43,1,113.0
mech_md50_ppoff_r20,mechanism_sweep,4836,control,3,0,0,0,0,0,0,0
mech_md50_ppoff_r20,mechanism_sweep,4836,control,4,1,0.6983,0,0.0,21,1,110.0
mech_md50_ppoff_r20,mechanism_sweep,4836,treatment,0,7,0.5702,0,0.3379,116,2,128.14
mech_md50_ppoff_r20,mechanism_sweep,4836,treatment,1,7,0.5798,0,0.2849,126,4,112.86
mech_md50_ppoff_r20,mechanism_sweep,4836,treatment,2,3,0.5429,0,0.2263,50,1,140.33
mech_md50_ppoff_r20,mechanism_sweep,4836,treatment,3,7,0.3733,0,0.1863,71,7,116.43
mech_md50_ppoff_r20,mechanism_sweep,4836,treatment,4,6,0.6121,0,0.2667,106,2,112.17
mech_md50_ppoff_r20,mechanism_sweep,4973,control,0,6,0.5955,0,0.2554,116,1,96.33
mech_md50_ppoff_r20,mechanism_sweep,4973,control,1,8,0.6328,0,0.2475,155,8,116.12
mech_md50_ppoff_r20,mechanism_sweep,4973,control,2,23,0.4138,0,0.2453,251,19,98.09
mech_md50_ppoff_r20,mechanism_sweep,4973,control,3,4,0.5774,0,0.1927,68,2,76.75
mech_md50_ppoff_r20,mechanism_sweep,4973,control,4,9,0.569,0,0.2373,144,12,112.0
mech_md50_ppoff_r20,mechanism_sweep,4973,treatment,0,10,0.5937,0,0.2929,187,4,110.9
mech_md50_ppoff_r20,mechanism_sweep,4973,treatment,1,19,0.547,0,0.2617,266,22,125.18
mech_md50_ppoff_r20,mechanism_sweep,4973,treatment,2,13,0.6841,0,0.2746,248,10,118.92
mech_md50_ppoff_r20,mechanism_sweep,4973,treatment,3,17,0.5312,0,0.2673,232,15,86.24
mech_md50_ppoff_r20,mechanism_sweep,4973,treatment,4,10,0.6351,0,0.2664,195,5,112.5
mech_md50_ppoff_r30,mechanism_sweep,1000,control,0,2,0.6167,0,0.2905,36,0,99.5
mech_md50_ppoff_r30,mechanism_sweep,1000,control,1,0,0,0,0,0,0,0
mech_md50_ppoff_r30,mechanism_sweep,1000,control,2,4,0.6569,0,0.2604,92,0,117.0
mech_md50_ppoff_r30,mechanism_sweep,1000,control,3,1,0.6501,0,0.0,22,1,101.0
mech_md50_ppoff_r30,mechanism_sweep,1000,control,4,5,0.6024,0,0.1985,92,5,105.0
mech_md50_ppoff_r30,mechanism_sweep,1000,treatment,0,13,0.6402,0,0.3071,231,7,111.62
mech_md50_ppoff_r30,mechanism_sweep,1000,treatment,1,24,0.5959,0,0.28,393,17,118.73
mech_md50_ppoff_r30,mechanism_sweep,1000,treatment,2,19,0.5936,0,0.276,296,17,113.76
mech_md50_ppoff_r30,mechanism_sweep,1000,treatment,3,35,0.4983,0,0.2646,444,45,113.99
mech_md50_ppoff_r30,mechanism_sweep,1000,treatment,4,55,0.4527,0,0.229,540,67,113.16
mech_md50_ppoff_r30,mechanism_sweep,1137,control,0,4,0.6478,0,0.3082,83,1,124.0
mech_md50_ppoff_r30,mechanism_sweep,1137,control,1,8,0.6582,0,0.2846,162,3,109.62
mech_md50_ppoff_r30,mechanism_sweep,1137,control,2,2,0.7375,0,0.2362,43,1,119.5
mech_md50_ppoff_r30,mechanism_sweep,1137,control,3,2,0.6401,0,0.2271,42,0,148.5
mech_md50_ppoff_r30,mechanism_sweep,1137,control,4,2,0.654,0,0.1709,41,1,105.0
mech_md50_ppoff_r30,mechanism_sweep,1137,treatment,0,5,0.5813,0,0.3513,90,1,98.1
mech_md50_ppoff_r30,mechanism_sweep,1137,treatment,1,8,0.6603,0,0.2929,139,3,138.12
mech_md50_ppoff_r30,mechanism_sweep,1137,treatment,2,8,0.67,0,0.1406,142,2,116.94
mech_md50_ppoff_r30,mechanism_sweep,1137,treatment,3,7,0.5928,0,0.1593,112,3,102.57
mech_md50_ppoff_r30,mechanism_sweep,1137,treatment,4,19,0.5321,0,0.1704,243,13,115.32
mech_md50_ppoff_r30,mechanism_sweep,1274,control,0,3,0.6672,0,0.2438,56,2,71.67
mech_md50_ppoff_r30,mechanism_sweep,1274,control,1,1,0.7799,0,0.0,20,1,103.0
mech_md50_ppoff_r30,mechanism_sweep,1274,control,2,3,0.4704,0,0.2325,45,1,105.0
mech_md50_ppoff_r30,mechanism_sweep,1274,control,3,5,0.6158,0,0.1527,79,2,106.0
mech_md50_ppoff_r30,mechanism_sweep,1274,control,4,0,0,0,0,0,0,0
mech_md50_ppoff_r30,mechanism_sweep,1274,treatment,0,7,0.6229,0,0.3055,128,1,109.29
mech_md50_ppoff_r30,mechanism_sweep,1274,treatment,1,12,0.6653,0,0.2527,224,5,100.08
mech_md50_ppoff_r30,mechanism_sweep,1274,treatment,2,5,0.565,0,0.2488,84,0,96.5
mech_md50_ppoff_r30,mechanism_sweep,1274,treatment,3,13,0.5252,0,0.1933,181,7,93.54
mech_md50_ppoff_r30,mechanism_sweep,1274,treatment,4,16,0.6231,0,0.1846,247,12,115.69
mech_md50_ppoff_r30,mechanism_sweep,1411,control,0,5,0.6328,0,0.3204,96,1,82.4
mech_md50_ppoff_r30,mechanism_sweep,1411,control,1,4,0.6779,0,0.3459,81,0,100.25
mech_md50_ppoff_r30,mechanism_sweep,1411,control,2,1,0.6305,0,0.0,21,0,115.0
mech_md50_ppoff_r30,mechanism_sweep,1411,control,3,0,0,0,0,0,0,0
mech_md50_ppoff_r30,mechanism_sweep,1411,control,4,1,0.6073,0,0.0,14,0,94.0
mech_md50_ppoff_r30,mechanism_sweep,1411,treatment,0,12,0.4785,0,0.2925,161,4,104.42
mech_md50_ppoff_r30,mechanism_sweep,1411,treatment,1,5,0.5278,0,0.2963,76,0,101.6
mech_md50_ppoff_r30,mechanism_sweep,1411,treatment,2,1,0.554,0,0.0,17,0,150.0
mech_md50_ppoff_r30,mechanism_sweep,1411,treatment,3,6,0.5879,0,0.2224,94,1,79.5
mech_md50_ppoff_r30,mechanism_sweep,1411,treatment,4,3,0.5885,0,0.2129,45,2,94.67
mech_md50_ppoff_r30,mechanism_sweep,1548,control,0,3,0.653,0,0.2709,66,3,82.0
mech_md50_ppoff_r30,mechanism_sweep,1548,control,1,4,0.61,0,0.2659,77,2,112.5
mech_md50_ppoff_r30,mechanism_sweep,1548,control,2,1,0.6196,0,0.0,21,0,163.0
mech_md50_ppoff_r30,mechanism_sweep,1548,control,3,2,0.6123,0,0.2969,38,0,91.5
mech_md50_ppoff_r30,mechanism_sweep,1548,control,4,1,0.6597,0,0.0,20,0,90.0
mech_md50_ppoff_r30,mechanism_sweep,1548,treatment,0,12,0.6375,0,0.2919,225,5,104.67
mech_md50_ppoff_r30,mechanism_sweep,1548,treatment,1,4,0.5851,0,0.338,70,0,88.5
mech_md50_ppoff_r30,mechanism_sweep,1548,treatment,2,4,0.6612,0,0.1409,75,0,98.5
mech_md50_ppoff_r30,mechanism_sweep,1548,treatment,3,8,0.5579,0,0.2903,134,3,95.5
mech_md50_ppoff_r30,mechanism_sweep,1548,treatment,4,9,0.5216,0,0.2988,114,4,112.78
mech_md50_ppoff_r30,mechanism_sweep,1685,control,0,9,0.5849,0,0.2611,161,13,94.44
mech_md50_ppoff_r30,mechanism_sweep,1685,control,1,8,0.52,0,0.2823,122,10,112.38
mech_md50_ppoff_r30,mechanism_sweep,1685,control,2,3,0.6404,0,0.2859,61,4,104.0
mech_md50_ppoff_r30,mechanism_sweep,1685,control,3,22,0.5234,0,0.2203,320,30,113.59
mech_md50_ppoff_r30,mechanism_sweep,1685,control,4,2,0.6221,0,0.0329,42,2,110.0
mech_md50_ppoff_r30,mechanism_sweep,1685,treatment,0,9,0.5935,0,0.3044,153,3,107.33
mech_md50_ppoff_r30,mechanism_sweep,1685,treatment,1,10,0.6654,0,0.3116,187,12,113.5
mech_md50_ppoff_r30,mechanism_sweep,1685,treatment,2,5,0.6233,0,0.3247,87,2,99.8
mech_md50_ppoff_r30,mechanism_sweep,1685,treatment,3,8,0.5936,0,0.292,114,2,101.19
mech_md50_ppoff_r30,mechanism_sweep,1685,treatment,4,4,0.6614,0,0.1388,64,6,110.5
mech_md50_ppoff_r30,mechanism_sweep,1822,control,0,6,0.4931,0,0.3026,86,7,93.33
mech_md50_ppoff_r30,mechanism_sweep,1822,control,1,4,0.514,0,0.2768,69,0,91.25
mech_md50_ppoff_r30,mechanism_sweep,1822,control,2,1,0.5299,0,0.0,20,0,39.0
mech_md50_ppoff_r30,mechanism_sweep,1822,control,3,2,0.4952,0,0.1168,31,2,106.5
mech_md50_ppoff_r30,mechanism_sweep,1822,control,4,1,0.5699,0,0.0,37,0,119.0
mech_md50_ppoff_r30,mechanism_sweep,1822,treatment,0,13,0.6224,0,0.3218,215,10,125.54
mech_md50_ppoff_r30,mechanism_sweep,1822,treatment,1,7,0.5406,0,0.3078,113,2,127.79
mech_md50_ppoff_r30,mechanism_sweep,1822,treatment,2,11,0.5623,0,0.2776,173,7,94.32
mech_md50_ppoff_r30,mechanism_sweep,1822,treatment,3,10,0.5594,0,0.3117,151,1,117.0
mech_md50_ppoff_r30,mechanism_sweep,1822,treatment,4,4,0.5819,0,0.2851,62,0,112.25
mech_md50_ppoff_r30,mechanism_sweep,1959,control,0,6,0.6941,0,0.3686,121,2,117.0
mech_md50_ppoff_r30,mechanism_sweep,1959,control,1,6,0.6827,0,0.3155,128,4,92.5
mech_md50_ppoff_r30,mechanism_sweep,1959,control,2,5,0.6241,0,0.2926,86,2,110.6
mech_md50_ppoff_r30,mechanism_sweep,1959,control,3,15,0.4911,0,0.1667,172,13,107.2
mech_md50_ppoff_r30,mechanism_sweep,1959,control,4,10,0.5294,0,0.1686,135,4,117.8
mech_md50_ppoff_r30,mechanism_sweep,1959,treatment,0,14,0.5871,0,0.3364,228,5,110.86
mech_md50_ppoff_r30,mechanism_sweep,1959,treatment,1,31,0.4387,0,0.2525,330,30,100.08
mech_md50_ppoff_r30,mechanism_sweep,1959,treatment,2,10,0.6136,0,0.1978,166,12,120.6
mech_md50_ppoff_r30,mechanism_sweep,1959,treatment,3,14,0.451,0,0.2285,154,10,101.93
mech_md50_ppoff_r30,mechanism_sweep,1959,treatment,4,21,0.5046,0,0.2478,264,17,123.36
mech_md50_ppoff_r30,mechanism_sweep,2096,control,0,6,0.646,0,0.312,119,2,121.0
mech_md50_ppoff_r30,mechanism_sweep,2096,control,1,2,0.5221,0,0.2258,32,0,116.5
mech_md50_ppoff_r30,mechanism_sweep,2096,control,2,4,0.6416,0,0.2455,81,2,108.5
mech_md50_ppoff_r30,mechanism_sweep,2096,control,3,1,0.7051,0,0.0,41,1,60.0
mech_md50_ppoff_r30,mechanism_sweep,2096,control,4,3,0.5813,0,0.3595,60,1,61.0
mech_md50_ppoff_r30,mechanism_sweep,2096,treatment,0,9,0.6373,0,0.3155,170,1,118.56
mech_md50_ppoff_r30,mechanism_sweep,2096,treatment,1,13,0.6469,0,0.3113,236,2,119.85
mech_md50_ppoff_r30,mechanism_sweep,2096,treatment,2,13,0.6238,0,0.2709,234,2,114.27
mech_md50_ppoff_r30,mechanism_sweep,2096,treatment,3,9,0.6102,0,0.2612,162,2,118.61
mech_md50_ppoff_r30,mechanism_sweep,2096,treatment,4,9,0.6979,0,0.2686,183,2,98.0
mech_md50_ppoff_r30,mechanism_sweep,2233,control,0,3,0.7385,0,0.3217,65,4,115.0
mech_md50_ppoff_r30,mechanism_sweep,2233,control,1,0,0,0,0,0,0,0
mech_md50_ppoff_r30,mechanism_sweep,2233,control,2,2,0.569,0,0.3142,36,0,108.5
mech_md50_ppoff_r30,mechanism_sweep,2233,control,3,9,0.4806,0,0.0825,92,11,93.67
mech_md50_ppoff_r30,mechanism_sweep,2233,control,4,11,0.529,0,0.2327,124,7,92.18
mech_md50_ppoff_r30,mechanism_sweep,2233,treatment,0,7,0.6129,0,0.3319,148,1,121.14
mech_md50_ppoff_r30,mechanism_sweep,2233,treatment,1,6,0.6509,0,0.3025,107,0,114.17
mech_md50_ppoff_r30,mechanism_sweep,2233,treatment,2,8,0.6067,0,0.2979,125,3,82.12
mech_md50_ppoff_r30,mechanism_sweep,2233,treatment,3,10,0.5882,0,0.3265,175,0,107.8
mech_md50_ppoff_r30,mechanism_sweep,2233,treatment,4,10,0.6091,0,0.3023,179,5,104.65
mech_md50_ppoff_r30,mechanism_sweep,2370,control,0,6,0.6315,0,0.3552,116,3,105.33
mech_md50_ppoff_r30,mechanism_sweep,2370,control,1,10,0.5958,0,0.312,183,7,87.7
mech_md50_ppoff_r30,mechanism_sweep,2370,control,2,10,0.562,0,0.263,161,9,96.5
mech_md50_ppoff_r30,mechanism_sweep,2370,control,3,3,0.6465,0,0.2825,64,1,109.0
mech_md50_ppoff_r30,mechanism_sweep,2370,control,4,6,0.5832,0,0.2273,120,2,87.33
mech_md50_ppoff_r30,mechanism_sweep,2370,treatment,0,8,0.6589,0,0.3274,164,1,110.5
mech_md50_ppoff_r30,mechanism_sweep,2370,treatment,1,8,0.6821,0,0.2732,181,0,130.19
mech_md50_ppoff_r30,mechanism_sweep,2370,treatment,2,5,0.6874,0,0.2483,99,2,96.6
mech_md50_ppoff_r30,mechanism_sweep,2370,treatment,3,5,0.7132,0,0.1845,92,2,118.4
mech_md50_ppoff_r30,mechanism_sweep,2370,treatment,4,4,0.7158,0,0.2489,75,1,129.75
mech_md50_ppoff_r30,mechanism_sweep,2507,control,0,3,0.6603,0,0.315,61,0,107.0
mech_md50_ppoff_r30,mechanism_sweep,2507,control,1,4,0.7044,0,0.3092,86,2,139.5
mech_md50_ppoff_r30,mechanism_sweep,2507,control,2,6,0.6326,0,0.3592,121,1,106.17
mech_md50_ppoff_r30,mechanism_sweep,2507,control,3,8,0.6398,0,0.2785,162,1,100.75
mech_md50_ppoff_r30,mechanism_sweep,2507,control,4,1,0.6721,0,0.0,20,0,100.0
mech_md50_ppoff_r30,mechanism_sweep,2507,treatment,0,7,0.6131,0,0.2863,128,4,111.29
mech_md50_ppoff_r30,mechanism_sweep,2507,treatment,1,4,0.5586,0,0.2601,70,2,93.75
mech_md50_ppoff_r30,mechanism_sweep,2507,treatment,2,7,0.6595,0,0.2593,138,4,120.07
mech_md50_ppoff_r30,mechanism_sweep,2507,treatment,3,10,0.6565,0,0.245,185,2,109.35
mech_md50_ppoff_r30,mechanism_sweep,2507,treatment,4,7,0.7151,0,0.1345,129,2,129.71
mech_md50_ppoff_r30,mechanism_sweep,2644,control,0,2,0.629,0,0.2272,45,1,137.5
mech_md50_ppoff_r30,mechanism_sweep,2644,control,1,3,0.6371,0,0.224,60,0,96.67
mech_md50_ppoff_r30,mechanism_sweep,2644,control,2,1,0.7188,0,0.0,22,2,120.0
mech_md50_ppoff_r30,mechanism_sweep,2644,control,3,2,0.5443,0,0.3107,38,0,76.0
mech_md50_ppoff_r30,mechanism_sweep,2644,control,4,0,0,0,0,0,0,0
mech_md50_ppoff_r30,mechanism_sweep,2644,treatment,0,8,0.6029,0,0.2915,143,4,110.5
mech_md50_ppoff_r30,mechanism_sweep,2644,treatment,1,8,0.6299,0,0.3215,161,0,99.12
mech_md50_ppoff_r30,mechanism_sweep,2644,treatment,2,6,0.5637,0,0.3446,99,3,102.83
mech_md50_ppoff_r30,mechanism_sweep,2644,treatment,3,2,0.5321,0,0.01,41,0,83.5
mech_md50_ppoff_r30,mechanism_sweep,2644,treatment,4,2,0.5603,0,0.3094,34,0,108.0
mech_md50_ppoff_r30,mechanism_sweep,2781,control,0,7,0.636,0,0.2764,151,5,103.14
mech_md50_ppoff_r30,mechanism_sweep,2781,control,1,8,0.632,0,0.2849,144,3,101.88
mech_md50_ppoff_r30,mechanism_sweep,2781,control,2,1,0.8682,0,0.0,22,2,120.0
mech_md50_ppoff_r30,mechanism_sweep,2781,control,3,3,0.6979,0,0.2621,62,1,112.33
mech_md50_ppoff_r30,mechanism_sweep,2781,control,4,3,0.6628,0,0.3218,59,1,101.33
mech_md50_ppoff_r30,mechanism_sweep,2781,treatment,0,11,0.5841,0,0.2937,194,11,99.77
mech_md50_ppoff_r30,mechanism_sweep,2781,treatment,1,17,0.6023,0,0.2676,286,14,109.12
mech_md50_ppoff_r30,mechanism_sweep,2781,treatment,2,16,0.5935,0,0.2539,261,16,112.41
mech_md50_ppoff_r30,mechanism_sweep,2781,treatment,3,10,0.6443,0,0.267,183,7,124.15
mech_md50_ppoff_r30,mechanism_sweep,2781,treatment,4,11,0.5431,0,0.1939,170,7,120.45
mech_md50_ppoff_r30,mechanism_sweep,2918,control,0,5,0.6191,0,0.3649,89,0,110.6
mech_md50_ppoff_r30,mechanism_sweep,2918,control,1,6,0.5514,0,0.2627,98,4,120.67
mech_md50_ppoff_r30,mechanism_sweep,2918,control,2,32,0.4556,0,0.1216,344,42,117.41
mech_md50_ppoff_r30,mechanism_sweep,2918,control,3,16,0.3775,0,0.1803,153,17,112.44
mech_md50_ppoff_r30,mechanism_sweep,2918,control,4,8,0.588,0,0.0966,117,9,118.0
mech_md50_ppoff_r30,mechanism_sweep,2918,treatment,0,8,0.6114,0,0.3501,145,1,110.0
mech_md50_ppoff_r30,mechanism_sweep,2918,treatment,1,4,0.655,0,0.3286,71,3,102.75
mech_md50_ppoff_r30,mechanism_sweep,2918,treatment,2,8,0.6183,0,0.2518,135,2,122.62
mech_md50_ppoff_r30,mechanism_sweep,2918,treatment,3,13,0.488,0,0.2593,148,13,125.77
mech_md50_ppoff_r30,mechanism_sweep,2918,treatment,4,12,0.4499,0,0.2243,121,9,94.83
mech_md50_ppoff_r30,mechanism_sweep,3055,control,0,7,0.6098,0,0.3416,143,0,107.14
mech_md50_ppoff_r30,mechanism_sweep,3055,control,1,5,0.5451,0,0.2806,77,4,122.0
mech_md50_ppoff_r30,mechanism_sweep,3055,control,2,0,0,0,0,0,0,0
mech_md50_ppoff_r30,mechanism_sweep,3055,control,3,11,0.4894,0,0.267,157,4,102.73
mech_md50_ppoff_r30,mechanism_sweep,3055,control,4,4,0.3841,0,0.2716,45,1,74.5
mech_md50_ppoff_r30,mechanism_sweep,3055,treatment,0,7,0.6119,0,0.3727,125,1,121.0
mech_md50_ppoff_r30,mechanism_sweep,3055,treatment,1,5,0.6348,0,0.3308,92,1,117.2
mech_md50_ppoff_r30,mechanism_sweep,3055,treatment,2,5,0.7057,0,0.25,87,3,98.0
mech_md50_ppoff_r30,mechanism_sweep,3055,treatment,3,5,0.6583,0,0.3506,91,1,96.0
mech_md50_ppoff_r30,mechanism_sweep,3055,treatment,4,3,0.6848,0,0.3681,51,0,115.0
mech_md50_ppoff_r30,mechanism_sweep,3192,control,0,2,0.6292,0,0.2497,42,1,112.5
mech_md50_ppoff_r30,mechanism_sweep,3192,control,1,4,0.649,0,0.2669,81,2,90.75
mech_md50_ppoff_r30,mechanism_sweep,3192,control,2,0,0,0,0,0,0,0
mech_md50_ppoff_r30,mechanism_sweep,3192,control,3,3,0.6468,0,0.3146,64,1,139.67
mech_md50_ppoff_r30,mechanism_sweep,3192,control,4,4,0.5342,0,0.113,67,7,120.25
mech_md50_ppoff_r30,mechanism_sweep,3192,treatment,0,3,0.6608,0,0.3635,54,1,125.67
mech_md50_ppoff_r30,mechanism_sweep,3192,treatment,1,6,0.5771,0,0.2662,99,5,73.0
mech_md50_ppoff_r30,mechanism_sweep,3192,treatment,2,9,0.5492,0,0.2804,143,4,114.89
mech_md50_ppoff_r30,mechanism_sweep,3192,treatment,3,6,0.6508,0,0.3453,114,0,102.67
mech_md50_ppoff_r30,mechanism_sweep,3192,treatment,4,2,0.6971,0,0.3114,43,0,124.0
mech_md50_ppoff_r30,mechanism_sweep,3329,control,0,5,0.6206,0,0.355,110,0,103.8
mech_md50_ppoff_r30,mechanism_sweep,3329,control,1,3,0.6509,0,0.3301,61,0,111.33
mech_md50_ppoff_r30,mechanism_sweep,3329,control,2,4,0.6284,0,0.1994,83,4,120.5
mech_md50_ppoff_r30,mechanism_sweep,3329,control,3,2,0.5919,0,0.2128,42,0,122.5
mech_md50_ppoff_r30,mechanism_sweep,3329,control,4,1,0.6198,0,0.0,21,0,117.0
mech_md50_ppoff_r30,mechanism_sweep,3329,treatment,0,6,0.5823,0,0.301,102,0,113.5
mech_md50_ppoff_r30,mechanism_sweep,3329,treatment,1,9,0.5897,0,0.3041,153,1,109.06
mech_md50_ppoff_r30,mechanism_sweep,3329,treatment,2,7,0.6033,0,0.3191,116,2,103.29
mech_md50_ppoff_r30,mechanism_sweep,3329,treatment,3,5,0.6394,0,0.304,84,0,103.2
mech_md50_ppoff_r30,mechanism_sweep,3329,treatment,4,5,0.6467,0,0.3702,80,4,118.4
mech_md50_ppoff_r30,mechanism_sweep,3466,control,0,2,0.6487,0,0.3351,41,1,101.0
mech_md50_ppoff_r30,mechanism_sweep,3466,control,1,14,0.5418,0,0.2512,216,17,101.93
mech_md50_ppoff_r30,mechanism_sweep,3466,control,2,7,0.4855,0,0.2032,99,3,89.29
mech_md50_ppoff_r30,mechanism_sweep,3466,control,3,27,0.4596,0,0.2371,345,36,86.96
mech_md50_ppoff_r30,mechanism_sweep,3466,control,4,11,0.4468,0,0.1648,131,19,99.91
mech_md50_ppoff_r30,mechanism_sweep,3466,treatment,0,8,0.5734,0,0.3079,145,4,107.25
mech_md50_ppoff_r30,mechanism_sweep,3466,treatment,1,4,0.6338,0,0.2618,69,0,119.25
mech_md50_ppoff_r30,mechanism_sweep,3466,treatment,2,4,0.6127,0,0.2284,77,0,122.5
mech_md50_ppoff_r30,mechanism_sweep,3466,treatment,3,3,0.6919,0,0.3489,60,0,93.0
mech_md50_ppoff_r30,mechanism_sweep,3466,treatment,4,2,0.6807,0,0.2495,34,0,76.0
mech_md50_ppoff_r30,mechanism_sweep,3603,control,0,7,0.6289,0,0.3026,140,1,93.0
mech_md50_ppoff_r30,mechanism_sweep,3603,control,1,2,0.7775,0,0.2689,43,4,91.0
mech_md50_ppoff_r30,mechanism_sweep,3603,control,2,1,0.5722,0,0.0,20,0,100.0
mech_md50_ppoff_r30,mechanism_sweep,3603,control,3,4,0.5341,0,0.3326,65,1,103.5
mech_md50_ppoff_r30,mechanism_sweep,3603,control,4,3,0.7592,0,0.1169,66,5,133.0
mech_md50_ppoff_r30,mechanism_sweep,3603,treatment,0,7,0.5894,0,0.2956,130,3,93.07
mech_md50_ppoff_r30,mechanism_sweep,3603,treatment,1,7,0.5366,0,0.3216,113,1,101.64
mech_md50_ppoff_r30,mechanism_sweep,3603,treatment,2,5,0.6314,0,0.3335,98,1,97.2
mech_md50_ppoff_r30,mechanism_sweep,3603,treatment,3,0,0,0,0,0,0,0
mech_md50_ppoff_r30,mechanism_sweep,3603,treatment,4,1,0.6967,0,0.0,24,0,166.0
mech_md50_ppoff_r30,mechanism_sweep,3740,control,0,7,0.6382,0,0.3285,144,2,106.29
mech_md50_ppoff_r30,mechanism_sweep,3740,control,1,6,0.5857,0,0.2611,106,2,100.33
mech_md50_ppoff_r30,mechanism_sweep,3740,control,2,7,0.6935,0,0.2708,140,4,106.86
mech_md50_ppoff_r30,mechanism_sweep,3740,control,3,3,0.7336,0,0.1772,63,0,133.0
mech_md50_ppoff_r30,mechanism_sweep,3740,control,4,2,0.8129,0,0.2647,43,3,115.0
mech_md50_ppoff_r30,mechanism_sweep,3740,treatment,0,14,0.6492,0,0.2914,270,11,91.21
mech_md50_ppoff_r30,mechanism_sweep,3740,treatment,1,13,0.6752,0,0.3252,247,3,116.62
mech_md50_ppoff_r30,mechanism_sweep,3740,treatment,2,25,0.6344,0,0.3122,431,16,118.9
mech_md50_ppoff_r30,mechanism_sweep,3740,treatment,3,10,0.6823,0,0.2967,199,7,104.65
mech_md50_ppoff_r30,mechanism_sweep,3740,treatment,4,18,0.6243,0,0.2383,288,13,114.39
mech_md50_ppoff_r30,mechanism_sweep,3877,control,0,5,0.6874,0,0.2605,103,2,97.0
mech_md50_ppoff_r30,mechanism_sweep,3877,control,1,3,0.7159,0,0.1595,65,2,135.33
mech_md50_ppoff_r30,mechanism_sweep,3877,control,2,3,0.6671,0,0.1778,60,3,132.0
mech_md50_ppoff_r30,mechanism_sweep,3877,control,3,9,0.4727,0,0.1487,123,14,110.0
mech_md50_ppoff_r30,mechanism_sweep,3877,control,4,3,0.4268,0,0.1318,41,2,109.0
mech_md50_ppoff_r30,mechanism_sweep,3877,treatment,0,12,0.5932,0,0.3132,220,1,107.83
mech_md50_ppoff_r30,mechanism_sweep,3877,treatment,1,4,0.622,0,0.2899,76,0,107.25
mech_md50_ppoff_r30,mechanism_sweep,3877,treatment,2,0,0,0,0,0,0,0
mech_md50_ppoff_r30,mechanism_sweep,3877,treatment,3,1,0.7277,0,0.0,20,0,78.0
mech_md50_ppoff_r30,mechanism_sweep,3877,treatment,4,0,0,0,0,0,0,0
mech_md50_ppoff_r30,mechanism_sweep,4014,control,0,8,0.709,0,0.2891,170,7,107.88
mech_md50_ppoff_r30,mechanism_sweep,4014,control,1,9,0.6016,0,0.2537,166,6,108.44
mech_md50_ppoff_r30,mechanism_sweep,4014,control,2,8,0.5814,0,0.2115,143,5,112.0
mech_md50_ppoff_r30,mechanism_sweep,4014,control,3,50,0.474,0,0.2292,666,81,111.56
mech_md50_ppoff_r30,mechanism_sweep,4014,control,4,12,0.5621,0,0.1733,196,13,119.67
mech_md50_ppoff_r30,mechanism_sweep,4014,treatment,0,8,0.6183,0,0.2569,137,4,109.0
mech_md50_ppoff_r30,mechanism_sweep,4014,treatment,1,3,0.6278,0,0.3023,53,0,116.33
mech_md50_ppoff_r30,mechanism_sweep,4014,treatment,2,4,0.6646,0,0.3124,88,0,80.0
mech_md50_ppoff_r30,mechanism_sweep,4014,treatment,3,9,0.3752,0,0.1245,84,11,104.89
mech_md50_ppoff_r30,mechanism_sweep,4014,treatment,4,2,0.4684,0,0.3023,26,0,98.0
mech_md50_ppoff_r30,mechanism_sweep,4151,control,0,3,0.5273,0,0.301,49,3,124.67
mech_md50_ppoff_r30,mechanism_sweep,4151,control,1,5,0.6562,0,0.3512,102,2,104.0
mech_md50_ppoff_r30,mechanism_sweep,4151,control,2,0,0,0,0,0,0,0
mech_md50_ppoff_r30,mechanism_sweep,4151,control,3,2,0.7289,0,0.246,41,1,103.5
mech_md50_ppoff_r30,mechanism_sweep,4151,control,4,2,0.6521,0,0.2304,37,2,101.0
mech_md50_ppoff_r30,mechanism_sweep,4151,treatment,0,16,0.6075,0,0.312,336,8,107.78
mech_md50_ppoff_r30,mechanism_sweep,4151,treatment,1,22,0.5817,0,0.3068,368,8,97.66
mech_md50_ppoff_r30,mechanism_sweep,4151,treatment,2,13,0.6326,0,0.3077,250,9,109.77
mech_md50_ppoff_r30,mechanism_sweep,4151,treatment,3,9,0.6122,0,0.2911,168,3,107.17
mech_md50_ppoff_r30,mechanism_sweep,4151,treatment,4,6,0.5416,0,0.3046,109,1,114.33
mech_md50_ppoff_r30,mechanism_sweep,4288,control,0,2,0.6489,0,0.2362,44,1,146.5
mech_md50_ppoff_r30,mechanism_sweep,4288,control,1,10,0.6308,0,0.2887,194,12,125.4
mech_md50_ppoff_r30,mechanism_sweep,4288,control,2,7,0.5762,0,0.2774,135,1,109.57
mech_md50_ppoff_r30,mechanism_sweep,4288,control,3,6,0.6408,0,0.3137,111,2,98.33
mech_md50_ppoff_r30,mechanism_sweep,4288,control,4,6,0.6362,0,0.3221,113,0,125.83
mech_md50_ppoff_r30,mechanism_sweep,4288,treatment,0,6,0.6541,0,0.2793,128,2,111.0
mech_md50_ppoff_r30,mechanism_sweep,4288,treatment,1,7,0.6817,0,0.2888,133,3,128.07
mech_md50_ppoff_r30,mechanism_sweep,4288,treatment,2,6,0.7433,0,0.268,124,2,123.17
mech_md50_ppoff_r30,mechanism_sweep,4288,treatment,3,6,0.6855,0,0.2694,136,0,115.08
mech_md50_ppoff_r30,mechanism_sweep,4288,treatment,4,2,0.7424,0,0.3148,42,3,130.0
mech_md50_ppoff_r30,mechanism_sweep,4425,control,0,8,0.537,0,0.2318,137,10,108.12
mech_md50_ppoff_r30,mechanism_sweep,4425,control,1,1,0.6079,0,0.0,20,0,93.0
mech_md50_ppoff_r30,mechanism_sweep,4425,control,2,6,0.599,0,0.246,117,2,110.33
mech_md50_ppoff_r30,mechanism_sweep,4425,control,3,2,0.6691,0,0.2327,43,1,141.0
mech_md50_ppoff_r30,mechanism_sweep,4425,control,4,13,0.5058,0,0.2041,194,10,111.54
mech_md50_ppoff_r30,mechanism_sweep,4425,treatment,0,12,0.5726,0,0.2729,220,6,121.25
mech_md50_ppoff_r30,mechanism_sweep,4425,treatment,1,5,0.6196,0,0.3049,99,0,122.0
mech_md50_ppoff_r30,mechanism_sweep,4425,treatment,2,4,0.637,0,0.2417,69,5,122.75
mech_md50_ppoff_r30,mechanism_sweep,4425,treatment,3,2,0.7259,0,0.238,42,1,130.0
mech_md50_ppoff_r30,mechanism_sweep,4425,treatment,4,3,0.6474,0,0.1861,53,1,117.67
mech_md50_ppoff_r30,mechanism_sweep,4562,control,0,4,0.6126,0,0.3073,72,1,86.25
mech_md50_ppoff_r30,mechanism_sweep,4562,control,1,1,0.7627,0,0.0,22,1,127.0
mech_md50_ppoff_r30,mechanism_sweep,4562,control,2,3,0.7053,0,0.1822,72,2,79.33
mech_md50_ppoff_r30,mechanism_sweep,4562,control,3,2,0.5706,0,0.2223,38,0,91.5
mech_md50_ppoff_r30,mechanism_sweep,4562,control,4,0,0,0,0,0,0,0
mech_md50_ppoff_r30,mechanism_sweep,4562,treatment,0,12,0.6122,0,0.2922,228,4,112.75
mech_md50_ppoff_r30,mechanism_sweep,4562,treatment,1,9,0.6259,0,0.3283,162,1,130.78
mech_md50_ppoff_r30,mechanism_sweep,4562,treatment,2,9,0.6307,0,0.2592,155,0,118.0
mech_md50_ppoff_r30,mechanism_sweep,4562,treatment,3,12,0.6688,0,0.2722,211,2,97.62
mech_md50_ppoff_r30,mechanism_sweep,4562,treatment,4,12,0.6946,0,0.251,227,3,119.83
mech_md50_ppoff_r30,mechanism_sweep,4699,control,0,4,0.6815,0,0.2958,79,4,114.75
mech_md50_ppoff_r30,mechanism_sweep,4699,control,1,6,0.6021,0,0.2416,117,4,92.33
mech_md50_ppoff_r30,mechanism_sweep,4699,control,2,1,0.7476,0,0.0,21,1,105.0
mech_md50_ppoff_r30,mechanism_sweep,4699,control,3,1,0.6688,0,0.0,18,1,13.0
mech_md50_ppoff_r30,mechanism_sweep,4699,control,4,7,0.4816,0,0.1842,83,4,112.71
mech_md50_ppoff_r30,mechanism_sweep,4699,treatment,0,11,0.6321,0,0.2665,189,3,111.55
mech_md50_ppoff_r30,mechanism_sweep,4699,treatment,1,7,0.6727,0,0.2839,128,1,107.36
mech_md50_ppoff_r30,mechanism_sweep,4699,treatment,2,7,0.6847,0,0.2704,148,2,83.86
mech_md50_ppoff_r30,mechanism_sweep,4699,treatment,3,8,0.6828,0,0.269,146,3,114.56
mech_md50_ppoff_r30,mechanism_sweep,4699,treatment,4,13,0.7172,0,0.2586,256,3,113.62
mech_md50_ppoff_r30,mechanism_sweep,4836,control,0,4,0.6456,0,0.3319,83,1,121.75
mech_md50_ppoff_r30,mechanism_sweep,4836,control,1,10,0.4659,0,0.27,126,13,111.4
mech_md50_ppoff_r30,mechanism_sweep,4836,control,2,2,0.7361,0,0.1719,43,1,113.0
mech_md50_ppoff_r30,mechanism_sweep,4836,control,3,0,0,0,0,0,0,0
mech_md50_ppoff_r30,mechanism_sweep,4836,control,4,1,0.6983,0,0.0,21,1,110.0
mech_md50_ppoff_r30,mechanism_sweep,4836,treatment,0,9,0.6174,0,0.3146,168,3,109.11
mech_md50_ppoff_r30,mechanism_sweep,4836,treatment,1,9,0.5815,0,0.2858,143,2,110.0
mech_md50_ppoff_r30,mechanism_sweep,4836,treatment,2,7,0.637,0,0.3084,142,2,115.0
mech_md50_ppoff_r30,mechanism_sweep,4836,treatment,3,9,0.5629,0,0.2378,134,4,127.89
mech_md50_ppoff_r30,mechanism_sweep,4836,treatment,4,9,0.583,0,0.2698,143,1,96.72
mech_md50_ppoff_r30,mechanism_sweep,4973,control,0,6,0.5955,0,0.2554,116,1,96.33
mech_md50_ppoff_r30,mechanism_sweep,4973,control,1,8,0.6328,0,0.2475,155,8,116.12
mech_md50_ppoff_r30,mechanism_sweep,4973,control,2,23,0.4138,0,0.2453,251,19,98.09
mech_md50_ppoff_r30,mechanism_sweep,4973,control,3,4,0.5774,0,0.1927,68,2,76.75
mech_md50_ppoff_r30,mechanism_sweep,4973,control,4,9,0.569,0,0.2373,144,12,112.0
mech_md50_ppoff_r30,mechanism_sweep,4973,treatment,0,14,0.579,0,0.2935,222,4,109.0
mech_md50_ppoff_r30,mechanism_sweep,4973,treatment,1,19,0.5993,0,0.2886,310,14,91.11
mech_md50_ppoff_r30,mechanism_sweep,4973,treatment,2,15,0.5893,0,0.2581,224,13,113.93
mech_md50_ppoff_r30,mechanism_sweep,4973,treatment,3,10,0.6148,0,0.2433,167,6,116.45
mech_md50_ppoff_r30,mechanism_sweep,4973,treatment,4,20,0.5682,0,0.2657,305,18,98.75
mech_md50_ppon_r05,mechanism_sweep,1000,control,0,2,0.6167,0,0.2905,36,0,99.5
mech_md50_ppon_r05,mechanism_sweep,1000,control,1,0,0,0,0,0,0,0
mech_md50_ppon_r05,mechanism_sweep,1000,control,2,4,0.6569,0,0.2604,92,0,117.0
mech_md50_ppon_r05,mechanism_sweep,1000,control,3,1,0.6501,0,0.0,22,1,101.0
mech_md50_ppon_r05,mechanism_sweep,1000,control,4,5,0.6024,0,0.1985,92,5,105.0
mech_md50_ppon_r05,mechanism_sweep,1000,treatment,0,0,0,0,0,0,0,0
mech_md50_ppon_r05,mechanism_sweep,1000,treatment,1,3,0.63,0,0.3087,53,0,112.83
mech_md50_ppon_r05,mechanism_sweep,1000,treatment,2,3,0.6734,0,0.1692,55,1,101.33
mech_md50_ppon_r05,mechanism_sweep,1000,treatment,3,8,0.6697,0,0.2364,149,4,114.25
mech_md50_ppon_r05,mechanism_sweep,1000,treatment,4,40,0.4547,0,0.2142,410,45,104.48
mech_md50_ppon_r05,mechanism_sweep,1137,control,0,4,0.6478,0,0.3082,83,1,124.0
mech_md50_ppon_r05,mechanism_sweep,1137,control,1,8,0.6582,0,0.2846,162,3,109.62
mech_md50_ppon_r05,mechanism_sweep,1137,control,2,2,0.7375,0,0.2362,43,1,119.5
mech_md50_ppon_r05,mechanism_sweep,1137,control,3,2,0.6401,0,0.2271,42,0,148.5
mech_md50_ppon_r05,mechanism_sweep,1137,control,4,2,0.654,0,0.1709,41,1,105.0
mech_md50_ppon_r05,mechanism_sweep,1137,treatment,0,1,0.6284,0,0.0,19,1,136.0
mech_md50_ppon_r05,mechanism_sweep,1137,treatment,1,2,0.6172,0,0.1641,42,0,102.5
mech_md50_ppon_r05,mechanism_sweep,1137,treatment,2,1,0.5641,0,0.0,20,0,100.0
mech_md50_ppon_r05,mechanism_sweep,1137,treatment,3,3,0.7698,0,0.0824,61,4,123.67
mech_md50_ppon_r05,mechanism_sweep,1137,treatment,4,0,0,0,0,0,0,0
mech_md50_ppon_r05,mechanism_sweep,1274,control,0,3,0.6672,0,0.2438,56,2,71.67
mech_md50_ppon_r05,mechanism_sweep,1274,control,1,1,0.7799,0,0.0,20,1,103.0
mech_md50_ppon_r05,mechanism_sweep,1274,control,2,3,0.4704,0,0.2325,45,1,105.0
mech_md50_ppon_r05,mechanism_sweep,1274,control,3,5,0.6158,0,0.1527,79,2,106.0
mech_md50_ppon_r05,mechanism_sweep,1274,control,4,0,0,0,0,0,0,0
mech_md50_ppon_r05,mechanism_sweep,1274,treatment,0,11,0.7031,0,0.3153,230,9,104.36
mech_md50_ppon_r05,mechanism_sweep,1274,treatment,1,8,0.5401,0,0.1841,126,4,98.5
mech_md50_ppon_r05,mechanism_sweep,1274,treatment,2,7,0.5672,0,0.2545,122,5,114.57
mech_md50_ppon_r05,mechanism_sweep,1274,treatment,3,6,0.6806,0,0.2897,122,5,101.83
mech_md50_ppon_r05,mechanism_sweep,1274,treatment,4,5,0.7628,0,0.2068,106,5,111.4
mech_md50_ppon_r05,mechanism_sweep,1411,control,0,5,0.6328,0,0.3204,96,1,82.4
mech_md50_ppon_r05,mechanism_sweep,1411,control,1,4,0.6779,0,0.3459,81,0,100.25
mech_md50_ppon_r05,mechanism_sweep,1411,control,2,1,0.6305,0,0.0,21,0,115.0
mech_md50_ppon_r05,mechanism_sweep,1411,control,3,0,0,0,0,0,0,0
mech_md50_ppon_r05,mechanism_sweep,1411,control,4,1,0.6073,0,0.0,14,0,94.0
mech_md50_ppon_r05,mechanism_sweep,1411,treatment,0,1,0.6822,0,0.0,20,0,100.0
mech_md50_ppon_r05,mechanism_sweep,1411,treatment,1,6,0.6513,0,0.2937,119,2,120.67
mech_md50_ppon_r05,mechanism_sweep,1411,treatment,2,2,0.662,0,0.118,39,0,125.0
mech_md50_ppon_r05,mechanism_sweep,1411,treatment,3,0,0,0,0,0,0,0
mech_md50_ppon_r05,mechanism_sweep,1411,treatment,4,1,0.4736,0,0.0,11,0,87.0
mech_md50_ppon_r05,mechanism_sweep,1548,control,0,3,0.653,0,0.2709,66,3,82.0
mech_md50_ppon_r05,mechanism_sweep,1548,control,1,4,0.61,0,0.2659,77,2,112.5
mech_md50_ppon_r05,mechanism_sweep,1548,control,2,1,0.6196,0,0.0,21,0,163.0
mech_md50_ppon_r05,mechanism_sweep,1548,control,3,2,0.6123,0,0.2969,38,0,91.5
mech_md50_ppon_r05,mechanism_sweep,1548,control,4,1,0.6597,0,0.0,20,0,90.0
mech_md50_ppon_r05,mechanism_sweep,1548,treatment,0,6,0.6914,0,0.3114,121,2,88.67
mech_md50_ppon_r05,mechanism_sweep,1548,treatment,1,4,0.6337,0,0.2917,78,1,86.25
mech_md50_ppon_r05,mechanism_sweep,1548,treatment,2,2,0.6338,0,0.2946,40,1,113.5
mech_md50_ppon_r05,mechanism_sweep,1548,treatment,3,1,0.7682,0,0.0,22,2,120.0
mech_md50_ppon_r05,mechanism_sweep,1548,treatment,4,2,0.5327,0,0.3324,35,1,113.0
mech_md50_ppon_r05,mechanism_sweep,1685,control,0,9,0.5849,0,0.2611,161,13,94.44
mech_md50_ppon_r05,mechanism_sweep,1685,control,1,8,0.52,0,0.2823,122,10,112.38
mech_md50_ppon_r05,mechanism_sweep,1685,control,2,3,0.6404,0,0.2859,61,4,104.0
mech_md50_ppon_r05,mechanism_sweep,1685,control,3,22,0.5234,0,0.2203,320,30,113.59
mech_md50_ppon_r05,mechanism_sweep,1685,control,4,2,0.6221,0,0.0329,42,2,110.0
mech_md50_ppon_r05,mechanism_sweep,1685,treatment,0,5,0.686,0,0.3335,103,7,110.8
mech_md50_ppon_r05,mechanism_sweep,1685,treatment,1,3,0.6128,0,0.3245,61,0,95.67
mech_md50_ppon_r05,mechanism_sweep,1685,treatment,2,2,0.6346,0,0.1106,39,0,87.5
mech_md50_ppon_r05,mechanism_sweep,1685,treatment,3,2,0.6581,0,0.1931,41,1,105.0
mech_md50_ppon_r05,mechanism_sweep,1685,treatment,4,4,0.6658,0,0.2903,79,3,72.25
mech_md50_ppon_r05,mechanism_sweep,1822,control,0,6,0.4931,0,0.3026,86,7,93.33
mech_md50_ppon_r05,mechanism_sweep,1822,control,1,4,0.514,0,0.2768,69,0,91.25
mech_md50_ppon_r05,mechanism_sweep,1822,control,2,1,0.5299,0,0.0,20,0,39.0
mech_md50_ppon_r05,mechanism_sweep,1822,control,3,2,0.4952,0,0.1168,31,2,106.5
mech_md50_ppon_r05,mechanism_sweep,1822,control,4,1,0.5699,0,0.0,37,0,119.0
mech_md50_ppon_r05,mechanism_sweep,1822,treatment,0,1,0.6361,0,0.0,19,1,12.0
mech_md50_ppon_r05,mechanism_sweep,1822,treatment,1,1,0.6137,0,0.0,20,0,92.0
mech_md50_ppon_r05,mechanism_sweep,1822,treatment,2,2,0.5876,0,0.3719,40,0,103.5
mech_md50_ppon_r05,mechanism_sweep,1822,treatment,3,0,0,0,0,0,0,0
mech_md50_ppon_r05,mechanism_sweep,1822,treatment,4,0,0,0,0,0,0,0
mech_md50_ppon_r05,mechanism_sweep,1959,control,0,6,0.6941,0,0.3686,121,2,117.0
mech_md50_ppon_r05,mechanism_sweep,1959,control,1,6,0.6827,0,0.3155,128,4,92.5
mech_md50_ppon_r05,mechanism_sweep,1959,control,2,5,0.6241,0,0.2926,86,2,110.6
mech_md50_ppon_r05,mechanism_sweep,1959,control,3,15,0.4911,0,0.1667,172,13,107.2
mech_md50_ppon_r05,mechanism_sweep,1959,control,4,10,0.5294,0,0.1686,135,4,117.8
mech_md50_ppon_r05,mechanism_sweep,1959,treatment,0,6,0.6982,0,0.3347,123,5,122.83
mech_md50_ppon_r05,mechanism_sweep,1959,treatment,1,13,0.4549,0,0.2639,174,9,92.0
mech_md50_ppon_r05,mechanism_sweep,1959,treatment,2,1,0.6733,0,0.0,26,1,178.0
mech_md50_ppon_r05,mechanism_sweep,1959,treatment,3,9,0.4988,0,0.2857,139,3,86.56
mech_md50_ppon_r05,mechanism_sweep,1959,treatment,4,7,0.4523,0,0.2757,91,2,103.43
mech_md50_ppon_r05,mechanism_sweep,2096,control,0,6,0.646,0,0.312,119,2,121.0
mech_md50_ppon_r05,mechanism_sweep,2096,control,1,2,0.5221,0,0.2258,32,0,116.5
mech_md50_ppon_r05,mechanism_sweep,2096,control,2,4,0.6416,0,0.2455,81,2,108.5
mech_md50_ppon_r05,mechanism_sweep,2096,control,3,1,0.7051,0,0.0,41,1,60.0
mech_md50_ppon_r05,mechanism_sweep,2096,control,4,3,0.5813,0,0.3595,60,1,61.0
mech_md50_ppon_r05,mechanism_sweep,2096,treatment,0,4,0.4324,0,0.3326,54,0,93.75
mech_md50_ppon_r05,mechanism_sweep,2096,treatment,1,2,0.6522,0,0.2997,39,0,95.0
mech_md50_ppon_r05,mechanism_sweep,2096,treatment,2,4,0.6352,0,0.2989,78,3,109.5
mech_md50_ppon_r05,mechanism_sweep,2096,treatment,3,3,0.6609,0,0.2712,57,1,126.0
mech_md50_ppon_r05,mechanism_sweep,2096,treatment,4,8,0.3582,0,0.1915,80,7,88.12
mech_md50_ppon_r05,mechanism_sweep,2233,control,0,3,0.7385,0,0.3217,65,4,115.0
mech_md50_ppon_r05,mechanism_sweep,2233,control,1,0,0,0,0,0,0,0
mech_md50_ppon_r05,mechanism_sweep,2233,control,2,2,0.569,0,0.3142,36,0,108.5
mech_md50_ppon_r05,mechanism_sweep,2233,control,3,9,0.4806,0,0.0825,92,11,93.67
mech_md50_ppon_r05,mechanism_sweep,2233,control,4,11,0.529,0,0.2327,124,7,92.18
mech_md50_ppon_r05,mechanism_sweep,2233,treatment,0,3,0.6747,0,0.3635,63,2,114.33
mech_md50_ppon_r05,mechanism_sweep,2233,treatment,1,3,0.6802,0,0.2655,62,2,102.67
mech_md50_ppon_r05,mechanism_sweep,2233,treatment,2,5,0.5362,0,0.2736,85,2,101.8
mech_md50_ppon_r05,mechanism_sweep,2233,treatment,3,3,0.7236,0,0.2286,63,2,123.33
mech_md50_ppon_r05,mechanism_sweep,2233,treatment,4,2,0.7097,0,0.0177,39,3,102.5
mech_md50_ppon_r05,mechanism_sweep,2370,control,0,6,0.6315,0,0.3552,116,3,105.33
mech_md50_ppon_r05,mechanism_sweep,2370,control,1,10,0.5958,0,0.312,183,7,87.7
mech_md50_ppon_r05,mechanism_sweep,2370,control,2,10,0.562,0,0.263,161,9,96.5
mech_md50_ppon_r05,mechanism_sweep,2370,control,3,3,0.6465,0,0.2825,64,1,109.0
mech_md50_ppon_r05,mechanism_sweep,2370,control,4,6,0.5832,0,0.2273,120,2,87.33
mech_md50_ppon_r05,mechanism_sweep,2370,treatment,0,6,0.5671,0,0.3431,109,2,105.0
mech_md50_ppon_r05,mechanism_sweep,2370,treatment,1,11,0.552,0,0.2866,163,6,101.23
mech_md50_ppon_r05,mechanism_sweep,2370,treatment,2,11,0.5957,0,0.3358,168,11,90.95
mech_md50_ppon_r05,mechanism_sweep,2370,treatment,3,7,0.6763,0,0.2587,123,6,99.71
mech_md50_ppon_r05,mechanism_sweep,2370,treatment,4,5,0.7142,0,0.248,100,2,116.8
mech_md50_ppon_r05,mechanism_sweep,2507,control,0,3,0.6603,0,0.315,61,0,107.0
mech_md50_ppon_r05,mechanism_sweep,2507,control,1,4,0.7044,0,0.3092,86,2,139.5
mech_md50_ppon_r05,mechanism_sweep,2507,control,2,6,0.6326,0,0.3592,121,1,106.17
mech_md50_ppon_r05,mechanism_sweep,2507,control,3,8,0.6398,0,0.2785,162,1,100.75
mech_md50_ppon_r05,mechanism_sweep,2507,control,4,1,0.6721,0,0.0,20,0,100.0
mech_md50_ppon_r05,mechanism_sweep,2507,treatment,0,4,0.6683,0,0.3327,81,1,124.25
mech_md50_ppon_r05,mechanism_sweep,2507,treatment,1,8,0.4411,0,0.17,107,9,97.75
mech_md50_ppon_r05,mechanism_sweep,2507,treatment,2,2,0.6438,0,0.5249,42,0,140.0
mech_md50_ppon_r05,mechanism_sweep,2507,treatment,3,0,0,0,0,0,0,0
mech_md50_ppon_r05,mechanism_sweep,2507,treatment,4,0,0,0,0,0,0,0
mech_md50_ppon_r05,mechanism_sweep,2644,control,0,2,0.629,0,0.2272,45,1,137.5
mech_md50_ppon_r05,mechanism_sweep,2644,control,1,3,0.6371,0,0.224,60,0,96.67
mech_md50_ppon_r05,mechanism_sweep,2644,control,2,1,0.7188,0,0.0,22,2,120.0
mech_md50_ppon_r05,mechanism_sweep,2644,control,3,2,0.5443,0,0.3107,38,0,76.0
mech_md50_ppon_r05,mechanism_sweep,2644,control,4,0,0,0,0,0,0,0
mech_md50_ppon_r05,mechanism_sweep,2644,treatment,0,3,0.6176,0,0.3342,51,1,96.33
mech_md50_ppon_r05,mechanism_sweep,2644,treatment,1,9,0.6135,0,0.3117,169,3,88.78
mech_md50_ppon_r05,mechanism_sweep,2644,treatment,2,5,0.6154,0,0.2039,101,4,67.8
mech_md50_ppon_r05,mechanism_sweep,2644,treatment,3,6,0.6498,0,0.3069,114,5,92.17
mech_md50_ppon_r05,mechanism_sweep,2644,treatment,4,2,0.5934,0,0.2024,40,0,97.0
mech_md50_ppon_r05,mechanism_sweep,2781,control,0,7,0.636,0,0.2764,151,5,103.14
mech_md50_ppon_r05,mechanism_sweep,2781,control,1,8,0.632,0,0.2849,144,3,101.88
mech_md50_ppon_r05,mechanism_sweep,2781,control,2,1,0.8682,0,0.0,22,2,120.0
mech_md50_ppon_r05,mechanism_sweep,2781,control,3,3,0.6979,0,0.2621,62,1,112.33
mech_md50_ppon_r05,mechanism_sweep,2781,control,4,3,0.6628,0,0.3218,59,1,101.33
mech_md50_ppon_r05,mechanism_sweep,2781,treatment,0,6,0.6132,0,0.3408,111,0,104.33
mech_md50_ppon_r05,mechanism_sweep,2781,treatment,1,4,0.7171,0,0.2231,81,0,105.25
mech_md50_ppon_r05,mechanism_sweep,2781,treatment,2,2,0.7542,0,0.4338,44,2,87.5
mech_md50_ppon_r05,mechanism_sweep,2781,treatment,3,5,0.702,0,0.173,102,0,130.0
mech_md50_ppon_r05,mechanism_sweep,2781,treatment,4,7,0.7273,0,0.2346,145,2,105.71
mech_md50_ppon_r05,mechanism_sweep,2918,control,0,5,0.6191,0,0.3649,89,0,110.6
mech_md50_ppon_r05,mechanism_sweep,2918,control,1,6,0.5514,0,0.2627,98,4,120.67
mech_md50_ppon_r05,mechanism_sweep,2918,control,2,32,0.4556,0,0.1216,344,42,117.41
mech_md50_ppon_r05,mechanism_sweep,2918,control,3,16,0.3775,0,0.1803,153,17,112.44
mech_md50_ppon_r05,mechanism_sweep,2918,control,4,8,0.588,0,0.0966,117,9,118.0
mech_md50_ppon_r05,mechanism_sweep,2918,treatment,0,1,0.7228,0,0.0,20,0,100.0
mech_md50_ppon_r05,mechanism_sweep,2918,treatment,1,5,0.3763,0,0.1497,51,3,159.6
mech_md50_ppon_r05,mechanism_sweep,2918,treatment,2,1,0.7133,0,0.0,23,0,62.0
mech_md50_ppon_r05,mechanism_sweep,2918,treatment,3,0,0,0,0,0,0,0
mech_md50_ppon_r05,mechanism_sweep,2918,treatment,4,0,0,0,0,0,0,0
mech_md50_ppon_r05,mechanism_sweep,3055,control,0,7,0.6098,0,0.3416,143,0,107.14
mech_md50_ppon_r05,mechanism_sweep,3055,control,1,5,0.5451,0,0.2806,77,4,122.0
mech_md50_ppon_r05,mechanism_sweep,3055,control,2,0,0,0,0,0,0,0
mech_md50_ppon_r05,mechanism_sweep,3055,control,3,11,0.4894,0,0.267,157,4,102.73
mech_md50_ppon_r05,mechanism_sweep,3055,control,4,4,0.3841,0,0.2716,45,1,74.5
mech_md50_ppon_r05,mechanism_sweep,3055,treatment,0,4,0.5958,0,0.3885,79,1,94.5
mech_md50_ppon_r05,mechanism_sweep,3055,treatment,1,8,0.6081,0,0.3129,150,1,96.88
mech_md50_ppon_r05,mechanism_sweep,3055,treatment,2,3,0.6399,0,0.3257,61,1,107.67
mech_md50_ppon_r05,mechanism_sweep,3055,treatment,3,3,0.6166,0,0.2805,61,0,53.67
mech_md50_ppon_r05,mechanism_sweep,3055,treatment,4,7,0.6304,0,0.3256,123,3,102.57
mech_md50_ppon_r05,mechanism_sweep,3192,control,0,2,0.6292,0,0.2497,42,1,112.5
mech_md50_ppon_r05,mechanism_sweep,3192,control,1,4,0.649,0,0.2669,81,2,90.75
mech_md50_ppon_r05,mechanism_sweep,3192,control,2,0,0,0,0,0,0,0
mech_md50_ppon_r05,mechanism_sweep,3192,control,3,3,0.6468,0,0.3146,64,1,139.67
mech_md50_ppon_r05,mechanism_sweep,3192,control,4,4,0.5342,0,0.113,67,7,120.25
mech_md50_ppon_r05,mechanism_sweep,3192,treatment,0,5,0.5812,0,0.3218,88,2,108.0
mech_md50_ppon_r05,mechanism_sweep,3192,treatment,1,7,0.6385,0,0.3198,144,0,119.86
mech_md50_ppon_r05,mechanism_sweep,3192,treatment,2,1,0.657,0,0.0,21,0,140.0
mech_md50_ppon_r05,mechanism_sweep,3192,treatment,3,3,0.5776,0,0.1864,56,0,108.33
mech_md50_ppon_r05,mechanism_sweep,3192,treatment,4,0,0,0,0,0,0,0
mech_md50_ppon_r05,mechanism_sweep,3329,control,0,5,0.6206,0,0.355,110,0,103.8
mech_md50_ppon_r05,mechanism_sweep,3329,control,1,3,0.6509,0,0.3301,61,0,111.33
mech_md50_ppon_r05,mechanism_sweep,3329,control,2,4,0.6284,0,0.1994,83,4,120.5
mech_md50_ppon_r05,mechanism_sweep,3329,control,3,2,0.5919,0,0.2128,42,0,122.5
mech_md50_ppon_r05,mechanism_sweep,3329,control,4,1,0.6198,0,0.0,21,0,117.0
mech_md50_ppon_r05,mechanism_sweep,3329,treatment,0,2,0.6559,0,0.2818,38,1,104.5
mech_md50_ppon_r05,mechanism_sweep,3329,treatment,1,8,0.6029,0,0.3134,142,0,107.12
mech_md50_ppon_r05,mechanism_sweep,3329,treatment,2,5,0.5179,0,0.274,56,3,92.2
mech_md50_ppon_r05,mechanism_sweep,3329,treatment,3,11,0.5286,0,0.2004,121,13,94.82
mech_md50_ppon_r05,mechanism_sweep,3329,treatment,4,7,0.5496,0,0.134,85,5,116.86
mech_md50_ppon_r05,mechanism_sweep,3466,control,0,2,0.6487,0,0.3351,41,1,101.0
mech_md50_ppon_r05,mechanism_sweep,3466,control,1,14,0.5418,0,0.2512,216,17,101.93
mech_md50_ppon_r05,mechanism_sweep,3466,control,2,7,0.4855,0,0.2032,99,3,89.29
mech_md50_ppon_r05,mechanism_sweep,3466,control,3,27,0.4596,0,0.2371,345,36,86.96
mech_md50_ppon_r05,mechanism_sweep,3466,control,4,11,0.4468,0,0.1648,131,19,99.91
mech_md50_ppon_r05,mechanism_sweep,3466,treatment,0,8,0.5276,0,0.2986,121,4,84.5
mech_md50_ppon_r05,mechanism_sweep,3466,treatment,1,4,0.6717,0,0.3158,81,2,96.75
mech_md50_ppon_r05,mechanism_sweep,3466,treatment,2,1,0.6402,0,0.0,19,0,101.0
mech_md50_ppon_r05,mechanism_sweep,3466,treatment,3,3,0.7325,0,0.1855,54,3,97.33
mech_md50_ppon_r05,mechanism_sweep,3466,treatment,4,1,0.6115,0,0.0,21,0,39.0
mech_md50_ppon_r05,mechanism_sweep,3603,control,0,7,0.6289,0,0.3026,140,1,93.0
mech_md50_ppon_r05,mechanism_sweep,3603,control,1,2,0.7775,0,0.2689,43,4,91.0
mech_md50_ppon_r05,mechanism_sweep,3603,control,2,1,0.5722,0,0.0,20,0,100.0
mech_md50_ppon_r05,mechanism_sweep,3603,control,3,4,0.5341,0,0.3326,65,1,103.5
mech_md50_ppon_r05,mechanism_sweep,3603,control,4,3,0.7592,0,0.1169,66,5,133.0
mech_md50_ppon_r05,mechanism_sweep,3603,treatment,0,3,0.5998,0,0.3518,62,1,102.0
mech_md50_ppon_r05,mechanism_sweep,3603,treatment,1,3,0.6101,0,0.2991,58,0,116.67
mech_md50_ppon_r05,mechanism_sweep,3603,treatment,2,3,0.2561,0,0.0111,17,3,112.67
mech_md50_ppon_r05,mechanism_sweep,3603,treatment,3,3,0.6999,0,0.1807,62,2,109.83
mech_md50_ppon_r05,mechanism_sweep,3603,treatment,4,2,0.6838,0,0.1824,40,1,124.0
mech_md50_ppon_r05,mechanism_sweep,3740,control,0,7,0.6382,0,0.3285,144,2,106.29
mech_md50_ppon_r05,mechanism_sweep,3740,control,1,6,0.5857,0,0.2611,106,2,100.33
mech_md50_ppon_r05,mechanism_sweep,3740,control,2,7,0.6935,0,0.2708,140,4,106.86
mech_md50_ppon_r05,mechanism_sweep,3740,control,3,3,0.7336,0,0.1772,63,0,133.0
mech_md50_ppon_r05,mechanism_sweep,3740,control,4,2,0.8129,0,0.2647,43,3,115.0
mech_md50_ppon_r05,mechanism_sweep,3740,treatment,0,13,0.5788,0,0.3279,229,9,110.69
mech_md50_ppon_r05,mechanism_sweep,3740,treatment,1,9,0.5749,0,0.3084,147,9,96.44
mech_md50_ppon_r05,mechanism_sweep,3740,treatment,2,7,0.5082,0,0.2738,109,10,88.86
mech_md50_ppon_r05,mechanism_sweep,3740,treatment,3,4,0.4931,0,0.3207,61,3,105.0
mech_md50_ppon_r05,mechanism_sweep,3740,treatment,4,9,0.631,0,0.2702,167,8,112.33
mech_md50_ppon_r05,mechanism_sweep,3877,control,0,5,0.6874,0,0.2605,103,2,97.0
mech_md50_ppon_r05,mechanism_sweep,3877,control,1,3,0.7159,0,0.1595,65,2,135.33
mech_md50_ppon_r05,mechanism_sweep,3877,control,2,3,0.6671,0,0.1778,60,3,132.0
mech_md50_ppon_r05,mechanism_sweep,3877,control,3,9,0.4727,0,0.1487,123,14,110.0
mech_md50_ppon_r05,mechanism_sweep,3877,control,4,3,0.4268,0,0.1318,41,2,109.0
mech_md50_ppon_r05,mechanism_sweep,3877,treatment,0,5,0.6372,0,0.3115,99,1,116.4
mech_md50_ppon_r05,mechanism_sweep,3877,treatment,1,2,0.7081,0,0.2784,40,0,100.0
mech_md50_ppon_r05,mechanism_sweep,3877,treatment,2,0,0,0,0,0,0,0
mech_md50_ppon_r05,mechanism_sweep,3877,treatment,3,0,0,0,0,0,0,0
mech_md50_ppon_r05,mechanism_sweep,3877,treatment,4,1,0.7081,0,0.0,20,0,100.0
mech_md50_ppon_r05,mechanism_sweep,4014,control,0,8,0.709,0,0.2891,170,7,107.88
mech_md50_ppon_r05,mechanism_sweep,4014,control,1,9,0.6016,0,0.2537,166,6,108.44
mech_md50_ppon_r05,mechanism_sweep,4014,control,2,8,0.5814,0,0.2115,143,5,112.0
mech_md50_ppon_r05,mechanism_sweep,4014,control,3,50,0.474,0,0.2292,666,81,111.56
mech_md50_ppon_r05,mechanism_sweep,4014,control,4,12,0.5621,0,0.1733,196,13,119.67
mech_md50_ppon_r05,mechanism_sweep,4014,treatment,0,23,0.5797,0,0.301,399,28,92.98
mech_md50_ppon_r05,mechanism_sweep,4014,treatment,1,6,0.6757,0,0.3074,134,2,103.17
mech_md50_ppon_r05,mechanism_sweep,4014,treatment,2,4,0.6364,0,0.2343,72,1,70.5
mech_md50_ppon_r05,mechanism_sweep,4014,treatment,3,2,0.6638,0,0.3249,37,1,65.0
mech_md50_ppon_r05,mechanism_sweep,4014,treatment,4,2,0.6995,0,0.402,40,1,130.0
mech_md50_ppon_r05,mechanism_sweep,4151,control,0,3,0.5273,0,0.301,49,3,124.67
mech_md50_ppon_r05,mechanism_sweep,4151,control,1,5,0.6562,0,0.3512,102,2,104.0
mech_md50_ppon_r05,mechanism_sweep,4151,control,2,0,0,0,0,0,0,0
mech_md50_ppon_r05,mechanism_sweep,4151,control,3,2,0.7289,0,0.246,41,1,103.5
mech_md50_ppon_r05,mechanism_sweep,4151,control,4,2,0.6521,0,0.2304,37,2,101.0
mech_md50_ppon_r05,mechanism_sweep,4151,treatment,0,9,0.6672,0,0.3019,177,5,109.56
mech_md50_ppon_r05,mechanism_sweep,4151,treatment,1,7,0.6875,0,0.2533,142,8,103.43
mech_md50_ppon_r05,mechanism_sweep,4151,treatment,2,4,0.6769,0,0.3039,76,1,114.0
mech_md50_ppon_r05,mechanism_sweep,4151,treatment,3,3,0.6575,0,0.3443,53,2,124.0
mech_md50_ppon_r05,mechanism_sweep,4151,treatment,4,0,0,0,0,0,0,0
mech_md50_ppon_r05,mechanism_sweep,4288,control,0,2,0.6489,0,0.2362,44,1,146.5
mech_md50_ppon_r05,mechanism_sweep,4288,control,1,10,0.6308,0,0.2887,194,12,125.4
mech_md50_ppon_r05,mechanism_sweep,4288,control,2,7,0.5762,0,0.2774,135,1,109.57
mech_md50_ppon_r05,mechanism_sweep,4288,control,3,6,0.6408,0,0.3137,111,2,98.33
mech_md50_ppon_r05,mechanism_sweep,4288,control,4,6,0.6362,0,0.3221,113,0,125.83
mech_md50_ppon_r05,mechanism_sweep,4288,treatment,0,9,0.5796,0,0.2813,169,4,118.56
mech_md50_ppon_r05,mechanism_sweep,4288,treatment,1,2,0.6799,0,0.3502,39,1,117.5
mech_md50_ppon_r05,mechanism_sweep,4288,treatment,2,2,0.6519,0,0.2026,41,0,100.0
mech_md50_ppon_r05,mechanism_sweep,4288,treatment,3,0,0,0,0,0,0,0
mech_md50_ppon_r05,mechanism_sweep,4288,treatment,4,1,0.6528,0,0.0,20,0,100.0
mech_md50_ppon_r05,mechanism_sweep,4425,control,0,8,0.537,0,0.2318,137,10,108.12
mech_md50_ppon_r05,mechanism_sweep,4425,control,1,1,0.6079,0,0.0,20,0,93.0
mech_md50_ppon_r05,mechanism_sweep,4425,control,2,6,0.599,0,0.246,117,2,110.33
mech_md50_ppon_r05,mechanism_sweep,4425,control,3,2,0.6691,0,0.2327,43,1,141.0
mech_md50_ppon_r05,mechanism_sweep,4425,control,4,13,0.5058,0,0.2041,194,10,111.54
mech_md50_ppon_r05,mechanism_sweep,4425,treatment,0,3,0.6036,0,0.2318,61,0,116.67
mech_md50_ppon_r05,mechanism_sweep,4425,treatment,1,4,0.5285,0,0.2654,71,0,96.25
mech_md50_ppon_r05,mechanism_sweep,4425,treatment,2,4,0.4653,0,0.2923,64,0,105.0
mech_md50_ppon_r05,mechanism_sweep,4425,treatment,3,4,0.5953,0,0.224,75,5,62.5
mech_md50_ppon_r05,mechanism_sweep,4425,treatment,4,3,0.5551,0,0.1596,54,1,92.67
mech_md50_ppon_r05,mechanism_sweep,4562,control,0,4,0.6126,0,0.3073,72,1,86.25
mech_md50_ppon_r05,mechanism_sweep,4562,control,1,1,0.7627,0,0.0,22,1,127.0
mech_md50_ppon_r05,mechanism_sweep,4562,control,2,3,0.7053,0,0.1822,72,2,79.33
mech_md50_ppon_r05,mechanism_sweep,4562,control,3,2,0.5706,0,0.2223,38,0,91.5
mech_md50_ppon_r05,mechanism_sweep,4562,control,4,0,0,0,0,0,0,0
mech_md50_ppon_r05,mechanism_sweep,4562,treatment,0,4,0.5892,0,0.3336,72,0,74.75
mech_md50_ppon_r05,mechanism_sweep,4562,treatment,1,7,0.5538,0,0.2697,133,1,105.43
mech_md50_ppon_r05,mechanism_sweep,4562,treatment,2,1,0.6772,0,0.0,22,1,172.0
mech_md50_ppon_r05,mechanism_sweep,4562,treatment,3,1,0.5874,0,0.0,20,0,96.0
mech_md50_ppon_r05,mechanism_sweep,4562,treatment,4,1,0.7135,0,0.0,22,1,160.0
mech_md50_ppon_r05,mechanism_sweep,4699,control,0,4,0.6815,0,0.2958,79,4,114.75
mech_md50_ppon_r05,mechanism_sweep,4699,control,1,6,0.6021,0,0.2416,117,4,92.33
mech_md50_ppon_r05,mechanism_sweep,4699,control,2,1,0.7476,0,0.0,21,1,105.0
mech_md50_ppon_r05,mechanism_sweep,4699,control,3,1,0.6688,0,0.0,18,1,13.0
mech_md50_ppon_r05,mechanism_sweep,4699,control,4,7,0.4816,0,0.1842,83,4,112.71
mech_md50_ppon_r05,mechanism_sweep,4699,treatment,0,5,0.5481,0,0.2941,79,4,82.6
mech_md50_ppon_r05,mechanism_sweep,4699,treatment,1,2,0.5554,0,0.2834,40,0,100.5
mech_md50_ppon_r05,mechanism_sweep,4699,treatment,2,8,0.584,0,0.2578,133,3,119.5
mech_md50_ppon_r05,mechanism_sweep,4699,treatment,3,31,0.4646,0,0.2281,365,41,97.35
mech_md50_ppon_r05,mechanism_sweep,4699,treatment,4,34,0.4691,0,0.2209,385,42,94.13
mech_md50_ppon_r05,mechanism_sweep,4836,control,0,4,0.6456,0,0.3319,83,1,121.75
mech_md50_ppon_r05,mechanism_sweep,4836,control,1,10,0.4659,0,0.27,126,13,111.4
mech_md50_ppon_r05,mechanism_sweep,4836,control,2,2,0.7361,0,0.1719,43,1,113.0
mech_md50_ppon_r05,mechanism_sweep,4836,control,3,0,0,0,0,0,0,0
mech_md50_ppon_r05,mechanism_sweep,4836,control,4,1,0.6983,0,0.0,21,1,110.0
mech_md50_ppon_r05,mechanism_sweep,4836,treatment,0,14,0.5336,0,0.2659,230,6,130.07
mech_md50_ppon_r05,mechanism_sweep,4836,treatment,1,6,0.6602,0,0.3131,124,3,114.83
mech_md50_ppon_r05,mechanism_sweep,4836,treatment,2,3,0.6875,0,0.2069,62,3,115.33
mech_md50_ppon_r05,mechanism_sweep,4836,treatment,3,11,0.6319,0,0.259,200,9,117.0
mech_md50_ppon_r05,mechanism_sweep,4836,treatment,4,12,0.5324,0,0.2137,171,14,120.08
mech_md50_ppon_r05,mechanism_sweep,4973,control,0,6,0.5955,0,0.2554,116,1,96.33
mech_md50_ppon_r05,mechanism_sweep,4973,control,1,8,0.6328,0,0.2475,155,8,116.12
mech_md50_ppon_r05,mechanism_sweep,4973,control,2,23,0.4138,0,0.2453,251,19,98.09
mech_md50_ppon_r05,mechanism_sweep,4973,control,3,4,0.5774,0,0.1927,68,2,76.75
mech_md50_ppon_r05,mechanism_sweep,4973,control,4,9,0.569,0,0.2373,144,12,112.0
mech_md50_ppon_r05,mechanism_sweep,4973,treatment,0,6,0.6264,0,0.3819,119,1,100.67
mech_md50_ppon_r05,mechanism_sweep,4973,treatment,1,22,0.5756,0,0.302,368,13,112.45
mech_md50_ppon_r05,mechanism_sweep,4973,treatment,2,7,0.6419,0,0.3043,142,4,84.71
mech_md50_ppon_r05,mechanism_sweep,4973,treatment,3,2,0.7186,0,0.4923,41,1,138.5
mech_md50_ppon_r05,mechanism_sweep,4973,treatment,4,12,0.504,0,0.2386,160,6,108.79
mech_md50_ppon_r10,mechanism_sweep,1000,control,0,2,0.6167,0,0.2905,36,0,99.5
mech_md50_ppon_r10,mechanism_sweep,1000,control,1,0,0,0,0,0,0,0
mech_md50_ppon_r10,mechanism_sweep,1000,control,2,4,0.6569,0,0.2604,92,0,117.0
mech_md50_ppon_r10,mechanism_sweep,1000,control,3,1,0.6501,0,0.0,22,1,101.0
mech_md50_ppon_r10,mechanism_sweep,1000,control,4,5,0.6024,0,0.1985,92,5,105.0
mech_md50_ppon_r10,mechanism_sweep,1000,treatment,0,9,0.6548,0,0.3272,158,5,109.72
mech_md50_ppon_r10,mechanism_sweep,1000,treatment,1,3,0.607,0,0.2427,55,1,106.0
mech_md50_ppon_r10,mechanism_sweep,1000,treatment,2,10,0.5046,0,0.2719,140,12,110.7
mech_md50_ppon_r10,mechanism_sweep,1000,treatment,3,12,0.5449,0,0.2638,191,6,112.67
mech_md50_ppon_r10,mechanism_sweep,1000,treatment,4,10,0.5234,0,0.2843,142,10,129.3
mech_md50_ppon_r10,mechanism_sweep,1137,control,0,4,0.6478,0,0.3082,83,1,124.0
mech_md50_ppon_r10,mechanism_sweep,1137,control,1,8,0.6582,0,0.2846,162,3,109.62
mech_md50_ppon_r10,mechanism_sweep,1137,control,2,2,0.7375,0,0.2362,43,1,119.5
mech_md50_ppon_r10,mechanism_sweep,1137,control,3,2,0.6401,0,0.2271,42,0,148.5
mech_md50_ppon_r10,mechanism_sweep,1137,control,4,2,0.654,0,0.1709,41,1,105.0
mech_md50_ppon_r10,mechanism_sweep,1137,treatment,0,2,0.6276,0,0.3176,40,0,111.5
mech_md50_ppon_r10,mechanism_sweep,1137,treatment,1,12,0.6277,0,0.2723,223,3,101.75
mech_md50_ppon_r10,mechanism_sweep,1137,treatment,2,8,0.7096,0,0.2468,163,4,127.56
mech_md50_ppon_r10,mechanism_sweep,1137,treatment,3,16,0.5826,0,0.2241,268,25,115.97
mech_md50_ppon_r10,mechanism_sweep,1137,treatment,4,6,0.6799,0,0.2486,120,1,125.0
mech_md50_ppon_r10,mechanism_sweep,1274,control,0,3,0.6672,0,0.2438,56,2,71.67
mech_md50_ppon_r10,mechanism_sweep,1274,control,1,1,0.7799,0,0.0,20,1,103.0
mech_md50_ppon_r10,mechanism_sweep,1274,control,2,3,0.4704,0,0.2325,45,1,105.0
mech_md50_ppon_r10,mechanism_sweep,1274,control,3,5,0.6158,0,0.1527,79,2,106.0
mech_md50_ppon_r10,mechanism_sweep,1274,control,4,0,0,0,0,0,0,0
mech_md50_ppon_r10,mechanism_sweep,1274,treatment,0,8,0.6855,0,0.2802,164,5,121.0
mech_md50_ppon_r10,mechanism_sweep,1274,treatment,1,2,0.6714,0,0.2758,40,0,87.0
mech_md50_ppon_r10,mechanism_sweep,1274,treatment,2,4,0.4497,0,0.2614,45,1,129.75
mech_md50_ppon_r10,mechanism_sweep,1274,treatment,3,2,0.2421,0,0.214,11,0,112.5
mech_md50_ppon_r10,mechanism_sweep,1274,treatment,4,6,0.3788,0,0.1536,50,4,117.17
mech_md50_ppon_r10,mechanism_sweep,1411,control,0,5,0.6328,0,0.3204,96,1,82.4
mech_md50_ppon_r10,mechanism_sweep,1411,control,1,4,0.6779,0,0.3459,81,0,100.25
mech_md50_ppon_r10,mechanism_sweep,1411,control,2,1,0.6305,0,0.0,21,0,115.0
mech_md50_ppon_r10,mechanism_sweep,1411,control,3,0,0,0,0,0,0,0
mech_md50_ppon_r10,mechanism_sweep,1411,control,4,1,0.6073,0,0.0,14,0,94.0
mech_md50_ppon_r10,mechanism_sweep,1411,treatment,0,1,0.6846,0,0.0,20,1,175.0
mech_md50_ppon_r10,mechanism_sweep,1411,treatment,1,11,0.5758,0,0.2922,188,6,109.91
mech_md50_ppon_r10,mechanism_sweep,1411,treatment,2,7,0.5797,0,0.1382,112,5,97.57
mech_md50_ppon_r10,mechanism_sweep,1411,treatment,3,11,0.5969,0,0.2854,175,8,83.77
mech_md50_ppon_r10,mechanism_sweep,1411,treatment,4,15,0.5911,0,0.2806,232,12,111.27
mech_md50_ppon_r10,mechanism_sweep,1548,control,0,3,0.653,0,0.2709,66,3,82.0
mech_md50_ppon_r10,mechanism_sweep,1548,control,1,4,0.61,0,0.2659,77,2,112.5
mech_md50_ppon_r10,mechanism_sweep,1548,control,2,1,0.6196,0,0.0,21,0,163.0
mech_md50_ppon_r10,mechanism_sweep,1548,control,3,2,0.6123,0,0.2969,38,0,91.5
mech_md50_ppon_r10,mechanism_sweep,1548,control,4,1,0.6597,0,0.0,20,0,90.0
mech_md50_ppon_r10,mechanism_sweep,1548,treatment,0,2,0.6434,0,0.2115,36,0,69.5
mech_md50_ppon_r10,mechanism_sweep,1548,treatment,1,11,0.6602,0,0.3301,217,0,110.27
mech_md50_ppon_r10,mechanism_sweep,1548,treatment,2,4,0.6348,0,0.2968,77,0,107.5
mech_md50_ppon_r10,mechanism_sweep,1548,treatment,3,2,0.6676,0,0.1935,41,0,150.0
mech_md50_ppon_r10,mechanism_sweep,1548,treatment,4,4,0.6327,0,0.3268,75,0,134.25
mech_md50_ppon_r10,mechanism_sweep,1685,control,0,9,0.5849,0,0.2611,161,13,94.44
mech_md50_ppon_r10,mechanism_sweep,1685,control,1,8,0.52,0,0.2823,122,10,112.38
mech_md50_ppon_r10,mechanism_sweep,1685,control,2,3,0.6404,0,0.2859,61,4,104.0
mech_md50_ppon_r10,mechanism_sweep,1685,control,3,22,0.5234,0,0.2203,320,30,113.59
mech_md50_ppon_r10,mechanism_sweep,1685,control,4,2,0.6221,0,0.0329,42,2,110.0
mech_md50_ppon_r10,mechanism_sweep,1685,treatment,0,5,0.5441,0,0.2714,76,1,95.4
mech_md50_ppon_r10,mechanism_sweep,1685,treatment,1,4,0.658,0,0.1837,75,1,113.25
mech_md50_ppon_r10,mechanism_sweep,1685,treatment,2,2,0.6186,0,0.3656,36,0,128.0
mech_md50_ppon_r10,mechanism_sweep,1685,treatment,3,4,0.6296,0,0.2828,52,3,110.5
mech_md50_ppon_r10,mechanism_sweep,1685,treatment,4,16,0.5477,0,0.2402,154,20,96.25
mech_md50_ppon_r10,mechanism_sweep,1822,control,0,6,0.4931,0,0.3026,86,7,93.33
mech_md50_ppon_r10,mechanism_sweep,1822,control,1,4,0.514,0,0.2768,69,0,91.25
mech_md50_ppon_r10,mechanism_sweep,1822,control,2,1,0.5299,0,0.0,20,0,39.0
mech_md50_ppon_r10,mechanism_sweep,1822,control,3,2,0.4952,0,0.1168,31,2,106.5
mech_md50_ppon_r10,mechanism_sweep,1822,control,4,1,0.5699,0,0.0,37,0,119.0
mech_md50_ppon_r10,mechanism_sweep,1822,treatment,0,3,0.6771,0,0.371,75,4,111.0
mech_md50_ppon_r10,mechanism_sweep,1822,treatment,1,2,0.6298,0,0.2708,40,0,100.0
mech_md50_ppon_r10,mechanism_sweep,1822,treatment,2,9,0.4877,0,0.2296,106,6,93.0
mech_md50_ppon_r10,mechanism_sweep,1822,treatment,3,6,0.6624,0,0.2195,104,4,98.17
mech_md50_ppon_r10,mechanism_sweep,1822,treatment,4,1,0.6449,0,0.0,26,0,107.0
mech_md50_ppon_r10,mechanism_sweep,1959,control,0,6,0.6941,0,0.3686,121,2,117.0
mech_md50_ppon_r10,mechanism_sweep,1959,control,1,6,0.6827,0,0.3155,128,4,92.5
mech_md50_ppon_r10,mechanism_sweep,1959,control,2,5,0.6241,0,0.2926,86,2,110.6
mech_md50_ppon_r10,mechanism_sweep,1959,control,3,15,0.4911,0,0.1667,172,13,107.2
mech_md50_ppon_r10,mechanism_sweep,1959,control,4,10,0.5294,0,0.1686,135,4,117.8
mech_md50_ppon_r10,mechanism_sweep,1959,treatment,0,14,0.5905,0,0.3161,242,9,117.57
mech_md50_ppon_r10,mechanism_sweep,1959,treatment,1,7,0.6648,0,0.3143,139,9,79.29
mech_md50_ppon_r10,mechanism_sweep,1959,treatment,2,4,0.6887,0,0.2642,71,5,75.75
mech_md50_ppon_r10,mechanism_sweep,1959,treatment,3,21,0.5257,0,0.2462,275,27,97.48
mech_md50_ppon_r10,mechanism_sweep,1959,treatment,4,11,0.682,0,0.2645,235,11,107.55
mech_md50_ppon_r10,mechanism_sweep,2096,control,0,6,0.646,0,0.312,119,2,121.0
mech_md50_ppon_r10,mechanism_sweep,2096,control,1,2,0.5221,0,0.2258,32,0,116.5
mech_md50_ppon_r10,mechanism_sweep,2096,control,2,4,0.6416,0,0.2455,81,2,108.5
mech_md50_ppon_r10,mechanism_sweep,2096,control,3,1,0.7051,0,0.0,41,1,60.0
mech_md50_ppon_r10,mechanism_sweep,2096,control,4,3,0.5813,0,0.3595,60,1,61.0
mech_md50_ppon_r10,mechanism_sweep,2096,treatment,0,3,0.6301,0,0.2545,57,1,140.33
mech_md50_ppon_r10,mechanism_sweep,2096,treatment,1,2,0.6481,0,0.2889,40,0,140.5
mech_md50_ppon_r10,mechanism_sweep,2096,treatment,2,4,0.5095,0,0.1121,50,2,98.25
mech_md50_ppon_r10,mechanism_sweep,2096,treatment,3,1,0.6227,0,0.0,21,0,150.0
mech_md50_ppon_r10,mechanism_sweep,2096,treatment,4,2,0.543,0,0.2717,30,0,108.0
mech_md50_ppon_r10,mechanism_sweep,2233,control,0,3,0.7385,0,0.3217,65,4,115.0
mech_md50_ppon_r10,mechanism_sweep,2233,control,1,0,0,0,0,0,0,0
mech_md50_ppon_r10,mechanism_sweep,2233,control,2,2,0.569,0,0.3142,36,0,108.5
mech_md50_ppon_r10,mechanism_sweep,2233,control,3,9,0.4806,0,0.0825,92,11,93.67
mech_md50_ppon_r10,mechanism_sweep,2233,control,4,11,0.529,0,0.2327,124,7,92.18
mech_md50_ppon_r10,mechanism_sweep,2233,treatment,0,2,0.6712,0,0.2647,50,0,50.0
mech_md50_ppon_r10,mechanism_sweep,2233,treatment,1,3,0.6302,0,0.3048,57,0,116.67
mech_md50_ppon_r10,mechanism_sweep,2233,treatment,2,6,0.6237,0,0.3214,115,1,85.0
mech_md50_ppon_r10,mechanism_sweep,2233,treatment,3,2,0.7708,0,0.2525,42,2,171.5
mech_md50_ppon_r10,mechanism_sweep,2233,treatment,4,5,0.7019,0,0.1569,89,4,107.2
mech_md50_ppon_r10,mechanism_sweep,2370,control,0,6,0.6315,0,0.3552,116,3,105.33
mech_md50_ppon_r10,mechanism_sweep,2370,control,1,10,0.5958,0,0.312,183,7,87.7
mech_md50_ppon_r10,mechanism_sweep,2370,control,2,10,0.562,0,0.263,161,9,96.5
mech_md50_ppon_r10,mechanism_sweep,2370,control,3,3,0.6465,0,0.2825,64,1,109.0
mech_md50_ppon_r10,mechanism_sweep,2370,control,4,6,0.5832,0,0.2273,120,2,87.33
mech_md50_ppon_r10,mechanism_sweep,2370,treatment,0,8,0.6175,0,0.3643,155,2,120.25
mech_md50_ppon_r10,mechanism_sweep,2370,treatment,1,3,0.4896,0,0.3798,42,0,131.0
mech_md50_ppon_r10,mechanism_sweep,2370,treatment,2,6,0.6489,0,0.2928,108,6,103.0
mech_md50_ppon_r10,mechanism_sweep,2370,treatment,3,2,0.5524,0,0.1356,37,1,119.5
mech_md50_ppon_r10,mechanism_sweep,2370,treatment,4,6,0.6509,0,0.2382,117,8,102.33
mech_md50_ppon_r10,mechanism_sweep,2507,control,0,3,0.6603,0,0.315,61,0,107.0
mech_md50_ppon_r10,mechanism_sweep,2507,control,1,4,0.7044,0,0.3092,86,2,139.5
mech_md50_ppon_r10,mechanism_sweep,2507,control,2,6,0.6326,0,0.3592,121,1,106.17
mech_md50_ppon_r10,mechanism_sweep,2507,control,3,8,0.6398,0,0.2785,162,1,100.75
mech_md50_ppon_r10,mechanism_sweep,2507,control,4,1,0.6721,0,0.0,20,0,100.0
mech_md50_ppon_r10,mechanism_sweep,2507,treatment,0,5,0.5883,0,0.269,96,0,106.6
mech_md50_ppon_r10,mechanism_sweep,2507,treatment,1,6,0.5701,0,0.3099,103,4,123.83
mech_md50_ppon_r10,mechanism_sweep,2507,treatment,2,2,0.648,0,0.2751,40,0,125.0
mech_md50_ppon_r10,mechanism_sweep,2507,treatment,3,6,0.6253,0,0.3086,111,2,73.5
mech_md50_ppon_r10,mechanism_sweep,2507,treatment,4,0,0,0,0,0,0,0
mech_md50_ppon_r10,mechanism_sweep,2644,control,0,2,0.629,0,0.2272,45,1,137.5
mech_md50_ppon_r10,mechanism_sweep,2644,control,1,3,0.6371,0,0.224,60,0,96.67
mech_md50_ppon_r10,mechanism_sweep,2644,control,2,1,0.7188,0,0.0,22,2,120.0
mech_md50_ppon_r10,mechanism_sweep,2644,control,3,2,0.5443,0,0.3107,38,0,76.0
mech_md50_ppon_r10,mechanism_sweep,2644,control,4,0,0,0,0,0,0,0
mech_md50_ppon_r10,mechanism_sweep,2644,treatment,0,3,0.6008,0,0.2762,61,2,108.33
mech_md50_ppon_r10,mechanism_sweep,2644,treatment,1,4,0.6267,0,0.3069,74,0,142.0
mech_md50_ppon_r10,mechanism_sweep,2644,treatment,2,6,0.6503,0,0.2468,112,2,116.33
mech_md50_ppon_r10,mechanism_sweep,2644,treatment,3,1,0.7524,0,0.0,21,0,150.0
mech_md50_ppon_r10,mechanism_sweep,2644,treatment,4,1,0.7314,0,0.0,21,0,108.0
mech_md50_ppon_r10,mechanism_sweep,2781,control,0,7,0.636,0,0.2764,151,5,103.14
mech_md50_ppon_r10,mechanism_sweep,2781,control,1,8,0.632,0,0.2849,144,3,101.88
mech_md50_ppon_r10,mechanism_sweep,2781,control,2,1,0.8682,0,0.0,22,2,120.0
mech_md50_ppon_r10,mechanism_sweep,2781,control,3,3,0.6979,0,0.2621,62,1,112.33
mech_md50_ppon_r10,mechanism_sweep,2781,control,4,3,0.6628,0,0.3218,59,1,101.33
mech_md50_ppon_r10,mechanism_sweep,2781,treatment,0,6,0.6147,0,0.249,129,5,109.0
mech_md50_ppon_r10,mechanism_sweep,2781,treatment,1,10,0.6362,0,0.268,198,8,103.4
mech_md50_ppon_r10,mechanism_sweep,2781,treatment,2,11,0.6478,0,0.2914,217,4,100.73
mech_md50_ppon_r10,mechanism_sweep,2781,treatment,3,9,0.7182,0,0.292,177,3,101.11
mech_md50_ppon_r10,mechanism_sweep,2781,treatment,4,5,0.665,0,0.2704,89,3,94.0
mech_md50_ppon_r10,mechanism_sweep,2918,control,0,5,0.6191,0,0.3649,89,0,110.6
mech_md50_ppon_r10,mechanism_sweep,2918,control,1,6,0.5514,0,0.2627,98,4,120.67
mech_md50_ppon_r10,mechanism_sweep,2918,control,2,32,0.4556,0,0.1216,344,42,117.41
mech_md50_ppon_r10,mechanism_sweep,2918,control,3,16,0.3775,0,0.1803,153,17,112.44
mech_md50_ppon_r10,mechanism_sweep,2918,control,4,8,0.588,0,0.0966,117,9,118.0
mech_md50_ppon_r10,mechanism_sweep,2918,treatment,0,7,0.6159,0,0.3226,131,0,109.29
mech_md50_ppon_r10,mechanism_sweep,2918,treatment,1,0,0,0,0,0,0,0
mech_md50_ppon_r10,mechanism_sweep,2918,treatment,2,2,0.6179,0,0.3877,36,0,73.0
mech_md50_ppon_r10,mechanism_sweep,2918,treatment,3,1,0.8019,0,0.0,22,1,122.0
mech_md50_ppon_r10,mechanism_sweep,2918,treatment,4,1,0.6165,0,0.0,20,0,100.0
mech_md50_ppon_r10,mechanism_sweep,3055,control,0,7,0.6098,0,0.3416,143,0,107.14
mech_md50_ppon_r10,mechanism_sweep,3055,control,1,5,0.5451,0,0.2806,77,4,122.0
mech_md50_ppon_r10,mechanism_sweep,3055,control,2,0,0,0,0,0,0,0
mech_md50_ppon_r10,mechanism_sweep,3055,control,3,11,0.4894,0,0.267,157,4,102.73
mech_md50_ppon_r10,mechanism_sweep,3055,control,4,4,0.3841,0,0.2716,45,1,74.5
mech_md50_ppon_r10,mechanism_sweep,3055,treatment,0,6,0.6499,0,0.3358,124,1,120.17
mech_md50_ppon_r10,mechanism_sweep,3055,treatment,1,3,0.5629,0,0.2825,56,0,100.33
mech_md50_ppon_r10,mechanism_sweep,3055,treatment,2,3,0.61,0,0.3511,61,2,132.0
mech_md50_ppon_r10,mechanism_sweep,3055,treatment,3,3,0.3208,0,0.1813,33,0,81.33
mech_md50_ppon_r10,mechanism_sweep,3055,treatment,4,4,0.491,0,0.1111,44,5,100.75
mech_md50_ppon_r10,mechanism_sweep,3192,control,0,2,0.6292,0,0.2497,42,1,112.5
mech_md50_ppon_r10,mechanism_sweep,3192,control,1,4,0.649,0,0.2669,81,2,90.75
mech_md50_ppon_r10,mechanism_sweep,3192,control,2,0,0,0,0,0,0,0
mech_md50_ppon_r10,mechanism_sweep,3192,control,3,3,0.6468,0,0.3146,64,1,139.67
mech_md50_ppon_r10,mechanism_sweep,3192,control,4,4,0.5342,0,0.113,67,7,120.25
mech_md50_ppon_r10,mechanism_sweep,3192,treatment,0,6,0.6115,0,0.3034,123,1,135.0
mech_md50_ppon_r10,mechanism_sweep,3192,treatment,1,2,0.6805,0,0.2684,38,0,106.5
mech_md50_ppon_r10,mechanism_sweep,3192,treatment,2,0,0,0,0,0,0,0
mech_md50_ppon_r10,mechanism_sweep,3192,treatment,3,0,0,0,0,0,0,0
mech_md50_ppon_r10,mechanism_sweep,3192,treatment,4,0,0,0,0,0,0,0
mech_md50_ppon_r10,mechanism_sweep,3329,control,0,5,0.6206,0,0.355,110,0,103.8
mech_md50_ppon_r10,mechanism_sweep,3329,control,1,3,0.6509,0,0.3301,61,0,111.33
mech_md50_ppon_r10,mechanism_sweep,3329,control,2,4,0.6284,0,0.1994,83,4,120.5
mech_md50_ppon_r10,mechanism_sweep,3329,control,3,2,0.5919,0,0.2128,42,0,122.5
mech_md50_ppon_r10,mechanism_sweep,3329,control,4,1,0.6198,0,0.0,21,0,117.0
mech_md50_ppon_r10,mechanism_sweep,3329,treatment,0,3,0.5811,0,0.3128,51,0,85.33
mech_md50_ppon_r10,mechanism_sweep,3329,treatment,1,6,0.5781,0,0.2838,93,0,111.67
mech_md50_ppon_r10,mechanism_sweep,3329,treatment,2,2,0.7369,0,0.0572,37,1,136.0
mech_md50_ppon_r10,mechanism_sweep,3329,treatment,3,7,0.6223,0,0.1126,110,4,120.0
mech_md50_ppon_r10,mechanism_sweep,3329,treatment,4,4,0.5557,0,0.1162,58,2,63.25
mech_md50_ppon_r10,mechanism_sweep,3466,control,0,2,0.6487,0,0.3351,41,1,101.0
mech_md50_ppon_r10,mechanism_sweep,3466,control,1,14,0.5418,0,0.2512,216,17,101.93
mech_md50_ppon_r10,mechanism_sweep,3466,control,2,7,0.4855,0,0.2032,99,3,89.29
mech_md50_ppon_r10,mechanism_sweep,3466,control,3,27,0.4596,0,0.2371,345,36,86.96
mech_md50_ppon_r10,mechanism_sweep,3466,control,4,11,0.4468,0,0.1648,131,19,99.91
mech_md50_ppon_r10,mechanism_sweep,3466,treatment,0,10,0.689,0,0.3147,201,4,110.6
mech_md50_ppon_r10,mechanism_sweep,3466,treatment,1,8,0.6704,0,0.3026,154,6,91.62
mech_md50_ppon_r10,mechanism_sweep,3466,treatment,2,8,0.4631,0,0.2711,103,6,115.75
mech_md50_ppon_r10,mechanism_sweep,3466,treatment,3,6,0.6373,0,0.2915,107,2,105.5
mech_md50_ppon_r10,mechanism_sweep,3466,treatment,4,21,0.5784,0,0.232,364,28,106.71
mech_md50_ppon_r10,mechanism_sweep,3603,control,0,7,0.6289,0,0.3026,140,1,93.0
mech_md50_ppon_r10,mechanism_sweep,3603,control,1,2,0.7775,0,0.2689,43,4,91.0
mech_md50_ppon_r10,mechanism_sweep,3603,control,2,1,0.5722,0,0.0,20,0,100.0
mech_md50_ppon_r10,mechanism_sweep,3603,control,3,4,0.5341,0,0.3326,65,1,103.5
mech_md50_ppon_r10,mechanism_sweep,3603,control,4,3,0.7592,0,0.1169,66,5,133.0
mech_md50_ppon_r10,mechanism_sweep,3603,treatment,0,4,0.6936,0,0.2585,96,3,83.25
mech_md50_ppon_r10,mechanism_sweep,3603,treatment,1,6,0.61,0,0.304,112,0,125.5
mech_md50_ppon_r10,mechanism_sweep,3603,treatment,2,8,0.576,0,0.2694,129,5,108.38
mech_md50_ppon_r10,mechanism_sweep,3603,treatment,3,5,0.4473,0,0.1595,55,1,109.0
mech_md50_ppon_r10,mechanism_sweep,3603,treatment,4,6,0.5411,0,0.2248,77,1,107.33
mech_md50_ppon_r10,mechanism_sweep,3740,control,0,7,0.6382,0,0.3285,144,2,106.29
mech_md50_ppon_r10,mechanism_sweep,3740,control,1,6,0.5857,0,0.2611,106,2,100.33
mech_md50_ppon_r10,mechanism_sweep,3740,control,2,7,0.6935,0,0.2708,140,4,106.86
mech_md50_ppon_r10,mechanism_sweep,3740,control,3,3,0.7336,0,0.1772,63,0,133.0
mech_md50_ppon_r10,mechanism_sweep,3740,control,4,2,0.8129,0,0.2647,43,3,115.0
mech_md50_ppon_r10,mechanism_sweep,3740,treatment,0,13,0.5673,0,0.2906,218,10,111.04
mech_md50_ppon_r10,mechanism_sweep,3740,treatment,1,9,0.53,0,0.287,143,6,114.89
mech_md50_ppon_r10,mechanism_sweep,3740,treatment,2,4,0.5872,0,0.3678,79,0,130.75
mech_md50_ppon_r10,mechanism_sweep,3740,treatment,3,6,0.6118,0,0.3266,113,2,101.33
mech_md50_ppon_r10,mechanism_sweep,3740,treatment,4,2,0.6417,0,0.2728,32,2,104.0
mech_md50_ppon_r10,mechanism_sweep,3877,control,0,5,0.6874,0,0.2605,103,2,97.0
mech_md50_ppon_r10,mechanism_sweep,3877,control,1,3,0.7159,0,0.1595,65,2,135.33
mech_md50_ppon_r10,mechanism_sweep,3877,control,2,3,0.6671,0,0.1778,60,3,132.0
mech_md50_ppon_r10,mechanism_sweep,3877,control,3,9,0.4727,0,0.1487,123,14,110.0
mech_md50_ppon_r10,mechanism_sweep,3877,control,4,3,0.4268,0,0.1318,41,2,109.0
mech_md50_ppon_r10,mechanism_sweep,3877,treatment,0,0,0,0,0,0,0,0
mech_md50_ppon_r10,mechanism_sweep,3877,treatment,1,2,0.6822,0,0.3971,41,1,117.5
mech_md50_ppon_r10,mechanism_sweep,3877,treatment,2,0,0,0,0,0,0,0
mech_md50_ppon_r10,mechanism_sweep,3877,treatment,3,0,0,0,0,0,0,0
mech_md50_ppon_r10,mechanism_sweep,3877,treatment,4,0,0,0,0,0,0,0
mech_md50_ppon_r10,mechanism_sweep,4014,control,0,8,0.709,0,0.2891,170,7,107.88
mech_md50_ppon_r10,mechanism_sweep,4014,control,1,9,0.6016,0,0.2537,166,6,108.44
mech_md50_ppon_r10,mechanism_sweep,4014,control,2,8,0.5814,0,0.2115,143,5,112.0
mech_md50_ppon_r10,mechanism_sweep,4014,control,3,50,0.474,0,0.2292,666,81,111.56
mech_md50_ppon_r10,mechanism_sweep,4014,control,4,12,0.5621,0,0.1733,196,13,119.67
mech_md50_ppon_r10,mechanism_sweep,4014,treatment,0,9,0.5562,0,0.272,149,3,111.44
mech_md50_ppon_r10,mechanism_sweep,4014,treatment,1,0,0,0,0,0,0,0
mech_md50_ppon_r10,mechanism_sweep,4014,treatment,2,3,0.664,0,0.265,60,0,111.0
mech_md50_ppon_r10,mechanism_sweep,4014,treatment,3,4,0.6576,0,0.2214,61,2,121.25
mech_md50_ppon_r10,mechanism_sweep,4014,treatment,4,1,0.6705,0,0.0,19,0,140.0
mech_md50_ppon_r10,mechanism_sweep,4151,control,0,3,0.5273,0,0.301,49,3,124.67
mech_md50_ppon_r10,mechanism_sweep,4151,control,1,5,0.6562,0,0.3512,102,2,104.0
mech_md50_ppon_r10,mechanism_sweep,4151,control,2,0,0,0,0,0,0,0
mech_md50_ppon_r10,mechanism_sweep,4151,control,3,2,0.7289,0,0.246,41,1,103.5
mech_md50_ppon_r10,mechanism_sweep,4151,control,4,2,0.6521,0,0.2304,37,2,101.0
mech_md50_ppon_r10,mechanism_sweep,4151,treatment,0,9,0.5946,0,0.3342,165,3,94.0
mech_md50_ppon_r10,mechanism_sweep,4151,treatment,1,9,0.6876,0,0.2751,184,7,109.89
mech_md50_ppon_r10,mechanism_sweep,4151,treatment,2,3,0.6471,0,0.1978,57,2,106.33
mech_md50_ppon_r10,mechanism_sweep,4151,treatment,3,13,0.5272,0,0.2234,174,10,110.62
mech_md50_ppon_r10,mechanism_sweep,4151,treatment,4,11,0.482,0,0.2546,115,6,107.64
mech_md50_ppon_r10,mechanism_sweep,4288,control,0,2,0.6489,0,0.2362,44,1,146.5
mech_md50_ppon_r10,mechanism_sweep,4288,control,1,10,0.6308,0,0.2887,194,12,125.4
mech_md50_ppon_r10,mechanism_sweep,4288,control,2,7,0.5762,0,0.2774,135,1,109.57
mech_md50_ppon_r10,mechanism_sweep,4288,control,3,6,0.6408,0,0.3137,111,2,98.33
mech_md50_ppon_r10,mechanism_sweep,4288,control,4,6,0.6362,0,0.3221,113,0,125.83
mech_md50_ppon_r10,mechanism_sweep,4288,treatment,0,9,0.5895,0,0.2944,158,5,111.67
mech_md50_ppon_r10,mechanism_sweep,4288,treatment,1,7,0.564,0,0.2246,112,3,133.86
mech_md50_ppon_r10,mechanism_sweep,4288,treatment,2,1,0.5997,0,0.0,18,0,100.0
mech_md50_ppon_r10,mechanism_sweep,4288,treatment,3,2,0.616,0,0.2545,38,0,102.5
mech_md50_ppon_r10,mechanism_sweep,4288,treatment,4,16,0.5503,0,0.2385,225,15,108.06
mech_md50_ppon_r10,mechanism_sweep,4425,control,0,8,0.537,0,0.2318,137,10,108.12
mech_md50_ppon_r10,mechanism_sweep,4425,control,1,1,0.6079,0,0.0,20,0,93.0
mech_md50_ppon_r10,mechanism_sweep,4425,control,2,6,0.599,0,0.246,117,2,110.33
mech_md50_ppon_r10,mechanism_sweep,4425,control,3,2,0.6691,0,0.2327,43,1,141.0
mech_md50_ppon_r10,mechanism_sweep,4425,control,4,13,0.5058,0,0.2041,194,10,111.54
mech_md50_ppon_r10,mechanism_sweep,4425,treatment,0,10,0.6129,0,0.2613,182,7,104.4
mech_md50_ppon_r10,mechanism_sweep,4425,treatment,1,5,0.6731,0,0.2243,101,0,109.8
mech_md50_ppon_r10,mechanism_sweep,4425,treatment,2,2,0.6679,0,0.1447,41,0,125.0
mech_md50_ppon_r10,mechanism_sweep,4425,treatment,3,2,0.6462,0,0.4532,40,0,100.0
mech_md50_ppon_r10,mechanism_sweep,4425,treatment,4,3,0.6425,0,0.3256,59,1,118.33
mech_md50_ppon_r10,mechanism_sweep,4562,control,0,4,0.6126,0,0.3073,72,1,86.25
mech_md50_ppon_r10,mechanism_sweep,4562,control,1,1,0.7627,0,0.0,22,1,127.0
mech_md50_ppon_r10,mechanism_sweep,4562,control,2,3,0.7053,0,0.1822,72,2,79.33
mech_md50_ppon_r10,mechanism_sweep,4562,control,3,2,0.5706,0,0.2223,38,0,91.5
mech_md50_ppon_r10,mechanism_sweep,4562,control,4,0,0,0,0,0,0,0
mech_md50_ppon_r10,mechanism_sweep,4562,treatment,0,9,0.5918,0,0.2977,172,10,111.78
mech_md50_ppon_r10,mechanism_sweep,4562,treatment,1,16,0.5487,0,0.281,273,6,93.19
mech_md50_ppon_r10,mechanism_sweep,4562,treatment,2,6,0.5134,0,0.293,96,2,94.17
mech_md50_ppon_r10,mechanism_sweep,4562,treatment,3,2,0.5428,0,0.2047,35,0,100.0
mech_md50_ppon_r10,mechanism_sweep,4562,treatment,4,9,0.5675,0,0.2399,158,3,103.44
mech_md50_ppon_r10,mechanism_sweep,4699,control,0,4,0.6815,0,0.2958,79,4,114.75
mech_md50_ppon_r10,mechanism_sweep,4699,control,1,6,0.6021,0,0.2416,117,4,92.33
mech_md50_ppon_r10,mechanism_sweep,4699,control,2,1,0.7476,0,0.0,21,1,105.0
mech_md50_ppon_r10,mechanism_sweep,4699,control,3,1,0.6688,0,0.0,18,1,13.0
mech_md50_ppon_r10,mechanism_sweep,4699,control,4,7,0.4816,0,0.1842,83,4,112.71
mech_md50_ppon_r10,mechanism_sweep,4699,treatment,0,12,0.6171,0,0.2658,230,3,103.0
mech_md50_ppon_r10,mechanism_sweep,4699,treatment,1,4,0.6776,0,0.2729,78,1,102.5
mech_md50_ppon_r10,mechanism_sweep,4699,treatment,2,3,0.7122,0,0.225,61,1,102.67
mech_md50_ppon_r10,mechanism_sweep,4699,treatment,3,3,0.6734,0,0.3049,57,0,95.33
mech_md50_ppon_r10,mechanism_sweep,4699,treatment,4,1,0.5263,0,0.0,17,0,50.0
mech_md50_ppon_r10,mechanism_sweep,4836,control,0,4,0.6456,0,0.3319,83,1,121.75
mech_md50_ppon_r10,mechanism_sweep,4836,control,1,10,0.4659,0,0.27,126,13,111.4
mech_md50_ppon_r10,mechanism_sweep,4836,control,2,2,0.7361,0,0.1719,43,1,113.0
mech_md50_ppon_r10,mechanism_sweep,4836,control,3,0,0,0,0,0,0,0
mech_md50_ppon_r10,mechanism_sweep,4836,control,4,1,0.6983,0,0.0,21,1,110.0
mech_md50_ppon_r10,mechanism_sweep,4836,treatment,0,9,0.6555,0,0.3227,179,2,129.89
mech_md50_ppon_r10,mechanism_sweep,4836,treatment,1,4,0.5307,0,0.3243,68,1,55.75
mech_md50_ppon_r10,mechanism_sweep,4836,treatment,2,20,0.5129,0,0.2446,271,24,116.15
mech_md50_ppon_r10,mechanism_sweep,4836,treatment,3,21,0.5896,0,0.2631,345,21,119.64
mech_md50_ppon_r10,mechanism_sweep,4836,treatment,4,11,0.5454,0,0.2312,137,12,114.23
mech_md50_ppon_r10,mechanism_sweep,4973,control,0,6,0.5955,0,0.2554,116,1,96.33
mech_md50_ppon_r10,mechanism_sweep,4973,control,1,8,0.6328,0,0.2475,155,8,116.12
mech_md50_ppon_r10,mechanism_sweep,4973,control,2,23,0.4138,0,0.2453,251,19,98.09
mech_md50_ppon_r10,mechanism_sweep,4973,control,3,4,0.5774,0,0.1927,68,2,76.75
mech_md50_ppon_r10,mechanism_sweep,4973,control,4,9,0.569,0,0.2373,144,12,112.0
mech_md50_ppon_r10,mechanism_sweep,4973,treatment,0,8,0.6185,0,0.2974,147,1,115.12
mech_md50_ppon_r10,mechanism_sweep,4973,treatment,1,10,0.7064,0,0.2953,200,11,98.95
mech_md50_ppon_r10,mechanism_sweep,4973,treatment,2,15,0.6028,0,0.2714,268,15,102.87
mech_md50_ppon_r10,mechanism_sweep,4973,treatment,3,12,0.533,0,0.2085,182,13,100.08
mech_md50_ppon_r10,mechanism_sweep,4973,treatment,4,11,0.5666,0,0.2373,146,9,116.0
mech_md50_ppon_r20,mechanism_sweep,1000,control,0,2,0.6167,0,0.2905,36,0,99.5
mech_md50_ppon_r20,mechanism_sweep,1000,control,1,0,0,0,0,0,0,0
mech_md50_ppon_r20,mechanism_sweep,1000,control,2,4,0.6569,0,0.2604,92,0,117.0
mech_md50_ppon_r20,mechanism_sweep,1000,control,3,1,0.6501,0,0.0,22,1,101.0
mech_md50_ppon_r20,mechanism_sweep,1000,control,4,5,0.6024,0,0.1985,92,5,105.0
mech_md50_ppon_r20,mechanism_sweep,1000,treatment,0,12,0.5944,0,0.309,203,9,104.29
mech_md50_ppon_r20,mechanism_sweep,1000,treatment,1,11,0.5853,0,0.2661,182,7,111.5
mech_md50_ppon_r20,mechanism_sweep,1000,treatment,2,22,0.5069,0,0.2632,311,23,114.11
mech_md50_ppon_r20,mechanism_sweep,1000,treatment,3,19,0.5446,0,0.2323,278,13,117.18
mech_md50_ppon_r20,mechanism_sweep,1000,treatment,4,9,0.619,0,0.3106,156,2,128.44
mech_md50_ppon_r20,mechanism_sweep,1137,control,0,4,0.6478,0,0.3082,83,1,124.0
mech_md50_ppon_r20,mechanism_sweep,1137,control,1,8,0.6582,0,0.2846,162,3,109.62
mech_md50_ppon_r20,mechanism_sweep,1137,control,2,2,0.7375,0,0.2362,43,1,119.5
mech_md50_ppon_r20,mechanism_sweep,1137,control,3,2,0.6401,0,0.2271,42,0,148.5
mech_md50_ppon_r20,mechanism_sweep,1137,control,4,2,0.654,0,0.1709,41,1,105.0
mech_md50_ppon_r20,mechanism_sweep,1137,treatment,0,3,0.59,0,0.2649,49,2,92.0
mech_md50_ppon_r20,mechanism_sweep,1137,treatment,1,7,0.5707,0,0.3395,129,1,92.43
mech_md50_ppon_r20,mechanism_sweep,1137,treatment,2,6,0.6067,0,0.2584,99,1,135.58
mech_md50_ppon_r20,mechanism_sweep,1137,treatment,3,4,0.5284,0,0.2656,57,1,84.75
mech_md50_ppon_r20,mechanism_sweep,1137,treatment,4,0,0,0,0,0,0,0
mech_md50_ppon_r20,mechanism_sweep,1274,control,0,3,0.6672,0,0.2438,56,2,71.67
mech_md50_ppon_r20,mechanism_sweep,1274,control,1,1,0.7799,0,0.0,20,1,103.0
mech_md50_ppon_r20,mechanism_sweep,1274,control,2,3,0.4704,0,0.2325,45,1,105.0
mech_md50_ppon_r20,mechanism_sweep,1274,control,3,5,0.6158,0,0.1527,79,2,106.0
mech_md50_ppon_r20,mechanism_sweep,1274,control,4,0,0,0,0,0,0,0
mech_md50_ppon_r20,mechanism_sweep,1274,treatment,0,6,0.6801,0,0.2861,120,3,116.83
mech_md50_ppon_r20,mechanism_sweep,1274,treatment,1,3,0.4484,0,0.2362,44,0,118.67
mech_md50_ppon_r20,mechanism_sweep,1274,treatment,2,5,0.6429,0,0.2437,96,0,103.2
mech_md50_ppon_r20,mechanism_sweep,1274,treatment,3,9,0.6328,0,0.2406,157,3,87.39
mech_md50_ppon_r20,mechanism_sweep,1274,treatment,4,2,0.7366,0,0.1465,39,0,125.0
mech_md50_ppon_r20,mechanism_sweep,1411,control,0,5,0.6328,0,0.3204,96,1,82.4
mech_md50_ppon_r20,mechanism_sweep,1411,control,1,4,0.6779,0,0.3459,81,0,100.25
mech_md50_ppon_r20,mechanism_sweep,1411,control,2,1,0.6305,0,0.0,21,0,115.0
mech_md50_ppon_r20,mechanism_sweep,1411,control,3,0,0,0,0,0,0,0
mech_md50_ppon_r20,mechanism_sweep,1411,control,4,1,0.6073,0,0.0,14,0,94.0
mech_md50_ppon_r20,mechanism_sweep,1411,treatment,0,4,0.5847,0,0.3092,75,1,121.5
mech_md50_ppon_r20,mechanism_sweep,1411,treatment,1,4,0.5707,0,0.288,71,1,100.0
mech_md50_ppon_r20,mechanism_sweep,1411,treatment,2,6,0.5514,0,0.2678,91,2,109.83
mech_md50_ppon_r20,mechanism_sweep,1411,treatment,3,5,0.6724,0,0.3211,96,5,100.8
mech_md50_ppon_r20,mechanism_sweep,1411,treatment,4,2,0.7164,0,0.2483,36,1,118.0
mech_md50_ppon_r20,mechanism_sweep,1548,control,0,3,0.653,0,0.2709,66,3,82.0
mech_md50_ppon_r20,mechanism_sweep,1548,control,1,4,0.61,0,0.2659,77,2,112.5
mech_md50_ppon_r20,mechanism_sweep,1548,control,2,1,0.6196,0,0.0,21,0,163.0
mech_md50_ppon_r20,mechanism_sweep,1548,control,3,2,0.6123,0,0.2969,38,0,91.5
mech_md50_ppon_r20,mechanism_sweep,1548,control,4,1,0.6597,0,0.0,20,0,90.0
mech_md50_ppon_r20,mechanism_sweep,1548,treatment,0,10,0.6712,0,0.2737,192,2,115.1
mech_md50_ppon_r20,mechanism_sweep,1548,treatment,1,5,0.6959,0,0.2618,95,2,99.2
mech_md50_ppon_r20,mechanism_sweep,1548,treatment,2,2,0.6067,0,0.2709,37,1,104.0
mech_md50_ppon_r20,mechanism_sweep,1548,treatment,3,3,0.6412,0,0.2416,57,0,128.0
mech_md50_ppon_r20,mechanism_sweep,1548,treatment,4,4,0.682,0,0.1937,82,2,107.38
mech_md50_ppon_r20,mechanism_sweep,1685,control,0,9,0.5849,0,0.2611,161,13,94.44
mech_md50_ppon_r20,mechanism_sweep,1685,control,1,8,0.52,0,0.2823,122,10,112.38
mech_md50_ppon_r20,mechanism_sweep,1685,control,2,3,0.6404,0,0.2859,61,4,104.0
mech_md50_ppon_r20,mechanism_sweep,1685,control,3,22,0.5234,0,0.2203,320,30,113.59
mech_md50_ppon_r20,mechanism_sweep,1685,control,4,2,0.6221,0,0.0329,42,2,110.0
mech_md50_ppon_r20,mechanism_sweep,1685,treatment,0,5,0.6768,0,0.3699,97,2,109.7
mech_md50_ppon_r20,mechanism_sweep,1685,treatment,1,6,0.6582,0,0.3138,96,4,101.17
mech_md50_ppon_r20,mechanism_sweep,1685,treatment,2,5,0.6222,0,0.3404,83,0,92.6
mech_md50_ppon_r20,mechanism_sweep,1685,treatment,3,7,0.6404,0,0.338,112,3,101.0
mech_md50_ppon_r20,mechanism_sweep,1685,treatment,4,3,0.6875,0,0.3483,54,1,97.67
mech_md50_ppon_r20,mechanism_sweep,1822,control,0,6,0.4931,0,0.3026,86,7,93.33
mech_md50_ppon_r20,mechanism_sweep,1822,control,1,4,0.514,0,0.2768,69,0,91.25
mech_md50_ppon_r20,mechanism_sweep,1822,control,2,1,0.5299,0,0.0,20,0,39.0
mech_md50_ppon_r20,mechanism_sweep,1822,control,3,2,0.4952,0,0.1168,31,2,106.5
mech_md50_ppon_r20,mechanism_sweep,1822,control,4,1,0.5699,0,0.0,37,0,119.0
mech_md50_ppon_r20,mechanism_sweep,1822,treatment,0,11,0.5504,0,0.308,175,5,113.64
mech_md50_ppon_r20,mechanism_sweep,1822,treatment,1,3,0.6572,0,0.352,60,1,129.67
mech_md50_ppon_r20,mechanism_sweep,1822,treatment,2,2,0.459,0,0.3341,27,0,98.0
mech_md50_ppon_r20,mechanism_sweep,1822,treatment,3,1,0.4307,0,0.0,10,0,115.0
mech_md50_ppon_r20,mechanism_sweep,1822,treatment,4,4,0.513,0,0.1936,48,1,107.5
mech_md50_ppon_r20,mechanism_sweep,1959,control,0,6,0.6941,0,0.3686,121,2,117.0
mech_md50_ppon_r20,mechanism_sweep,1959,control,1,6,0.6827,0,0.3155,128,4,92.5
mech_md50_ppon_r20,mechanism_sweep,1959,control,2,5,0.6241,0,0.2926,86,2,110.6
mech_md50_ppon_r20,mechanism_sweep,1959,control,3,15,0.4911,0,0.1667,172,13,107.2
mech_md50_ppon_r20,mechanism_sweep,1959,control,4,10,0.5294,0,0.1686,135,4,117.8
mech_md50_ppon_r20,mechanism_sweep,1959,treatment,0,9,0.6688,0,0.281,167,8,106.0
mech_md50_ppon_r20,mechanism_sweep,1959,treatment,1,92,0.3823,0,0.2638,879,134,99.26
mech_md50_ppon_r20,mechanism_sweep,1959,treatment,2,76,0.4196,0,0.2244,808,113,127.4
mech_md50_ppon_r20,mechanism_sweep,1959,treatment,3,32,0.5259,0,0.2498,446,36,105.22
mech_md50_ppon_r20,mechanism_sweep,1959,treatment,4,15,0.5017,0,0.2118,197,11,107.0
mech_md50_ppon_r20,mechanism_sweep,2096,control,0,6,0.646,0,0.312,119,2,121.0
mech_md50_ppon_r20,mechanism_sweep,2096,control,1,2,0.5221,0,0.2258,32,0,116.5
mech_md50_ppon_r20,mechanism_sweep,2096,control,2,4,0.6416,0,0.2455,81,2,108.5
mech_md50_ppon_r20,mechanism_sweep,2096,control,3,1,0.7051,0,0.0,41,1,60.0
mech_md50_ppon_r20,mechanism_sweep,2096,control,4,3,0.5813,0,0.3595,60,1,61.0
mech_md50_ppon_r20,mechanism_sweep,2096,treatment,0,8,0.6295,0,0.3222,137,5,115.25
mech_md50_ppon_r20,mechanism_sweep,2096,treatment,1,11,0.5561,0,0.2682,169,6,87.41
mech_md50_ppon_r20,mechanism_sweep,2096,treatment,2,10,0.6409,0,0.2088,179,5,111.7
mech_md50_ppon_r20,mechanism_sweep,2096,treatment,3,5,0.6291,0,0.186,86,2,58.2
mech_md50_ppon_r20,mechanism_sweep,2096,treatment,4,3,0.6553,0,0.1256,59,0,80.5
mech_md50_ppon_r20,mechanism_sweep,2233,control,0,3,0.7385,0,0.3217,65,4,115.0
mech_md50_ppon_r20,mechanism_sweep,2233,control,1,0,0,0,0,0,0,0
mech_md50_ppon_r20,mechanism_sweep,2233,control,2,2,0.569,0,0.3142,36,0,108.5
mech_md50_ppon_r20,mechanism_sweep,2233,control,3,9,0.4806,0,0.0825,92,11,93.67
mech_md50_ppon_r20,mechanism_sweep,2233,control,4,11,0.529,0,0.2327,124,7,92.18
mech_md50_ppon_r20,mechanism_sweep,2233,treatment,0,9,0.5684,0,0.3146,160,3,103.56
mech_md50_ppon_r20,mechanism_sweep,2233,treatment,1,23,0.6054,0,0.3068,421,15,99.87
mech_md50_ppon_r20,mechanism_sweep,2233,treatment,2,45,0.446,0,0.2669,540,43,104.69
mech_md50_ppon_r20,mechanism_sweep,2233,treatment,3,21,0.5499,0,0.2443,314,19,104.21
mech_md50_ppon_r20,mechanism_sweep,2233,treatment,4,11,0.6108,0,0.2845,181,8,98.59
mech_md50_ppon_r20,mechanism_sweep,2370,control,0,6,0.6315,0,0.3552,116,3,105.33
mech_md50_ppon_r20,mechanism_sweep,2370,control,1,10,0.5958,0,0.312,183,7,87.7
mech_md50_ppon_r20,mechanism_sweep,2370,control,2,10,0.562,0,0.263,161,9,96.5
mech_md50_ppon_r20,mechanism_sweep,2370,control,3,3,0.6465,0,0.2825,64,1,109.0
mech_md50_ppon_r20,mechanism_sweep,2370,control,4,6,0.5832,0,0.2273,120,2,87.33
mech_md50_ppon_r20,mechanism_sweep,2370,treatment,0,12,0.6247,0,0.3121,220,5,116.92
mech_md50_ppon_r20,mechanism_sweep,2370,treatment,1,16,0.6267,0,0.2645,288,7,120.78
mech_md50_ppon_r20,mechanism_sweep,2370,treatment,2,16,0.6163,0,0.2822,269,8,116.62
mech_md50_ppon_r20,mechanism_sweep,2370,treatment,3,5,0.6968,0,0.245,95,2,108.2
mech_md50_ppon_r20,mechanism_sweep,2370,treatment,4,6,0.6491,0,0.2732,104,4,90.67
mech_md50_ppon_r20,mechanism_sweep,2507,control,0,3,0.6603,0,0.315,61,0,107.0
mech_md50_ppon_r20,mechanism_sweep,2507,control,1,4,0.7044,0,0.3092,86,2,139.5
mech_md50_ppon_r20,mechanism_sweep,2507,control,2,6,0.6326,0,0.3592,121,1,106.17
mech_md50_ppon_r20,mechanism_sweep,2507,control,3,8,0.6398,0,0.2785,162,1,100.75
mech_md50_ppon_r20,mechanism_sweep,2507,control,4,1,0.6721,0,0.0,20,0,100.0
mech_md50_ppon_r20,mechanism_sweep,2507,treatment,0,6,0.6056,0,0.3292,113,3,103.17
mech_md50_ppon_r20,mechanism_sweep,2507,treatment,1,18,0.4349,0,0.2821,212,24,100.39
mech_md50_ppon_r20,mechanism_sweep,2507,treatment,2,4,0.5881,0,0.3615,75,1,143.12
mech_md50_ppon_r20,mechanism_sweep,2507,treatment,3,7,0.583,0,0.2852,118,4,125.0
mech_md50_ppon_r20,mechanism_sweep,2507,treatment,4,11,0.5051,0,0.2625,161,8,79.18
mech_md50_ppon_r20,mechanism_sweep,2644,control,0,2,0.629,0,0.2272,45,1,137.5
mech_md50_ppon_r20,mechanism_sweep,2644,control,1,3,0.6371,0,0.224,60,0,96.67
mech_md50_ppon_r20,mechanism_sweep,2644,control,2,1,0.7188,0,0.0,22,2,120.0
mech_md50_ppon_r20,mechanism_sweep,2644,control,3,2,0.5443,0,0.3107,38,0,76.0
mech_md50_ppon_r20,mechanism_sweep,2644,control,4,0,0,0,0,0,0,0
mech_md50_ppon_r20,mechanism_sweep,2644,treatment,0,4,0.5775,0,0.338,74,0,104.62
mech_md50_ppon_r20,mechanism_sweep,2644,treatment,1,3,0.5646,0,0.2347,55,0,92.67
mech_md50_ppon_r20,mechanism_sweep,2644,treatment,2,1,0.594,0,0.0,19,0,85.0
mech_md50_ppon_r20,mechanism_sweep,2644,treatment,3,0,0,0,0,0,0,0
mech_md50_ppon_r20,mechanism_sweep,2644,treatment,4,1,0.66,0,0.0,21,1,79.0
mech_md50_ppon_r20,mechanism_sweep,2781,control,0,7,0.636,0,0.2764,151,5,103.14
mech_md50_ppon_r20,mechanism_sweep,2781,control,1,8,0.632,0,0.2849,144,3,101.88
mech_md50_ppon_r20,mechanism_sweep,2781,control,2,1,0.8682,0,0.0,22,2,120.0
mech_md50_ppon_r20,mechanism_sweep,2781,control,3,3,0.6979,0,0.2621,62,1,112.33
mech_md50_ppon_r20,mechanism_sweep,2781,control,4,3,0.6628,0,0.3218,59,1,101.33
mech_md50_ppon_r20,mechanism_sweep,2781,treatment,0,8,0.6209,0,0.3123,147,2,102.69
mech_md50_ppon_r20,mechanism_sweep,2781,treatment,1,15,0.7108,0,0.2747,285,10,101.13
mech_md50_ppon_r20,mechanism_sweep,2781,treatment,2,10,0.6627,0,0.2942,182,3,110.2
mech_md50_ppon_r20,mechanism_sweep,2781,treatment,3,8,0.698,0,0.2614,147,1,128.44
mech_md50_ppon_r20,mechanism_sweep,2781,treatment,4,12,0.6638,0,0.2131,210,5,122.88
mech_md50_ppon_r20,mechanism_sweep,2918,control,0,5,0.6191,0,0.3649,89,0,110.6
mech_md50_ppon_r20,mechanism_sweep,2918,control,1,6,0.5514,0,0.2627,98,4,120.67
mech_md50_ppon_r20,mechanism_sweep,2918,control,2,32,0.4556,0,0.1216,344,42,117.41
mech_md50_ppon_r20,mechanism_sweep,2918,control,3,16,0.3775,0,0.1803,153,17,112.44
mech_md50_ppon_r20,mechanism_sweep,2918,control,4,8,0.588,0,0.0966,117,9,118.0
mech_md50_ppon_r20,mechanism_sweep,2918,treatment,0,2,0.6253,0,0.3115,41,0,87.5
mech_md50_ppon_r20,mechanism_sweep,2918,treatment,1,9,0.6126,0,0.3034,160,3,97.22
mech_md50_ppon_r20,mechanism_sweep,2918,treatment,2,11,0.5612,0,0.2333,163,6,127.14
mech_md50_ppon_r20,mechanism_sweep,2918,treatment,3,13,0.5603,0,0.2842,184,7,93.92
mech_md50_ppon_r20,mechanism_sweep,2918,treatment,4,7,0.6473,0,0.2292,115,5,105.86
mech_md50_ppon_r20,mechanism_sweep,3055,control,0,7,0.6098,0,0.3416,143,0,107.14
mech_md50_ppon_r20,mechanism_sweep,3055,control,1,5,0.5451,0,0.2806,77,4,122.0
mech_md50_ppon_r20,mechanism_sweep,3055,control,2,0,0,0,0,0,0,0
mech_md50_ppon_r20,mechanism_sweep,3055,control,3,11,0.4894,0,0.267,157,4,102.73
mech_md50_ppon_r20,mechanism_sweep,3055,control,4,4,0.3841,0,0.2716,45,1,74.5
mech_md50_ppon_r20,mechanism_sweep,3055,treatment,0,10,0.6225,0,0.3291,177,8,114.4
mech_md50_ppon_r20,mechanism_sweep,3055,treatment,1,16,0.652,0,0.2923,286,11,111.62
mech_md50_ppon_r20,mechanism_sweep,3055,treatment,2,4,0.6313,0,0.3305,75,0,94.5
mech_md50_ppon_r20,mechanism_sweep,3055,treatment,3,10,0.508,0,0.2282,127,6,111.0
mech_md50_ppon_r20,mechanism_sweep,3055,treatment,4,11,0.5354,0,0.2316,159,6,94.09
mech_md50_ppon_r20,mechanism_sweep,3192,control,0,2,0.6292,0,0.2497,42,1,112.5
mech_md50_ppon_r20,mechanism_sweep,3192,control,1,4,0.649,0,0.2669,81,2,90.75
mech_md50_ppon_r20,mechanism_sweep,3192,control,2,0,0,0,0,0,0,0
mech_md50_ppon_r20,mechanism_sweep,3192,control,3,3,0.6468,0,0.3146,64,1,139.67
mech_md50_ppon_r20,mechanism_sweep,3192,control,4,4,0.5342,0,0.113,67,7,120.25
mech_md50_ppon_r20,mechanism_sweep,3192,treatment,0,10,0.5367,0,0.2749,165,3,120.15
mech_md50_ppon_r20,mechanism_sweep,3192,treatment,1,1,0.6595,0,0.0,16,0,66.0
mech_md50_ppon_r20,mechanism_sweep,3192,treatment,2,3,0.5302,0,0.2814,33,0,93.67
mech_md50_ppon_r20,mechanism_sweep,3192,treatment,3,1,0.5607,0,0.0,14,0,7.0
mech_md50_ppon_r20,mechanism_sweep,3192,treatment,4,2,0.4899,0,0.0822,23,1,128.5
mech_md50_ppon_r20,mechanism_sweep,3329,control,0,5,0.6206,0,0.355,110,0,103.8
mech_md50_ppon_r20,mechanism_sweep,3329,control,1,3,0.6509,0,0.3301,61,0,111.33
mech_md50_ppon_r20,mechanism_sweep,3329,control,2,4,0.6284,0,0.1994,83,4,120.5
mech_md50_ppon_r20,mechanism_sweep,3329,control,3,2,0.5919,0,0.2128,42,0,122.5
mech_md50_ppon_r20,mechanism_sweep,3329,control,4,1,0.6198,0,0.0,21,0,117.0
mech_md50_ppon_r20,mechanism_sweep,3329,treatment,0,11,0.5538,0,0.3227,168,0,112.55
mech_md50_ppon_r20,mechanism_sweep,3329,treatment,1,8,0.5662,0,0.2376,116,4,115.75
mech_md50_ppon_r20,mechanism_sweep,3329,treatment,2,17,0.5546,0,0.2824,250,9,121.09
mech_md50_ppon_r20,mechanism_sweep,3329,treatment,3,9,0.5536,0,0.2831,140,2,102.11
mech_md50_ppon_r20,mechanism_sweep,3329,treatment,4,3,0.6555,0,0.4246,51,4,99.5
mech_md50_ppon_r20,mechanism_sweep,3466,control,0,2,0.6487,0,0.3351,41,1,101.0
mech_md50_ppon_r20,mechanism_sweep,3466,control,1,14,0.5418,0,0.2512,216,17,101.93
mech_md50_ppon_r20,mechanism_sweep,3466,control,2,7,0.4855,0,0.2032,99,3,89.29
mech_md50_ppon_r20,mechanism_sweep,3466,control,3,27,0.4596,0,0.2371,345,36,86.96
mech_md50_ppon_r20,mechanism_sweep,3466,control,4,11,0.4468,0,0.1648,131,19,99.91
mech_md50_ppon_r20,mechanism_sweep,3466,treatment,0,11,0.6059,0,0.3148,200,6,99.32
mech_md50_ppon_r20,mechanism_sweep,3466,treatment,1,7,0.6745,0,0.3242,132,1,130.14
mech_md50_ppon_r20,mechanism_sweep,3466,treatment,2,13,0.4925,0,0.2786,171,5,112.96
mech_md50_ppon_r20,mechanism_sweep,3466,treatment,3,19,0.6231,0,0.2795,323,12,128.42
mech_md50_ppon_r20,mechanism_sweep,3466,treatment,4,16,0.6614,0,0.2858,284,7,124.66
mech_md50_ppon_r20,mechanism_sweep,3603,control,0,7,0.6289,0,0.3026,140,1,93.0
mech_md50_ppon_r20,mechanism_sweep,3603,control,1,2,0.7775,0,0.2689,43,4,91.0
mech_md50_ppon_r20,mechanism_sweep,3603,control,2,1,0.5722,0,0.0,20,0,100.0
mech_md50_ppon_r20,mechanism_sweep,3603,control,3,4,0.5341,0,0.3326,65,1,103.5
mech_md50_ppon_r20,mechanism_sweep,3603,control,4,3,0.7592,0,0.1169,66,5,133.0
mech_md50_ppon_r20,mechanism_sweep,3603,treatment,0,6,0.5638,0,0.3045,107,2,111.0
mech_md50_ppon_r20,mechanism_sweep,3603,treatment,1,2,0.5598,0,0.2725,39,0,89.0
mech_md50_ppon_r20,mechanism_sweep,3603,treatment,2,12,0.525,0,0.3386,193,7,86.25
mech_md50_ppon_r20,mechanism_sweep,3603,treatment,3,7,0.6142,0,0.2979,113,1,127.71
mech_md50_ppon_r20,mechanism_sweep,3603,treatment,4,17,0.479,0,0.309,224,13,113.15
mech_md50_ppon_r20,mechanism_sweep,3740,control,0,7,0.6382,0,0.3285,144,2,106.29
mech_md50_ppon_r20,mechanism_sweep,3740,control,1,6,0.5857,0,0.2611,106,2,100.33
mech_md50_ppon_r20,mechanism_sweep,3740,control,2,7,0.6935,0,0.2708,140,4,106.86
mech_md50_ppon_r20,mechanism_sweep,3740,control,3,3,0.7336,0,0.1772,63,0,133.0
mech_md50_ppon_r20,mechanism_sweep,3740,control,4,2,0.8129,0,0.2647,43,3,115.0
mech_md50_ppon_r20,mechanism_sweep,3740,treatment,0,9,0.6911,0,0.3304,168,8,131.72
mech_md50_ppon_r20,mechanism_sweep,3740,treatment,1,5,0.5686,0,0.2681,88,0,83.2
mech_md50_ppon_r20,mechanism_sweep,3740,treatment,2,1,0.7979,0,0.0,24,1,181.0
mech_md50_ppon_r20,mechanism_sweep,3740,treatment,3,2,0.6333,0,0.3446,28,0,133.5
mech_md50_ppon_r20,mechanism_sweep,3740,treatment,4,2,0.6829,0,0.2215,35,0,118.5
mech_md50_ppon_r20,mechanism_sweep,3877,control,0,5,0.6874,0,0.2605,103,2,97.0
mech_md50_ppon_r20,mechanism_sweep,3877,control,1,3,0.7159,0,0.1595,65,2,135.33
mech_md50_ppon_r20,mechanism_sweep,3877,control,2,3,0.6671,0,0.1778,60,3,132.0
mech_md50_ppon_r20,mechanism_sweep,3877,control,3,9,0.4727,0,0.1487,123,14,110.0
mech_md50_ppon_r20,mechanism_sweep,3877,control,4,3,0.4268,0,0.1318,41,2,109.0
mech_md50_ppon_r20,mechanism_sweep,3877,treatment,0,7,0.637,0,0.3162,133,3,133.29
mech_md50_ppon_r20,mechanism_sweep,3877,treatment,1,4,0.5517,0,0.3184,68,1,118.25
mech_md50_ppon_r20,mechanism_sweep,3877,treatment,2,3,0.5691,0,0.2822,56,0,108.33
mech_md50_ppon_r20,mechanism_sweep,3877,treatment,3,1,0.7062,0,0.0,17,0,125.0
mech_md50_ppon_r20,mechanism_sweep,3877,treatment,4,1,0.6862,0,0.0,17,0,85.0
mech_md50_ppon_r20,mechanism_sweep,4014,control,0,8,0.709,0,0.2891,170,7,107.88
mech_md50_ppon_r20,mechanism_sweep,4014,control,1,9,0.6016,0,0.2537,166,6,108.44
mech_md50_ppon_r20,mechanism_sweep,4014,control,2,8,0.5814,0,0.2115,143,5,112.0
mech_md50_ppon_r20,mechanism_sweep,4014,control,3,50,0.474,0,0.2292,666,81,111.56
mech_md50_ppon_r20,mechanism_sweep,4014,control,4,12,0.5621,0,0.1733,196,13,119.67
mech_md50_ppon_r20,mechanism_sweep,4014,treatment,0,8,0.663,0,0.3104,146,2,106.94
mech_md50_ppon_r20,mechanism_sweep,4014,treatment,1,6,0.675,0,0.3559,111,5,87.33
mech_md50_ppon_r20,mechanism_sweep,4014,treatment,2,1,0.7015,0,0.0,21,0,150.0
mech_md50_ppon_r20,mechanism_sweep,4014,treatment,3,5,0.5496,0,0.237,80,5,114.0
mech_md50_ppon_r20,mechanism_sweep,4014,treatment,4,0,0,0,0,0,0,0
mech_md50_ppon_r20,mechanism_sweep,4151,control,0,3,0.5273,0,0.301,49,3,124.67
mech_md50_ppon_r20,mechanism_sweep,4151,control,1,5,0.6562,0,0.3512,102,2,104.0
mech_md50_ppon_r20,mechanism_sweep,4151,control,2,0,0,0,0,0,0,0
mech_md50_ppon_r20,mechanism_sweep,4151,control,3,2,0.7289,0,0.246,41,1,103.5
mech_md50_ppon_r20,mechanism_sweep,4151,control,4,2,0.6521,0,0.2304,37,2,101.0
mech_md50_ppon_r20,mechanism_sweep,4151,treatment,0,11,0.6013,0,0.3116,210,4,111.36
mech_md50_ppon_r20,mechanism_sweep,4151,treatment,1,5,0.5846,0,0.3307,83,0,95.9
mech_md50_ppon_r20,mechanism_sweep,4151,treatment,2,2,0.6377,0,0.4122,38,0,115.5
mech_md50_ppon_r20,mechanism_sweep,4151,treatment,3,1,0.5831,0,0.0,21,0,152.0
mech_md50_ppon_r20,mechanism_sweep,4151,treatment,4,3,0.726,0,0.0872,52,2,106.67
mech_md50_ppon_r20,mechanism_sweep,4288,control,0,2,0.6489,0,0.2362,44,1,146.5
mech_md50_ppon_r20,mechanism_sweep,4288,control,1,10,0.6308,0,0.2887,194,12,125.4
mech_md50_ppon_r20,mechanism_sweep,4288,control,2,7,0.5762,0,0.2774,135,1,109.57
mech_md50_ppon_r20,mechanism_sweep,4288,control,3,6,0.6408,0,0.3137,111,2,98.33
mech_md50_ppon_r20,mechanism_sweep,4288,control,4,6,0.6362,0,0.3221,113,0,125.83
mech_md50_ppon_r20,mechanism_sweep,4288,treatment,0,10,0.6438,0,0.3161,191,5,130.6
mech_md50_ppon_r20,mechanism_sweep,4288,treatment,1,7,0.6864,0,0.2646,133,8,113.86
mech_md50_ppon_r20,mechanism_sweep,4288,treatment,2,8,0.6452,0,0.2036,144,4,102.44
mech_md50_ppon_r20,mechanism_sweep,4288,treatment,3,9,0.6749,0,0.1474,177,0,113.89
mech_md50_ppon_r20,mechanism_sweep,4288,treatment,4,4,0.7599,0,0.1717,81,5,115.75
mech_md50_ppon_r20,mechanism_sweep,4425,control,0,8,0.537,0,0.2318,137,10,108.12
mech_md50_ppon_r20,mechanism_sweep,4425,control,1,1,0.6079,0,0.0,20,0,93.0
mech_md50_ppon_r20,mechanism_sweep,4425,control,2,6,0.599,0,0.246,117,2,110.33
mech_md50_ppon_r20,mechanism_sweep,4425,control,3,2,0.6691,0,0.2327,43,1,141.0
mech_md50_ppon_r20,mechanism_sweep,4425,control,4,13,0.5058,0,0.2041,194,10,111.54
mech_md50_ppon_r20,mechanism_sweep,4425,treatment,0,9,0.5598,0,0.3085,151,1,123.0
mech_md50_ppon_r20,mechanism_sweep,4425,treatment,1,4,0.6755,0,0.2584,83,2,94.5
mech_md50_ppon_r20,mechanism_sweep,4425,treatment,2,6,0.6254,0,0.2731,106,2,127.5
mech_md50_ppon_r20,mechanism_sweep,4425,treatment,3,6,0.6986,0,0.1592,114,2,141.75
mech_md50_ppon_r20,mechanism_sweep,4425,treatment,4,19,0.6312,0,0.1973,305,13,93.58
mech_md50_ppon_r20,mechanism_sweep,4562,control,0,4,0.6126,0,0.3073,72,1,86.25
mech_md50_ppon_r20,mechanism_sweep,4562,control,1,1,0.7627,0,0.0,22,1,127.0
mech_md50_ppon_r20,mechanism_sweep,4562,control,2,3,0.7053,0,0.1822,72,2,79.33
mech_md50_ppon_r20,mechanism_sweep,4562,control,3,2,0.5706,0,0.2223,38,0,91.5
mech_md50_ppon_r20,mechanism_sweep,4562,control,4,0,0,0,0,0,0,0
mech_md50_ppon_r20,mechanism_sweep,4562,treatment,0,12,0.595,0,0.3008,237,4,106.5
mech_md50_ppon_r20,mechanism_sweep,4562,treatment,1,6,0.6157,0,0.238,113,0,106.75
mech_md50_ppon_r20,mechanism_sweep,4562,treatment,2,8,0.6044,0,0.3057,128,1,116.75
mech_md50_ppon_r20,mechanism_sweep,4562,treatment,3,15,0.6131,0,0.2286,229,4,111.4
mech_md50_ppon_r20,mechanism_sweep,4562,treatment,4,10,0.6985,0,0.2395,190,1,115.45
mech_md50_ppon_r20,mechanism_sweep,4699,control,0,4,0.6815,0,0.2958,79,4,114.75
mech_md50_ppon_r20,mechanism_sweep,4699,control,1,6,0.6021,0,0.2416,117,4,92.33
mech_md50_ppon_r20,mechanism_sweep,4699,control,2,1,0.7476,0,0.0,21,1,105.0
mech_md50_ppon_r20,mechanism_sweep,4699,control,3,1,0.6688,0,0.0,18,1,13.0
mech_md50_ppon_r20,mechanism_sweep,4699,control,4,7,0.4816,0,0.1842,83,4,112.71
mech_md50_ppon_r20,mechanism_sweep,4699,treatment,0,21,0.5869,0,0.2917,367,10,95.07
mech_md50_ppon_r20,mechanism_sweep,4699,treatment,1,35,0.5001,0,0.2477,418,25,101.97
mech_md50_ppon_r20,mechanism_sweep,4699,treatment,2,16,0.6448,0,0.2208,247,15,116.12
mech_md50_ppon_r20,mechanism_sweep,4699,treatment,3,19,0.5825,0,0.2623,259,11,111.16
mech_md50_ppon_r20,mechanism_sweep,4699,treatment,4,15,0.6462,0,0.259,233,17,117.8
mech_md50_ppon_r20,mechanism_sweep,4836,control,0,4,0.6456,0,0.3319,83,1,121.75
mech_md50_ppon_r20,mechanism_sweep,4836,control,1,10,0.4659,0,0.27,126,13,111.4
mech_md50_ppon_r20,mechanism_sweep,4836,control,2,2,0.7361,0,0.1719,43,1,113.0
mech_md50_ppon_r20,mechanism_sweep,4836,control,3,0,0,0,0,0,0,0
mech_md50_ppon_r20,mechanism_sweep,4836,control,4,1,0.6983,0,0.0,21,1,110.0
mech_md50_ppon_r20,mechanism_sweep,4836,treatment,0,6,0.579,0,0.2739,104,1,112.42
mech_md50_ppon_r20,mechanism_sweep,4836,treatment,1,17,0.6257,0,0.3133,324,6,100.12
mech_md50_ppon_r20,mechanism_sweep,4836,treatment,2,11,0.604,0,0.31,186,4,110.45
mech_md50_ppon_r20,mechanism_sweep,4836,treatment,3,6,0.6127,0,0.3078,115,0,117.25
mech_md50_ppon_r20,mechanism_sweep,4836,treatment,4,10,0.5596,0,0.2676,141,4,110.3
mech_md50_ppon_r20,mechanism_sweep,4973,control,0,6,0.5955,0,0.2554,116,1,96.33
mech_md50_ppon_r20,mechanism_sweep,4973,control,1,8,0.6328,0,0.2475,155,8,116.12
mech_md50_ppon_r20,mechanism_sweep,4973,control,2,23,0.4138,0,0.2453,251,19,98.09
mech_md50_ppon_r20,mechanism_sweep,4973,control,3,4,0.5774,0,0.1927,68,2,76.75
mech_md50_ppon_r20,mechanism_sweep,4973,control,4,9,0.569,0,0.2373,144,12,112.0
mech_md50_ppon_r20,mechanism_sweep,4973,treatment,0,12,0.6008,0,0.2988,231,4,100.71
mech_md50_ppon_r20,mechanism_sweep,4973,treatment,1,4,0.639,0,0.2121,69,0,110.38
mech_md50_ppon_r20,mechanism_sweep,4973,treatment,2,17,0.5756,0,0.2658,316,11,106.91
mech_md50_ppon_r20,mechanism_sweep,4973,treatment,3,32,0.5039,0,0.2698,439,41,103.28
mech_md50_ppon_r20,mechanism_sweep,4973,treatment,4,14,0.5839,0,0.2285,229,8,119.79
mech_md50_ppon_r30,mechanism_sweep,1000,control,0,2,0.6167,0,0.2905,36,0,99.5
mech_md50_ppon_r30,mechanism_sweep,1000,control,1,0,0,0,0,0,0,0
mech_md50_ppon_r30,mechanism_sweep,1000,control,2,4,0.6569,0,0.2604,92,0,117.0
mech_md50_ppon_r30,mechanism_sweep,1000,control,3,1,0.6501,0,0.0,22,1,101.0
mech_md50_ppon_r30,mechanism_sweep,1000,control,4,5,0.6024,0,0.1985,92,5,105.0
mech_md50_ppon_r30,mechanism_sweep,1000,treatment,0,15,0.5985,0,0.3162,240,6,111.93
mech_md50_ppon_r30,mechanism_sweep,1000,treatment,1,15,0.6055,0,0.318,239,9,105.43
mech_md50_ppon_r30,mechanism_sweep,1000,treatment,2,23,0.5091,0,0.3092,307,23,103.61
mech_md50_ppon_r30,mechanism_sweep,1000,treatment,3,24,0.4324,0,0.3021,267,18,119.02
mech_md50_ppon_r30,mechanism_sweep,1000,treatment,4,7,0.6272,0,0.3474,112,4,104.93
mech_md50_ppon_r30,mechanism_sweep,1137,control,0,4,0.6478,0,0.3082,83,1,124.0
mech_md50_ppon_r30,mechanism_sweep,1137,control,1,8,0.6582,0,0.2846,162,3,109.62
mech_md50_ppon_r30,mechanism_sweep,1137,control,2,2,0.7375,0,0.2362,43,1,119.5
mech_md50_ppon_r30,mechanism_sweep,1137,control,3,2,0.6401,0,0.2271,42,0,148.5
mech_md50_ppon_r30,mechanism_sweep,1137,control,4,2,0.654,0,0.1709,41,1,105.0
mech_md50_ppon_r30,mechanism_sweep,1137,treatment,0,9,0.6115,0,0.3029,162,2,112.33
mech_md50_ppon_r30,mechanism_sweep,1137,treatment,1,8,0.6094,0,0.3288,139,1,97.25
mech_md50_ppon_r30,mechanism_sweep,1137,treatment,2,12,0.5854,0,0.2777,180,6,90.79
mech_md50_ppon_r30,mechanism_sweep,1137,treatment,3,11,0.6865,0,0.2903,208,2,120.73
mech_md50_ppon_r30,mechanism_sweep,1137,treatment,4,22,0.6917,0,0.2034,392,21,111.75
mech_md50_ppon_r30,mechanism_sweep,1274,control,0,3,0.6672,0,0.2438,56,2,71.67
mech_md50_ppon_r30,mechanism_sweep,1274,control,1,1,0.7799,0,0.0,20,1,103.0
mech_md50_ppon_r30,mechanism_sweep,1274,control,2,3,0.4704,0,0.2325,45,1,105.0
mech_md50_ppon_r30,mechanism_sweep,1274,control,3,5,0.6158,0,0.1527,79,2,106.0
mech_md50_ppon_r30,mechanism_sweep,1274,control,4,0,0,0,0,0,0,0
mech_md50_ppon_r30,mechanism_sweep,1274,treatment,0,8,0.5976,0,0.2701,132,2,118.0
mech_md50_ppon_r30,mechanism_sweep,1274,treatment,1,16,0.5628,0,0.2256,231,8,119.09
mech_md50_ppon_r30,mechanism_sweep,1274,treatment,2,12,0.6835,0,0.1989,222,9,125.79
mech_md50_ppon_r30,mechanism_sweep,1274,treatment,3,25,0.5972,0,0.1431,381,23,123.92
mech_md50_ppon_r30,mechanism_sweep,1274,treatment,4,14,0.5561,0,0.1238,189,15,118.93
mech_md50_ppon_r30,mechanism_sweep,1411,control,0,5,0.6328,0,0.3204,96,1,82.4
mech_md50_ppon_r30,mechanism_sweep,1411,control,1,4,0.6779,0,0.3459,81,0,100.25
mech_md50_ppon_r30,mechanism_sweep,1411,control,2,1,0.6305,0,0.0,21,0,115.0
mech_md50_ppon_r30,mechanism_sweep,1411,control,3,0,0,0,0,0,0,0
mech_md50_ppon_r30,mechanism_sweep,1411,control,4,1,0.6073,0,0.0,14,0,94.0
mech_md50_ppon_r30,mechanism_sweep,1411,treatment,0,10,0.63,0,0.3099,187,3,103.3
mech_md50_ppon_r30,mechanism_sweep,1411,treatment,1,8,0.5913,0,0.2382,144,1,99.94
mech_md50_ppon_r30,mechanism_sweep,1411,treatment,2,8,0.6232,0,0.2915,139,4,98.94
mech_md50_ppon_r30,mechanism_sweep,1411,treatment,3,9,0.6212,0,0.2768,152,4,111.89
mech_md50_ppon_r30,mechanism_sweep,1411,treatment,4,5,0.5292,0,0.2486,85,0,100.8
mech_md50_ppon_r30,mechanism_sweep,1548,control,0,3,0.653,0,0.2709,66,3,82.0
mech_md50_ppon_r30,mechanism_sweep,1548,control,1,4,0.61,0,0.2659,77,2,112.5
mech_md50_ppon_r30,mechanism_sweep,1548,control,2,1,0.6196,0,0.0,21,0,163.0
mech_md50_ppon_r30,mechanism_sweep,1548,control,3,2,0.6123,0,0.2969,38,0,91.5
mech_md50_ppon_r30,mechanism_sweep,1548,control,4,1,0.6597,0,0.0,20,0,90.0
mech_md50_ppon_r30,mechanism_sweep,1548,treatment,0,15,0.6226,0,0.2921,280,2,117.83
mech_md50_ppon_r30,mechanism_sweep,1548,treatment,1,12,0.6884,0,0.3007,236,3,136.08
mech_md50_ppon_r30,mechanism_sweep,1548,treatment,2,11,0.6645,0,0.3095,208,3,116.18
mech_md50_ppon_r30,mechanism_sweep,1548,treatment,3,12,0.6412,0,0.2622,208,0,127.38
mech_md50_ppon_r30,mechanism_sweep,1548,treatment,4,19,0.6335,0,0.2677,323,10,116.05
mech_md50_ppon_r30,mechanism_sweep,1685,control,0,9,0.5849,0,0.2611,161,13,94.44
mech_md50_ppon_r30,mechanism_sweep,1685,control,1,8,0.52,0,0.2823,122,10,112.38
mech_md50_ppon_r30,mechanism_sweep,1685,control,2,3,0.6404,0,0.2859,61,4,104.0
mech_md50_ppon_r30,mechanism_sweep,1685,control,3,22,0.5234,0,0.2203,320,30,113.59
mech_md50_ppon_r30,mechanism_sweep,1685,control,4,2,0.6221,0,0.0329,42,2,110.0
mech_md50_ppon_r30,mechanism_sweep,1685,treatment,0,18,0.5605,0,0.3186,268,14,103.0
mech_md50_ppon_r30,mechanism_sweep,1685,treatment,1,19,0.551,0,0.2316,268,16,116.32
mech_md50_ppon_r30,mechanism_sweep,1685,treatment,2,14,0.5632,0,0.2766,205,7,103.89
mech_md50_ppon_r30,mechanism_sweep,1685,treatment,3,13,0.5949,0,0.2663,211,9,97.12
mech_md50_ppon_r30,mechanism_sweep,1685,treatment,4,20,0.5338,0,0.2339,264,12,122.98
mech_md50_ppon_r30,mechanism_sweep,1822,control,0,6,0.4931,0,0.3026,86,7,93.33
mech_md50_ppon_r30,mechanism_sweep,1822,control,1,4,0.514,0,0.2768,69,0,91.25
mech_md50_ppon_r30,mechanism_sweep,1822,control,2,1,0.5299,0,0.0,20,0,39.0
mech_md50_ppon_r30,mechanism_sweep,1822,control,3,2,0.4952,0,0.1168,31,2,106.5
mech_md50_ppon_r30,mechanism_sweep,1822,control,4,1,0.5699,0,0.0,37,0,119.0
mech_md50_ppon_r30,mechanism_sweep,1822,treatment,0,15,0.6063,0,0.3248,272,9,107.47
mech_md50_ppon_r30,mechanism_sweep,1822,treatment,1,17,0.5505,0,0.2706,225,13,109.47
mech_md50_ppon_r30,mechanism_sweep,1822,treatment,2,5,0.5914,0,0.242,80,1,107.8
mech_md50_ppon_r30,mechanism_sweep,1822,treatment,3,14,0.5436,0,0.2581,169,5,110.57
mech_md50_ppon_r30,mechanism_sweep,1822,treatment,4,6,0.4846,0,0.2121,68,1,93.5
mech_md50_ppon_r30,mechanism_sweep,1959,control,0,6,0.6941,0,0.3686,121,2,117.0
mech_md50_ppon_r30,mechanism_sweep,1959,control,1,6,0.6827,0,0.3155,128,4,92.5
mech_md50_ppon_r30,mechanism_sweep,1959,control,2,5,0.6241,0,0.2926,86,2,110.6
mech_md50_ppon_r30,mechanism_sweep,1959,control,3,15,0.4911,0,0.1667,172,13,107.2
mech_md50_ppon_r30,mechanism_sweep,1959,control,4,10,0.5294,0,0.1686,135,4,117.8
mech_md50_ppon_r30,mechanism_sweep,1959,treatment,0,15,0.633,0,0.3184,268,4,109.37
mech_md50_ppon_r30,mechanism_sweep,1959,treatment,1,17,0.635,0,0.3041,297,11,105.62
mech_md50_ppon_r30,mechanism_sweep,1959,treatment,2,18,0.4754,0,0.2298,217,13,113.11
mech_md50_ppon_r30,mechanism_sweep,1959,treatment,3,10,0.518,0,0.2617,142,1,107.95
mech_md50_ppon_r30,mechanism_sweep,1959,treatment,4,5,0.6092,0,0.2351,75,4,98.4
mech_md50_ppon_r30,mechanism_sweep,2096,control,0,6,0.646,0,0.312,119,2,121.0
mech_md50_ppon_r30,mechanism_sweep,2096,control,1,2,0.5221,0,0.2258,32,0,116.5
mech_md50_ppon_r30,mechanism_sweep,2096,control,2,4,0.6416,0,0.2455,81,2,108.5
mech_md50_ppon_r30,mechanism_sweep,2096,control,3,1,0.7051,0,0.0,41,1,60.0
mech_md50_ppon_r30,mechanism_sweep,2096,control,4,3,0.5813,0,0.3595,60,1,61.0
mech_md50_ppon_r30,mechanism_sweep,2096,treatment,0,10,0.5372,0,0.2996,152,4,93.1
mech_md50_ppon_r30,mechanism_sweep,2096,treatment,1,10,0.5794,0,0.2892,163,4,99.85
mech_md50_ppon_r30,mechanism_sweep,2096,treatment,2,10,0.639,0,0.2578,167,8,103.2
mech_md50_ppon_r30,mechanism_sweep,2096,treatment,3,14,0.6491,0,0.2475,250,6,109.21
mech_md50_ppon_r30,mechanism_sweep,2096,treatment,4,28,0.6067,0,0.2038,454,26,121.96
mech_md50_ppon_r30,mechanism_sweep,2233,control,0,3,0.7385,0,0.3217,65,4,115.0
mech_md50_ppon_r30,mechanism_sweep,2233,control,1,0,0,0,0,0,0,0
mech_md50_ppon_r30,mechanism_sweep,2233,control,2,2,0.569,0,0.3142,36,0,108.5
mech_md50_ppon_r30,mechanism_sweep,2233,control,3,9,0.4806,0,0.0825,92,11,93.67
mech_md50_ppon_r30,mechanism_sweep,2233,control,4,11,0.529,0,0.2327,124,7,92.18
mech_md50_ppon_r30,mechanism_sweep,2233,treatment,0,10,0.5736,0,0.2853,177,4,105.15
mech_md50_ppon_r30,mechanism_sweep,2233,treatment,1,14,0.5422,0,0.2616,216,9,120.07
mech_md50_ppon_r30,mechanism_sweep,2233,treatment,2,3,0.6333,0,0.2998,51,1,83.33
mech_md50_ppon_r30,mechanism_sweep,2233,treatment,3,15,0.463,0,0.2188,183,15,114.37
mech_md50_ppon_r30,mechanism_sweep,2233,treatment,4,13,0.5304,0,0.2189,177,15,98.46
mech_md50_ppon_r30,mechanism_sweep,2370,control,0,6,0.6315,0,0.3552,116,3,105.33
mech_md50_ppon_r30,mechanism_sweep,2370,control,1,10,0.5958,0,0.312,183,7,87.7
mech_md50_ppon_r30,mechanism_sweep,2370,control,2,10,0.562,0,0.263,161,9,96.5
mech_md50_ppon_r30,mechanism_sweep,2370,control,3,3,0.6465,0,0.2825,64,1,109.0
mech_md50_ppon_r30,mechanism_sweep,2370,control,4,6,0.5832,0,0.2273,120,2,87.33
mech_md50_ppon_r30,mechanism_sweep,2370,treatment,0,11,0.6563,0,0.3009,201,5,115.23
mech_md50_ppon_r30,mechanism_sweep,2370,treatment,1,6,0.5238,0,0.2869,87,4,93.25
mech_md50_ppon_r30,mechanism_sweep,2370,treatment,2,4,0.5464,0,0.3001,63,0,67.5
mech_md50_ppon_r30,mechanism_sweep,2370,treatment,3,8,0.6151,0,0.2475,129,1,117.5
mech_md50_ppon_r30,mechanism_sweep,2370,treatment,4,16,0.5901,0,0.2409,254,3,108.94
mech_md50_ppon_r30,mechanism_sweep,2507,control,0,3,0.6603,0,0.315,61,0,107.0
mech_md50_ppon_r30,mechanism_sweep,2507,control,1,4,0.7044,0,0.3092,86,2,139.5
mech_md50_ppon_r30,mechanism_sweep,2507,control,2,6,0.6326,0,0.3592,121,1,106.17
mech_md50_ppon_r30,mechanism_sweep,2507,control,3,8,0.6398,0,0.2785,162,1,100.75
mech_md50_ppon_r30,mechanism_sweep,2507,control,4,1,0.6721,0,0.0,20,0,100.0
mech_md50_ppon_r30,mechanism_sweep,2507,treatment,0,13,0.6001,0,0.288,224,7,123.54
mech_md50_ppon_r30,mechanism_sweep,2507,treatment,1,13,0.6252,0,0.3004,226,7,117.35
mech_md50_ppon_r30,mechanism_sweep,2507,treatment,2,12,0.6459,0,0.2502,213,3,110.25
mech_md50_ppon_r30,mechanism_sweep,2507,treatment,3,11,0.6816,0,0.2506,194,3,129.45
mech_md50_ppon_r30,mechanism_sweep,2507,treatment,4,13,0.6835,0,0.233,228,7,103.38
mech_md50_ppon_r30,mechanism_sweep,2644,control,0,2,0.629,0,0.2272,45,1,137.5
mech_md50_ppon_r30,mechanism_sweep,2644,control,1,3,0.6371,0,0.224,60,0,96.67
mech_md50_ppon_r30,mechanism_sweep,2644,control,2,1,0.7188,0,0.0,22,2,120.0
mech_md50_ppon_r30,mechanism_sweep,2644,control,3,2,0.5443,0,0.3107,38,0,76.0
mech_md50_ppon_r30,mechanism_sweep,2644,control,4,0,0,0,0,0,0,0
mech_md50_ppon_r30,mechanism_sweep,2644,treatment,0,6,0.5557,0,0.2506,106,2,116.58
mech_md50_ppon_r30,mechanism_sweep,2644,treatment,1,16,0.6052,0,0.2799,296,6,122.62
mech_md50_ppon_r30,mechanism_sweep,2644,treatment,2,8,0.5514,0,0.2369,120,6,122.5
mech_md50_ppon_r30,mechanism_sweep,2644,treatment,3,11,0.5922,0,0.1983,208,4,107.55
mech_md50_ppon_r30,mechanism_sweep,2644,treatment,4,5,0.68,0,0.1347,89,0,128.2
mech_md50_ppon_r30,mechanism_sweep,2781,control,0,7,0.636,0,0.2764,151,5,103.14
mech_md50_ppon_r30,mechanism_sweep,2781,control,1,8,0.632,0,0.2849,144,3,101.88
mech_md50_ppon_r30,mechanism_sweep,2781,control,2,1,0.8682,0,0.0,22,2,120.0
mech_md50_ppon_r30,mechanism_sweep,2781,control,3,3,0.6979,0,0.2621,62,1,112.33
mech_md50_ppon_r30,mechanism_sweep,2781,control,4,3,0.6628,0,0.3218,59,1,101.33
mech_md50_ppon_r30,mechanism_sweep,2781,treatment,0,9,0.6634,0,0.2912,161,6,96.78
mech_md50_ppon_r30,mechanism_sweep,2781,treatment,1,16,0.6434,0,0.2471,283,15,105.81
mech_md50_ppon_r30,mechanism_sweep,2781,treatment,2,7,0.6037,0,0.2519,115,0,80.86
mech_md50_ppon_r30,mechanism_sweep,2781,treatment,3,12,0.6657,0,0.2697,214,4,117.75
mech_md50_ppon_r30,mechanism_sweep,2781,treatment,4,32,0.5313,0,0.2507,434,31,110.53
mech_md50_ppon_r30,mechanism_sweep,2918,control,0,5,0.6191,0,0.3649,89,0,110.6
mech_md50_ppon_r30,mechanism_sweep,2918,control,1,6,0.5514,0,0.2627,98,4,120.67
mech_md50_ppon_r30,mechanism_sweep,2918,control,2,32,0.4556,0,0.1216,344,42,117.41
mech_md50_ppon_r30,mechanism_sweep,2918,control,3,16,0.3775,0,0.1803,153,17,112.44
mech_md50_ppon_r30,mechanism_sweep,2918,control,4,8,0.588,0,0.0966,117,9,118.0
mech_md50_ppon_r30,mechanism_sweep,2918,treatment,0,7,0.577,0,0.3224,118,1,130.86
mech_md50_ppon_r30,mechanism_sweep,2918,treatment,1,20,0.5143,0,0.2699,284,13,109.85
mech_md50_ppon_r30,mechanism_sweep,2918,treatment,2,8,0.5496,0,0.2659,114,1,98.75
mech_md50_ppon_r30,mechanism_sweep,2918,treatment,3,3,0.4919,0,0.2991,40,1,103.17
mech_md50_ppon_r30,mechanism_sweep,2918,treatment,4,8,0.6237,0,0.266,127,6,111.88
mech_md50_ppon_r30,mechanism_sweep,3055,control,0,7,0.6098,0,0.3416,143,0,107.14
mech_md50_ppon_r30,mechanism_sweep,3055,control,1,5,0.5451,0,0.2806,77,4,122.0
mech_md50_ppon_r30,mechanism_sweep,3055,control,2,0,0,0,0,0,0,0
mech_md50_ppon_r30,mechanism_sweep,3055,control,3,11,0.4894,0,0.267,157,4,102.73
mech_md50_ppon_r30,mechanism_sweep,3055,control,4,4,0.3841,0,0.2716,45,1,74.5
mech_md50_ppon_r30,mechanism_sweep,3055,treatment,0,13,0.6609,0,0.312,253,4,116.69
mech_md50_ppon_r30,mechanism_sweep,3055,treatment,1,19,0.6284,0,0.2952,336,9,104.71
mech_md50_ppon_r30,mechanism_sweep,3055,treatment,2,17,0.6722,0,0.296,326,4,124.82
mech_md50_ppon_r30,mechanism_sweep,3055,treatment,3,9,0.632,0,0.2379,161,2,122.22
mech_md50_ppon_r30,mechanism_sweep,3055,treatment,4,12,0.6818,0,0.212,228,1,116.96
mech_md50_ppon_r30,mechanism_sweep,3192,control,0,2,0.6292,0,0.2497,42,1,112.5
mech_md50_ppon_r30,mechanism_sweep,3192,control,1,4,0.649,0,0.2669,81,2,90.75
mech_md50_ppon_r30,mechanism_sweep,3192,control,2,0,0,0,0,0,0,0
mech_md50_ppon_r30,mechanism_sweep,3192,control,3,3,0.6468,0,0.3146,64,1,139.67
mech_md50_ppon_r30,mechanism_sweep,3192,control,4,4,0.5342,0,0.113,67,7,120.25
mech_md50_ppon_r30,mechanism_sweep,3192,treatment,0,4,0.587,0,0.3322,73,0,128.0
mech_md50_ppon_r30,mechanism_sweep,3192,treatment,1,14,0.5403,0,0.2654,213,14,93.71
mech_md50_ppon_r30,mechanism_sweep,3192,treatment,2,7,0.3805,0,0.2972,75,4,101.57
mech_md50_ppon_r30,mechanism_sweep,3192,treatment,3,1,0.6648,0,0.0,23,0,143.0
mech_md50_ppon_r30,mechanism_sweep,3192,treatment,4,2,0.6689,0,0.2696,41,0,96.5
mech_md50_ppon_r30,mechanism_sweep,3329,control,0,5,0.6206,0,0.355,110,0,103.8
mech_md50_ppon_r30,mechanism_sweep,3329,control,1,3,0.6509,0,0.3301,61,0,111.33
mech_md50_ppon_r30,mechanism_sweep,3329,control,2,4,0.6284,0,0.1994,83,4,120.5
mech_md50_ppon_r30,mechanism_sweep,3329,control,3,2,0.5919,0,0.2128,42,0,122.5
mech_md50_ppon_r30,mechanism_sweep,3329,control,4,1,0.6198,0,0.0,21,0,117.0
mech_md50_ppon_r30,mechanism_sweep,3329,treatment,0,11,0.6026,0,0.2956,188,2,121.45
mech_md50_ppon_r30,mechanism_sweep,3329,treatment,1,7,0.6706,0,0.3032,119,5,127.29
mech_md50_ppon_r30,mechanism_sweep,3329,treatment,2,17,0.5236,0,0.2804,215,19,112.53
mech_md50_ppon_r30,mechanism_sweep,3329,treatment,3,19,0.4861,0,0.2775,223,14,119.24
mech_md50_ppon_r30,mechanism_sweep,3329,treatment,4,10,0.6167,0,0.2267,134,8,122.4
mech_md50_ppon_r30,mechanism_sweep,3466,control,0,2,0.6487,0,0.3351,41,1,101.0
mech_md50_ppon_r30,mechanism_sweep,3466,control,1,14,0.5418,0,0.2512,216,17,101.93
mech_md50_ppon_r30,mechanism_sweep,3466,control,2,7,0.4855,0,0.2032,99,3,89.29
mech_md50_ppon_r30,mechanism_sweep,3466,control,3,27,0.4596,0,0.2371,345,36,86.96
mech_md50_ppon_r30,mechanism_sweep,3466,control,4,11,0.4468,0,0.1648,131,19,99.91
mech_md50_ppon_r30,mechanism_sweep,3466,treatment,0,7,0.6504,0,0.3149,127,3,138.57
mech_md50_ppon_r30,mechanism_sweep,3466,treatment,1,9,0.6093,0,0.2971,158,3,102.44
mech_md50_ppon_r30,mechanism_sweep,3466,treatment,2,12,0.5888,0,0.2914,198,6,137.83
mech_md50_ppon_r30,mechanism_sweep,3466,treatment,3,7,0.6372,0,0.2139,125,5,99.29
mech_md50_ppon_r30,mechanism_sweep,3466,treatment,4,12,0.5537,0,0.2178,180,9,114.42
mech_md50_ppon_r30,mechanism_sweep,3603,control,0,7,0.6289,0,0.3026,140,1,93.0
mech_md50_ppon_r30,mechanism_sweep,3603,control,1,2,0.7775,0,0.2689,43,4,91.0
mech_md50_ppon_r30,mechanism_sweep,3603,control,2,1,0.5722,0,0.0,20,0,100.0
mech_md50_ppon_r30,mechanism_sweep,3603,control,3,4,0.5341,0,0.3326,65,1,103.5
mech_md50_ppon_r30,mechanism_sweep,3603,control,4,3,0.7592,0,0.1169,66,5,133.0
mech_md50_ppon_r30,mechanism_sweep,3603,treatment,0,10,0.6292,0,0.2983,188,4,109.2
mech_md50_ppon_r30,mechanism_sweep,3603,treatment,1,20,0.6058,0,0.3115,339,15,100.4
mech_md50_ppon_r30,mechanism_sweep,3603,treatment,2,16,0.5736,0,0.321,246,4,100.03
mech_md50_ppon_r30,mechanism_sweep,3603,treatment,3,15,0.5744,0,0.3133,212,8,107.4
mech_md50_ppon_r30,mechanism_sweep,3603,treatment,4,22,0.5662,0,0.2981,318,14,120.41
mech_md50_ppon_r30,mechanism_sweep,3740,control,0,7,0.6382,0,0.3285,144,2,106.29
mech_md50_ppon_r30,mechanism_sweep,3740,control,1,6,0.5857,0,0.2611,106,2,100.33
mech_md50_ppon_r30,mechanism_sweep,3740,control,2,7,0.6935,0,0.2708,140,4,106.86
mech_md50_ppon_r30,mechanism_sweep,3740,control,3,3,0.7336,0,0.1772,63,0,133.0
mech_md50_ppon_r30,mechanism_sweep,3740,control,4,2,0.8129,0,0.2647,43,3,115.0
mech_md50_ppon_r30,mechanism_sweep,3740,treatment,0,9,0.6652,0,0.3304,166,5,94.22
mech_md50_ppon_r30,mechanism_sweep,3740,treatment,1,7,0.6509,0,0.3134,121,2,114.57
mech_md50_ppon_r30,mechanism_sweep,3740,treatment,2,9,0.6724,0,0.2827,167,3,109.28
mech_md50_ppon_r30,mechanism_sweep,3740,treatment,3,10,0.6695,0,0.2481,189,1,114.4
mech_md50_ppon_r30,mechanism_sweep,3740,treatment,4,14,0.6616,0,0.2395,242,1,115.0
mech_md50_ppon_r30,mechanism_sweep,3877,control,0,5,0.6874,0,0.2605,103,2,97.0
mech_md50_ppon_r30,mechanism_sweep,3877,control,1,3,0.7159,0,0.1595,65,2,135.33
mech_md50_ppon_r30,mechanism_sweep,3877,control,2,3,0.6671,0,0.1778,60,3,132.0
mech_md50_ppon_r30,mechanism_sweep,3877,control,3,9,0.4727,0,0.1487,123,14,110.0
mech_md50_ppon_r30,mechanism_sweep,3877,control,4,3,0.4268,0,0.1318,41,2,109.0
mech_md50_ppon_r30,mechanism_sweep,3877,treatment,0,6,0.5539,0,0.3154,101,1,111.17
mech_md50_ppon_r30,mechanism_sweep,3877,treatment,1,4,0.5856,0,0.287,74,1,114.12
mech_md50_ppon_r30,mechanism_sweep,3877,treatment,2,6,0.5837,0,0.2756,104,4,101.33
mech_md50_ppon_r30,mechanism_sweep,3877,treatment,3,5,0.6411,0,0.2848,92,2,116.2
mech_md50_ppon_r30,mechanism_sweep,3877,treatment,4,4,0.6614,0,0.3147,75,2,90.75
mech_md50_ppon_r30,mechanism_sweep,4014,control,0,8,0.709,0,0.2891,170,7,107.88
mech_md50_ppon_r30,mechanism_sweep,4014,control,1,9,0.6016,0,0.2537,166,6,108.44
mech_md50_ppon_r30,mechanism_sweep,4014,control,2,8,0.5814,0,0.2115,143,5,112.0
mech_md50_ppon_r30,mechanism_sweep,4014,control,3,50,0.474,0,0.2292,666,81,111.56
mech_md50_ppon_r30,mechanism_sweep,4014,control,4,12,0.5621,0,0.1733,196,13,119.67
mech_md50_ppon_r30,mechanism_sweep,4014,treatment,0,9,0.6192,0,0.2979,159,4,121.44
mech_md50_ppon_r30,mechanism_sweep,4014,treatment,1,8,0.654,0,0.2179,149,5,97.0
mech_md50_ppon_r30,mechanism_sweep,4014,treatment,2,4,0.6362,0,0.2436,73,1,91.25
mech_md50_ppon_r30,mechanism_sweep,4014,treatment,3,10,0.62,0,0.2752,177,1,115.4
mech_md50_ppon_r30,mechanism_sweep,4014,treatment,4,6,0.6446,0,0.2001,104,1,136.33
mech_md50_ppon_r30,mechanism_sweep,4151,control,0,3,0.5273,0,0.301,49,3,124.67
mech_md50_ppon_r30,mechanism_sweep,4151,control,1,5,0.6562,0,0.3512,102,2,104.0
mech_md50_ppon_r30,mechanism_sweep,4151,control,2,0,0,0,0,0,0,0
mech_md50_ppon_r30,mechanism_sweep,4151,control,3,2,0.7289,0,0.246,41,1,103.5
mech_md50_ppon_r30,mechanism_sweep,4151,control,4,2,0.6521,0,0.2304,37,2,101.0
mech_md50_ppon_r30,mechanism_sweep,4151,treatment,0,20,0.5695,0,0.2947,323,19,129.43
mech_md50_ppon_r30,mechanism_sweep,4151,treatment,1,24,0.5348,0,0.2534,343,16,111.27
mech_md50_ppon_r30,mechanism_sweep,4151,treatment,2,24,0.5367,0,0.232,344,17,112.9
mech_md50_ppon_r30,mechanism_sweep,4151,treatment,3,20,0.6311,0,0.1837,327,9,114.8
mech_md50_ppon_r30,mechanism_sweep,4151,treatment,4,16,0.5994,0,0.1789,245,8,100.91
mech_md50_ppon_r30,mechanism_sweep,4288,control,0,2,0.6489,0,0.2362,44,1,146.5
mech_md50_ppon_r30,mechanism_sweep,4288,control,1,10,0.6308,0,0.2887,194,12,125.4
mech_md50_ppon_r30,mechanism_sweep,4288,control,2,7,0.5762,0,0.2774,135,1,109.57
mech_md50_ppon_r30,mechanism_sweep,4288,control,3,6,0.6408,0,0.3137,111,2,98.33
mech_md50_ppon_r30,mechanism_sweep,4288,control,4,6,0.6362,0,0.3221,113,0,125.83
mech_md50_ppon_r30,mechanism_sweep,4288,treatment,0,6,0.6305,0,0.3486,121,1,117.42
mech_md50_ppon_r30,mechanism_sweep,4288,treatment,1,9,0.6406,0,0.3237,167,2,113.22
mech_md50_ppon_r30,mechanism_sweep,4288,treatment,2,2,0.6343,0,0.5242,36,1,56.75
mech_md50_ppon_r30,mechanism_sweep,4288,treatment,3,3,0.7078,0,0.3518,61,2,91.67
mech_md50_ppon_r30,mechanism_sweep,4288,treatment,4,8,0.6482,0,0.2643,115,4,119.25
mech_md50_ppon_r30,mechanism_sweep,4425,control,0,8,0.537,0,0.2318,137,10,108.12
mech_md50_ppon_r30,mechanism_sweep,4425,control,1,1,0.6079,0,0.0,20,0,93.0
mech_md50_ppon_r30,mechanism_sweep,4425,control,2,6,0.599,0,0.246,117,2,110.33
mech_md50_ppon_r30,mechanism_sweep,4425,control,3,2,0.6691,0,0.2327,43,1,141.0
mech_md50_ppon_r30,mechanism_sweep,4425,control,4,13,0.5058,0,0.2041,194,10,111.54
mech_md50_ppon_r30,mechanism_sweep,4425,treatment,0,12,0.5874,0,0.304,207,1,128.25
mech_md50_ppon_r30,mechanism_sweep,4425,treatment,1,4,0.5716,0,0.3005,74,0,114.0
mech_md50_ppon_r30,mechanism_sweep,4425,treatment,2,5,0.4916,0,0.2413,64,0,131.3
mech_md50_ppon_r30,mechanism_sweep,4425,treatment,3,3,0.7058,0,0.2601,52,1,93.17
mech_md50_ppon_r30,mechanism_sweep,4425,treatment,4,1,0.6549,0,0.0,16,0,75.0
mech_md50_ppon_r30,mechanism_sweep,4562,control,0,4,0.6126,0,0.3073,72,1,86.25
mech_md50_ppon_r30,mechanism_sweep,4562,control,1,1,0.7627,0,0.0,22,1,127.0
mech_md50_ppon_r30,mechanism_sweep,4562,control,2,3,0.7053,0,0.1822,72,2,79.33
mech_md50_ppon_r30,mechanism_sweep,4562,control,3,2,0.5706,0,0.2223,38,0,91.5
mech_md50_ppon_r30,mechanism_sweep,4562,control,4,0,0,0,0,0,0,0
mech_md50_ppon_r30,mechanism_sweep,4562,treatment,0,13,0.5222,0,0.2518,201,8,116.73
mech_md50_ppon_r30,mechanism_sweep,4562,treatment,1,6,0.5859,0,0.3369,103,0,108.5
mech_md50_ppon_r30,mechanism_sweep,4562,treatment,2,5,0.4913,0,0.3416,63,1,89.2
mech_md50_ppon_r30,mechanism_sweep,4562,treatment,3,3,0.633,0,0.0889,45,0,107.33
mech_md50_ppon_r30,mechanism_sweep,4562,treatment,4,3,0.5327,0,0.3184,36,1,103.33
mech_md50_ppon_r30,mechanism_sweep,4699,control,0,4,0.6815,0,0.2958,79,4,114.75
mech_md50_ppon_r30,mechanism_sweep,4699,control,1,6,0.6021,0,0.2416,117,4,92.33
mech_md50_ppon_r30,mechanism_sweep,4699,control,2,1,0.7476,0,0.0,21,1,105.0
mech_md50_ppon_r30,mechanism_sweep,4699,control,3,1,0.6688,0,0.0,18,1,13.0
mech_md50_ppon_r30,mechanism_sweep,4699,control,4,7,0.4816,0,0.1842,83,4,112.71
mech_md50_ppon_r30,mechanism_sweep,4699,treatment,0,9,0.6012,0,0.2756,161,3,128.22
mech_md50_ppon_r30,mechanism_sweep,4699,treatment,1,9,0.6069,0,0.2907,144,3,120.44
mech_md50_ppon_r30,mechanism_sweep,4699,treatment,2,10,0.5845,0,0.2503,165,2,109.8
mech_md50_ppon_r30,mechanism_sweep,4699,treatment,3,15,0.5769,0,0.298,252,4,106.87
mech_md50_ppon_r30,mechanism_sweep,4699,treatment,4,8,0.6631,0,0.1872,145,0,126.0
mech_md50_ppon_r30,mechanism_sweep,4836,control,0,4,0.6456,0,0.3319,83,1,121.75
mech_md50_ppon_r30,mechanism_sweep,4836,control,1,10,0.4659,0,0.27,126,13,111.4
mech_md50_ppon_r30,mechanism_sweep,4836,control,2,2,0.7361,0,0.1719,43,1,113.0
mech_md50_ppon_r30,mechanism_sweep,4836,control,3,0,0,0,0,0,0,0
mech_md50_ppon_r30,mechanism_sweep,4836,control,4,1,0.6983,0,0.0,21,1,110.0
mech_md50_ppon_r30,mechanism_sweep,4836,treatment,0,23,0.5379,0,0.2983,353,11,110.3
mech_md50_ppon_r30,mechanism_sweep,4836,treatment,1,12,0.5864,0,0.2927,177,7,115.21
mech_md50_ppon_r30,mechanism_sweep,4836,treatment,2,19,0.6304,0,0.2994,302,11,116.87
mech_md50_ppon_r30,mechanism_sweep,4836,treatment,3,9,0.6204,0,0.3024,136,4,104.83
mech_md50_ppon_r30,mechanism_sweep,4836,treatment,4,5,0.6067,0,0.2548,81,0,111.8
mech_md50_ppon_r30,mechanism_sweep,4973,control,0,6,0.5955,0,0.2554,116,1,96.33
mech_md50_ppon_r30,mechanism_sweep,4973,control,1,8,0.6328,0,0.2475,155,8,116.12
mech_md50_ppon_r30,mechanism_sweep,4973,control,2,23,0.4138,0,0.2453,251,19,98.09
mech_md50_ppon_r30,mechanism_sweep,4973,control,3,4,0.5774,0,0.1927,68,2,76.75
mech_md50_ppon_r30,mechanism_sweep,4973,control,4,9,0.569,0,0.2373,144,12,112.0
mech_md50_ppon_r30,mechanism_sweep,4973,treatment,0,15,0.584,0,0.3248,250,4,107.73
mech_md50_ppon_r30,mechanism_sweep,4973,treatment,1,21,0.4521,0,0.2878,243,22,107.07
mech_md50_ppon_r30,mechanism_sweep,4973,treatment,2,10,0.5209,0,0.2692,134,5,126.95
mech_md50_ppon_r30,mechanism_sweep,4973,treatment,3,12,0.5259,0,0.3105,161,1,99.42
mech_md50_ppon_r30,mechanism_sweep,4973,treatment,4,11,0.5424,0,0.2698,153,6,91.82
mech_md75_ppoff_r05,mechanism_sweep,1000,control,0,2,0.6167,0,0.2905,36,0,99.5
mech_md75_ppoff_r05,mechanism_sweep,1000,control,1,0,0,0,0,0,0,0
mech_md75_ppoff_r05,mechanism_sweep,1000,control,2,4,0.6569,0,0.2604,92,0,117.0
mech_md75_ppoff_r05,mechanism_sweep,1000,control,3,1,0.6501,0,0.0,22,1,101.0
mech_md75_ppoff_r05,mechanism_sweep,1000,control,4,5,0.6024,0,0.1985,92,5,105.0
mech_md75_ppoff_r05,mechanism_sweep,1000,treatment,0,6,0.6629,0,0.3219,128,2,113.33
mech_md75_ppoff_r05,mechanism_sweep,1000,treatment,1,6,0.7155,0,0.3025,114,6,106.58
mech_md75_ppoff_r05,mechanism_sweep,1000,treatment,2,7,0.435,0,0.2663,78,3,82.57
mech_md75_ppoff_r05,mechanism_sweep,1000,treatment,3,3,0.6981,0,0.3646,58,1,98.33
mech_md75_ppoff_r05,mechanism_sweep,1000,treatment,4,2,0.7623,0,0.4058,41,1,104.5
mech_md75_ppoff_r05,mechanism_sweep,1137,control,0,4,0.6478,0,0.3082,83,1,124.0
mech_md75_ppoff_r05,mechanism_sweep,1137,control,1,8,0.6582,0,0.2846,162,3,109.62
mech_md75_ppoff_r05,mechanism_sweep,1137,control,2,2,0.7375,0,0.2362,43,1,119.5
mech_md75_ppoff_r05,mechanism_sweep,1137,control,3,2,0.6401,0,0.2271,42,0,148.5
mech_md75_ppoff_r05,mechanism_sweep,1137,control,4,2,0.654,0,0.1709,41,1,105.0
mech_md75_ppoff_r05,mechanism_sweep,1137,treatment,0,0,0,0,0,0,0,0
mech_md75_ppoff_r05,mechanism_sweep,1137,treatment,1,2,0.6646,0,0.456,39,0,129.0
mech_md75_ppoff_r05,mechanism_sweep,1137,treatment,2,4,0.7575,0,0.2903,82,3,96.38
mech_md75_ppoff_r05,mechanism_sweep,1137,treatment,3,3,0.7531,0,0.3233,63,2,123.33
mech_md75_ppoff_r05,mechanism_sweep,1137,treatment,4,1,0.598,0,0.0,20,0,100.0
mech_md75_ppoff_r05,mechanism_sweep,1274,control,0,3,0.6672,0,0.2438,56,2,71.67
mech_md75_ppoff_r05,mechanism_sweep,1274,control,1,1,0.7799,0,0.0,20,1,103.0
mech_md75_ppoff_r05,mechanism_sweep,1274,control,2,3,0.4704,0,0.2325,45,1,105.0
mech_md75_ppoff_r05,mechanism_sweep,1274,control,3,5,0.6158,0,0.1527,79,2,106.0
mech_md75_ppoff_r05,mechanism_sweep,1274,control,4,0,0,0,0,0,0,0
mech_md75_ppoff_r05,mechanism_sweep,1274,treatment,0,3,0.7631,0,0.235,65,4,113.0
mech_md75_ppoff_r05,mechanism_sweep,1274,treatment,1,0,0,0,0,0,0,0
mech_md75_ppoff_r05,mechanism_sweep,1274,treatment,2,4,0.6978,0,0.2434,80,2,79.25
mech_md75_ppoff_r05,mechanism_sweep,1274,treatment,3,2,0.6482,0,0.2822,41,0,127.0
mech_md75_ppoff_r05,mechanism_sweep,1274,treatment,4,1,0.699,0,0.0,20,0,100.0
mech_md75_ppoff_r05,mechanism_sweep,1411,control,0,5,0.6328,0,0.3204,96,1,82.4
mech_md75_ppoff_r05,mechanism_sweep,1411,control,1,4,0.6779,0,0.3459,81,0,100.25
mech_md75_ppoff_r05,mechanism_sweep,1411,control,2,1,0.6305,0,0.0,21,0,115.0
mech_md75_ppoff_r05,mechanism_sweep,1411,control,3,0,0,0,0,0,0,0
mech_md75_ppoff_r05,mechanism_sweep,1411,control,4,1,0.6073,0,0.0,14,0,94.0
mech_md75_ppoff_r05,mechanism_sweep,1411,treatment,0,2,0.6869,0,0.3267,39,0,66.5
mech_md75_ppoff_r05,mechanism_sweep,1411,treatment,1,4,0.7024,0,0.2675,86,2,127.75
mech_md75_ppoff_r05,mechanism_sweep,1411,treatment,2,3,0.7072,0,0.3528,61,2,90.0
mech_md75_ppoff_r05,mechanism_sweep,1411,treatment,3,5,0.6104,0,0.1876,86,6,123.2
mech_md75_ppoff_r05,mechanism_sweep,1411,treatment,4,5,0.6475,0,0.2266,92,3,132.0
mech_md75_ppoff_r05,mechanism_sweep,1548,control,0,3,0.653,0,0.2709,66,3,82.0
mech_md75_ppoff_r05,mechanism_sweep,1548,control,1,4,0.61,0,0.2659,77,2,112.5
mech_md75_ppoff_r05,mechanism_sweep,1548,control,2,1,0.6196,0,0.0,21,0,163.0
mech_md75_ppoff_r05,mechanism_sweep,1548,control,3,2,0.6123,0,0.2969,38,0,91.5
mech_md75_ppoff_r05,mechanism_sweep,1548,control,4,1,0.6597,0,0.0,20,0,90.0
mech_md75_ppoff_r05,mechanism_sweep,1548,treatment,0,7,0.6451,0,0.3063,136,7,118.0
mech_md75_ppoff_r05,mechanism_sweep,1548,treatment,1,4,0.6806,0,0.3934,85,2,101.75
mech_md75_ppoff_r05,mechanism_sweep,1548,treatment,2,8,0.5592,0,0.2666,139,8,73.56
mech_md75_ppoff_r05,mechanism_sweep,1548,treatment,3,8,0.5618,0,0.1995,119,7,107.12
mech_md75_ppoff_r05,mechanism_sweep,1548,treatment,4,73,0.4417,0,0.1873,751,107,107.75
mech_md75_ppoff_r05,mechanism_sweep,1685,control,0,9,0.5849,0,0.2611,161,13,94.44
mech_md75_ppoff_r05,mechanism_sweep,1685,control,1,8,0.52,0,0.2823,122,10,112.38
mech_md75_ppoff_r05,mechanism_sweep,1685,control,2,3,0.6404,0,0.2859,61,4,104.0
mech_md75_ppoff_r05,mechanism_sweep,1685,control,3,22,0.5234,0,0.2203,320,30,113.59
mech_md75_ppoff_r05,mechanism_sweep,1685,control,4,2,0.6221,0,0.0329,42,2,110.0
mech_md75_ppoff_r05,mechanism_sweep,1685,treatment,0,5,0.6073,0,0.3477,98,0,95.6
mech_md75_ppoff_r05,mechanism_sweep,1685,treatment,1,5,0.6523,0,0.3516,99,2,109.5
mech_md75_ppoff_r05,mechanism_sweep,1685,treatment,2,4,0.6905,0,0.3315,79,3,82.75
mech_md75_ppoff_r05,mechanism_sweep,1685,treatment,3,1,0.3713,0,0.0,10,0,107.0
mech_md75_ppoff_r05,mechanism_sweep,1685,treatment,4,0,0,0,0,0,0,0
mech_md75_ppoff_r05,mechanism_sweep,1822,control,0,6,0.4931,0,0.3026,86,7,93.33
mech_md75_ppoff_r05,mechanism_sweep,1822,control,1,4,0.514,0,0.2768,69,0,91.25
mech_md75_ppoff_r05,mechanism_sweep,1822,control,2,1,0.5299,0,0.0,20,0,39.0
mech_md75_ppoff_r05,mechanism_sweep,1822,control,3,2,0.4952,0,0.1168,31,2,106.5
mech_md75_ppoff_r05,mechanism_sweep,1822,control,4,1,0.5699,0,0.0,37,0,119.0
mech_md75_ppoff_r05,mechanism_sweep,1822,treatment,0,2,0.696,0,0.2615,41,6,52.5
mech_md75_ppoff_r05,mechanism_sweep,1822,treatment,1,2,0.552,0,0.2282,43,0,61.0
mech_md75_ppoff_r05,mechanism_sweep,1822,treatment,2,7,0.5311,0,0.2291,99,7,117.43
mech_md75_ppoff_r05,mechanism_sweep,1822,treatment,3,1,0.7426,0,0.0,19,0,118.0
mech_md75_ppoff_r05,mechanism_sweep,1822,treatment,4,1,0.75,0,0.0,19,0,141.0
mech_md75_ppoff_r05,mechanism_sweep,1959,control,0,6,0.6941,0,0.3686,121,2,117.0
mech_md75_ppoff_r05,mechanism_sweep,1959,control,1,6,0.6827,0,0.3155,128,4,92.5
mech_md75_ppoff_r05,mechanism_sweep,1959,control,2,5,0.6241,0,0.2926,86,2,110.6
mech_md75_ppoff_r05,mechanism_sweep,1959,control,3,15,0.4911,0,0.1667,172,13,107.2
mech_md75_ppoff_r05,mechanism_sweep,1959,control,4,10,0.5294,0,0.1686,135,4,117.8
mech_md75_ppoff_r05,mechanism_sweep,1959,treatment,0,8,0.6564,0,0.3389,154,4,110.75
mech_md75_ppoff_r05,mechanism_sweep,1959,treatment,1,3,0.564,0,0.1858,53,1,109.0
mech_md75_ppoff_r05,mechanism_sweep,1959,treatment,2,9,0.4182,0,0.1276,107,12,126.44
mech_md75_ppoff_r05,mechanism_sweep,1959,treatment,3,11,0.6081,0,0.2105,188,10,89.91
mech_md75_ppoff_r05,mechanism_sweep,1959,treatment,4,1,0.7039,0,0.0,20,0,120.0
mech_md75_ppoff_r05,mechanism_sweep,2096,control,0,6,0.646,0,0.312,119,2,121.0
mech_md75_ppoff_r05,mechanism_sweep,2096,control,1,2,0.5221,0,0.2258,32,0,116.5
mech_md75_ppoff_r05,mechanism_sweep,2096,control,2,4,0.6416,0,0.2455,81,2,108.5
mech_md75_ppoff_r05,mechanism_sweep,2096,control,3,1,0.7051,0,0.0,41,1,60.0
mech_md75_ppoff_r05,mechanism_sweep,2096,control,4,3,0.5813,0,0.3595,60,1,61.0
mech_md75_ppoff_r05,mechanism_sweep,2096,treatment,0,4,0.6631,0,0.3503,89,2,114.25
mech_md75_ppoff_r05,mechanism_sweep,2096,treatment,1,12,0.6118,0,0.2702,243,6,99.33
mech_md75_ppoff_r05,mechanism_sweep,2096,treatment,2,3,0.569,0,0.3542,62,0,109.67
mech_md75_ppoff_r05,mechanism_sweep,2096,treatment,3,1,0.5262,0,0.0,18,0,112.5
mech_md75_ppoff_r05,mechanism_sweep,2096,treatment,4,0,0,0,0,0,0,0
mech_md75_ppoff_r05,mechanism_sweep,2233,control,0,3,0.7385,0,0.3217,65,4,115.0
mech_md75_ppoff_r05,mechanism_sweep,2233,control,1,0,0,0,0,0,0,0
mech_md75_ppoff_r05,mechanism_sweep,2233,control,2,2,0.569,0,0.3142,36,0,108.5
mech_md75_ppoff_r05,mechanism_sweep,2233,control,3,9,0.4806,0,0.0825,92,11,93.67
mech_md75_ppoff_r05,mechanism_sweep,2233,control,4,11,0.529,0,0.2327,124,7,92.18
mech_md75_ppoff_r05,mechanism_sweep,2233,treatment,0,3,0.5909,0,0.2518,59,0,96.33
mech_md75_ppoff_r05,mechanism_sweep,2233,treatment,1,2,0.5907,0,0.2212,43,0,74.0
mech_md75_ppoff_r05,mechanism_sweep,2233,treatment,2,4,0.5378,0,0.3039,73,1,110.0
mech_md75_ppoff_r05,mechanism_sweep,2233,treatment,3,6,0.4809,0,0.2099,91,6,95.25
mech_md75_ppoff_r05,mechanism_sweep,2233,treatment,4,8,0.4352,0,0.2394,83,8,126.62
mech_md75_ppoff_r05,mechanism_sweep,2370,control,0,6,0.6315,0,0.3552,116,3,105.33
mech_md75_ppoff_r05,mechanism_sweep,2370,control,1,10,0.5958,0,0.312,183,7,87.7
mech_md75_ppoff_r05,mechanism_sweep,2370,control,2,10,0.562,0,0.263,161,9,96.5
mech_md75_ppoff_r05,mechanism_sweep,2370,control,3,3,0.6465,0,0.2825,64,1,109.0
mech_md75_ppoff_r05,mechanism_sweep,2370,control,4,6,0.5832,0,0.2273,120,2,87.33
mech_md75_ppoff_r05,mechanism_sweep,2370,treatment,0,4,0.6468,0,0.3553,83,1,110.5
mech_md75_ppoff_r05,mechanism_sweep,2370,treatment,1,8,0.6469,0,0.2249,145,6,105.69
mech_md75_ppoff_r05,mechanism_sweep,2370,treatment,2,32,0.4209,0,0.2722,343,30,93.75
mech_md75_ppoff_r05,mechanism_sweep,2370,treatment,3,8,0.6328,0,0.2863,152,7,110.88
mech_md75_ppoff_r05,mechanism_sweep,2370,treatment,4,4,0.6813,0,0.2797,70,6,85.38
mech_md75_ppoff_r05,mechanism_sweep,2507,control,0,3,0.6603,0,0.315,61,0,107.0
mech_md75_ppoff_r05,mechanism_sweep,2507,control,1,4,0.7044,0,0.3092,86,2,139.5
mech_md75_ppoff_r05,mechanism_sweep,2507,control,2,6,0.6326,0,0.3592,121,1,106.17
mech_md75_ppoff_r05,mechanism_sweep,2507,control,3,8,0.6398,0,0.2785,162,1,100.75
mech_md75_ppoff_r05,mechanism_sweep,2507,control,4,1,0.6721,0,0.0,20,0,100.0
mech_md75_ppoff_r05,mechanism_sweep,2507,treatment,0,6,0.6531,0,0.3557,124,1,124.83
mech_md75_ppoff_r05,mechanism_sweep,2507,treatment,1,4,0.5719,0,0.3051,72,1,103.0
mech_md75_ppoff_r05,mechanism_sweep,2507,treatment,2,5,0.6051,0,0.2916,94,1,94.0
mech_md75_ppoff_r05,mechanism_sweep,2507,treatment,3,6,0.4736,0,0.1364,84,6,98.17
mech_md75_ppoff_r05,mechanism_sweep,2507,treatment,4,4,0.6424,0,0.1682,69,7,65.5
mech_md75_ppoff_r05,mechanism_sweep,2644,control,0,2,0.629,0,0.2272,45,1,137.5
mech_md75_ppoff_r05,mechanism_sweep,2644,control,1,3,0.6371,0,0.224,60,0,96.67
mech_md75_ppoff_r05,mechanism_sweep,2644,control,2,1,0.7188,0,0.0,22,2,120.0
mech_md75_ppoff_r05,mechanism_sweep,2644,control,3,2,0.5443,0,0.3107,38,0,76.0
mech_md75_ppoff_r05,mechanism_sweep,2644,control,4,0,0,0,0,0,0,0
mech_md75_ppoff_r05,mechanism_sweep,2644,treatment,0,7,0.5786,0,0.2488,124,3,96.29
mech_md75_ppoff_r05,mechanism_sweep,2644,treatment,1,4,0.7475,0,0.3365,82,3,95.0
mech_md75_ppoff_r05,mechanism_sweep,2644,treatment,2,6,0.5345,0,0.3129,90,3,82.5
mech_md75_ppoff_r05,mechanism_sweep,2644,treatment,3,3,0.6049,0,0.2771,46,2,101.83
mech_md75_ppoff_r05,mechanism_sweep,2644,treatment,4,0,0,0,0,0,0,0
mech_md75_ppoff_r05,mechanism_sweep,2781,control,0,7,0.636,0,0.2764,151,5,103.14
mech_md75_ppoff_r05,mechanism_sweep,2781,control,1,8,0.632,0,0.2849,144,3,101.88
mech_md75_ppoff_r05,mechanism_sweep,2781,control,2,1,0.8682,0,0.0,22,2,120.0
mech_md75_ppoff_r05,mechanism_sweep,2781,control,3,3,0.6979,0,0.2621,62,1,112.33
mech_md75_ppoff_r05,mechanism_sweep,2781,control,4,3,0.6628,0,0.3218,59,1,101.33
mech_md75_ppoff_r05,mechanism_sweep,2781,treatment,0,4,0.7713,0,0.3118,87,7,107.0
mech_md75_ppoff_r05,mechanism_sweep,2781,treatment,1,8,0.6483,0,0.2674,155,7,79.5
mech_md75_ppoff_r05,mechanism_sweep,2781,treatment,2,3,0.6821,0,0.2702,62,0,96.67
mech_md75_ppoff_r05,mechanism_sweep,2781,treatment,3,4,0.5891,0,0.2745,84,0,131.5
mech_md75_ppoff_r05,mechanism_sweep,2781,treatment,4,4,0.6536,0,0.2797,80,0,108.5
mech_md75_ppoff_r05,mechanism_sweep,2918,control,0,5,0.6191,0,0.3649,89,0,110.6
mech_md75_ppoff_r05,mechanism_sweep,2918,control,1,6,0.5514,0,0.2627,98,4,120.67
mech_md75_ppoff_r05,mechanism_sweep,2918,control,2,32,0.4556,0,0.1216,344,42,117.41
mech_md75_ppoff_r05,mechanism_sweep,2918,control,3,16,0.3775,0,0.1803,153,17,112.44
mech_md75_ppoff_r05,mechanism_sweep,2918,control,4,8,0.588,0,0.0966,117,9,118.0
mech_md75_ppoff_r05,mechanism_sweep,2918,treatment,0,4,0.6478,0,0.3177,81,1,104.12
mech_md75_ppoff_r05,mechanism_sweep,2918,treatment,1,2,0.5689,0,0.302,40,1,80.0
mech_md75_ppoff_r05,mechanism_sweep,2918,treatment,2,3,0.5352,0,0.1704,43,1,96.0
mech_md75_ppoff_r05,mechanism_sweep,2918,treatment,3,2,0.7264,0,0.263,40,0,109.5
mech_md75_ppoff_r05,mechanism_sweep,2918,treatment,4,6,0.6791,0,0.1034,101,11,123.17
mech_md75_ppoff_r05,mechanism_sweep,3055,control,0,7,0.6098,0,0.3416,143,0,107.14
mech_md75_ppoff_r05,mechanism_sweep,3055,control,1,5,0.5451,0,0.2806,77,4,122.0
mech_md75_ppoff_r05,mechanism_sweep,3055,control,2,0,0,0,0,0,0,0
mech_md75_ppoff_r05,mechanism_sweep,3055,control,3,11,0.4894,0,0.267,157,4,102.73
mech_md75_ppoff_r05,mechanism_sweep,3055,control,4,4,0.3841,0,0.2716,45,1,74.5
mech_md75_ppoff_r05,mechanism_sweep,3055,treatment,0,3,0.601,0,0.296,59,0,97.83
mech_md75_ppoff_r05,mechanism_sweep,3055,treatment,1,4,0.6359,0,0.2673,79,0,123.75
mech_md75_ppoff_r05,mechanism_sweep,3055,treatment,2,6,0.5334,0,0.2938,98,2,96.33
mech_md75_ppoff_r05,mechanism_sweep,3055,treatment,3,5,0.5269,0,0.264,78,4,76.8
mech_md75_ppoff_r05,mechanism_sweep,3055,treatment,4,6,0.489,0,0.2784,97,4,69.0
mech_md75_ppoff_r05,mechanism_sweep,3192,control,0,2,0.6292,0,0.2497,42,1,112.5
mech_md75_ppoff_r05,mechanism_sweep,3192,control,1,4,0.649,0,0.2669,81,2,90.75
mech_md75_ppoff_r05,mechanism_sweep,3192,control,2,0,0,0,0,0,0,0
mech_md75_ppoff_r05,mechanism_sweep,3192,control,3,3,0.6468,0,0.3146,64,1,139.67
mech_md75_ppoff_r05,mechanism_sweep,3192,control,4,4,0.5342,0,0.113,67,7,120.25
mech_md75_ppoff_r05,mechanism_sweep,3192,treatment,0,1,0.6498,0,0.0,21,0,87.0
mech_md75_ppoff_r05,mechanism_sweep,3192,treatment,1,0,0,0,0,0,0,0
mech_md75_ppoff_r05,mechanism_sweep,3192,treatment,2,4,0.6643,0,0.2825,84,5,111.0
mech_md75_ppoff_r05,mechanism_sweep,3192,treatment,3,4,0.5403,0,0.1907,67,6,116.5
mech_md75_ppoff_r05,mechanism_sweep,3192,treatment,4,2,0.7039,0,0.4072,43,1,141.5
mech_md75_ppoff_r05,mechanism_sweep,3329,control,0,5,0.6206,0,0.355,110,0,103.8
mech_md75_ppoff_r05,mechanism_sweep,3329,control,1,3,0.6509,0,0.3301,61,0,111.33
mech_md75_ppoff_r05,mechanism_sweep,3329,control,2,4,0.6284,0,0.1994,83,4,120.5
mech_md75_ppoff_r05,mechanism_sweep,3329,control,3,2,0.5919,0,0.2128,42,0,122.5
mech_md75_ppoff_r05,mechanism_sweep,3329,control,4,1,0.6198,0,0.0,21,0,117.0
mech_md75_ppoff_r05,mechanism_sweep,3329,treatment,0,1,0.7079,0,0.0,22,1,160.0
mech_md75_ppoff_r05,mechanism_sweep,3329,treatment,1,0,0,0,0,0,0,0
mech_md75_ppoff_r05,mechanism_sweep,3329,treatment,2,3,0.7265,0,0.3729,59,2,101.67
mech_md75_ppoff_r05,mechanism_sweep,3329,treatment,3,2,0.677,0,0.2968,38,1,66.5
mech_md75_ppoff_r05,mechanism_sweep,3329,treatment,4,3,0.6668,0,0.3277,60,1,111.67
mech_md75_ppoff_r05,mechanism_sweep,3466,control,0,2,0.6487,0,0.3351,41,1,101.0
mech_md75_ppoff_r05,mechanism_sweep,3466,control,1,14,0.5418,0,0.2512,216,17,101.93
mech_md75_ppoff_r05,mechanism_sweep,3466,control,2,7,0.4855,0,0.2032,99,3,89.29
mech_md75_ppoff_r05,mechanism_sweep,3466,control,3,27,0.4596,0,0.2371,345,36,86.96
mech_md75_ppoff_r05,mechanism_sweep,3466,control,4,11,0.4468,0,0.1648,131,19,99.91
mech_md75_ppoff_r05,mechanism_sweep,3466,treatment,0,6,0.6662,0,0.3455,122,1,114.92
mech_md75_ppoff_r05,mechanism_sweep,3466,treatment,1,5,0.6625,0,0.2864,95,0,118.0
mech_md75_ppoff_r05,mechanism_sweep,3466,treatment,2,2,0.5699,0,0.0519,24,1,118.5
mech_md75_ppoff_r05,mechanism_sweep,3466,treatment,3,1,0.4082,0,0.0,9,0,171.0
mech_md75_ppoff_r05,mechanism_sweep,3466,treatment,4,37,0.4081,0,0.197,327,47,98.58
mech_md75_ppoff_r05,mechanism_sweep,3603,control,0,7,0.6289,0,0.3026,140,1,93.0
mech_md75_ppoff_r05,mechanism_sweep,3603,control,1,2,0.7775,0,0.2689,43,4,91.0
mech_md75_ppoff_r05,mechanism_sweep,3603,control,2,1,0.5722,0,0.0,20,0,100.0
mech_md75_ppoff_r05,mechanism_sweep,3603,control,3,4,0.5341,0,0.3326,65,1,103.5
mech_md75_ppoff_r05,mechanism_sweep,3603,control,4,3,0.7592,0,0.1169,66,5,133.0
mech_md75_ppoff_r05,mechanism_sweep,3603,treatment,0,2,0.5331,0,0.3268,37,0,60.5
mech_md75_ppoff_r05,mechanism_sweep,3603,treatment,1,5,0.6374,0,0.2693,94,2,140.4
mech_md75_ppoff_r05,mechanism_sweep,3603,treatment,2,3,0.4183,0,0.2839,31,2,45.33
mech_md75_ppoff_r05,mechanism_sweep,3603,treatment,3,2,0.5132,0,0.2877,26,0,102.0
mech_md75_ppoff_r05,mechanism_sweep,3603,treatment,4,3,0.6429,0,0.3216,60,2,127.5
mech_md75_ppoff_r05,mechanism_sweep,3740,control,0,7,0.6382,0,0.3285,144,2,106.29
mech_md75_ppoff_r05,mechanism_sweep,3740,control,1,6,0.5857,0,0.2611,106,2,100.33
mech_md75_ppoff_r05,mechanism_sweep,3740,control,2,7,0.6935,0,0.2708,140,4,106.86
mech_md75_ppoff_r05,mechanism_sweep,3740,control,3,3,0.7336,0,0.1772,63,0,133.0
mech_md75_ppoff_r05,mechanism_sweep,3740,control,4,2,0.8129,0,0.2647,43,3,115.0
mech_md75_ppoff_r05,mechanism_sweep,3740,treatment,0,11,0.6731,0,0.3251,214,7,98.77
mech_md75_ppoff_r05,mechanism_sweep,3740,treatment,1,9,0.6159,0,0.312,169,6,111.56
mech_md75_ppoff_r05,mechanism_sweep,3740,treatment,2,15,0.5053,0,0.271,197,15,121.6
mech_md75_ppoff_r05,mechanism_sweep,3740,treatment,3,9,0.6654,0,0.2013,166,10,87.89
mech_md75_ppoff_r05,mechanism_sweep,3740,treatment,4,5,0.5644,0,0.218,79,4,112.8
mech_md75_ppoff_r05,mechanism_sweep,3877,control,0,5,0.6874,0,0.2605,103,2,97.0
mech_md75_ppoff_r05,mechanism_sweep,3877,control,1,3,0.7159,0,0.1595,65,2,135.33
mech_md75_ppoff_r05,mechanism_sweep,3877,control,2,3,0.6671,0,0.1778,60,3,132.0
mech_md75_ppoff_r05,mechanism_sweep,3877,control,3,9,0.4727,0,0.1487,123,14,110.0
mech_md75_ppoff_r05,mechanism_sweep,3877,control,4,3,0.4268,0,0.1318,41,2,109.0
mech_md75_ppoff_r05,mechanism_sweep,3877,treatment,0,2,0.5897,0,0.4262,33,2,110.0
mech_md75_ppoff_r05,mechanism_sweep,3877,treatment,1,3,0.7031,0,0.1816,60,0,100.0
mech_md75_ppoff_r05,mechanism_sweep,3877,treatment,2,0,0,0,0,0,0,0
mech_md75_ppoff_r05,mechanism_sweep,3877,treatment,3,0,0,0,0,0,0,0
mech_md75_ppoff_r05,mechanism_sweep,3877,treatment,4,1,0.6586,0,0.0,20,0,100.0
mech_md75_ppoff_r05,mechanism_sweep,4014,control,0,8,0.709,0,0.2891,170,7,107.88
mech_md75_ppoff_r05,mechanism_sweep,4014,control,1,9,0.6016,0,0.2537,166,6,108.44
mech_md75_ppoff_r05,mechanism_sweep,4014,control,2,8,0.5814,0,0.2115,143,5,112.0
mech_md75_ppoff_r05,mechanism_sweep,4014,control,3,50,0.474,0,0.2292,666,81,111.56
mech_md75_ppoff_r05,mechanism_sweep,4014,control,4,12,0.5621,0,0.1733,196,13,119.67
mech_md75_ppoff_r05,mechanism_sweep,4014,treatment,0,12,0.6088,0,0.3121,216,3,111.19
mech_md75_ppoff_r05,mechanism_sweep,4014,treatment,1,10,0.6491,0,0.3091,196,10,116.5
mech_md75_ppoff_r05,mechanism_sweep,4014,treatment,2,4,0.6363,0,0.2935,66,2,95.38
mech_md75_ppoff_r05,mechanism_sweep,4014,treatment,3,1,0.6918,0,0.0,17,0,119.0
mech_md75_ppoff_r05,mechanism_sweep,4014,treatment,4,1,0.5969,0,0.0,15,0,130.0
mech_md75_ppoff_r05,mechanism_sweep,4151,control,0,3,0.5273,0,0.301,49,3,124.67
mech_md75_ppoff_r05,mechanism_sweep,4151,control,1,5,0.6562,0,0.3512,102,2,104.0
mech_md75_ppoff_r05,mechanism_sweep,4151,control,2,0,0,0,0,0,0,0
mech_md75_ppoff_r05,mechanism_sweep,4151,control,3,2,0.7289,0,0.246,41,1,103.5
mech_md75_ppoff_r05,mechanism_sweep,4151,control,4,2,0.6521,0,0.2304,37,2,101.0
mech_md75_ppoff_r05,mechanism_sweep,4151,treatment,0,15,0.6045,0,0.2907,288,10,109.73
mech_md75_ppoff_r05,mechanism_sweep,4151,treatment,1,3,0.5475,0,0.3357,55,0,105.5
mech_md75_ppoff_r05,mechanism_sweep,4151,treatment,2,6,0.6267,0,0.2743,112,7,123.75
mech_md75_ppoff_r05,mechanism_sweep,4151,treatment,3,17,0.5137,0,0.223,250,28,107.94
mech_md75_ppoff_r05,mechanism_sweep,4151,treatment,4,8,0.5935,0,0.1872,129,12,103.97
mech_md75_ppoff_r05,mechanism_sweep,4288,control,0,2,0.6489,0,0.2362,44,1,146.5
mech_md75_ppoff_r05,mechanism_sweep,4288,control,1,10,0.6308,0,0.2887,194,12,125.4
mech_md75_ppoff_r05,mechanism_sweep,4288,control,2,7,0.5762,0,0.2774,135,1,109.57
mech_md75_ppoff_r05,mechanism_sweep,4288,control,3,6,0.6408,0,0.3137,111,2,98.33
mech_md75_ppoff_r05,mechanism_sweep,4288,control,4,6,0.6362,0,0.3221,113,0,125.83
mech_md75_ppoff_r05,mechanism_sweep,4288,treatment,0,1,0.6084,0,0.0,20,0,100.0
mech_md75_ppoff_r05,mechanism_sweep,4288,treatment,1,2,0.6824,0,0.0093,40,1,153.75
mech_md75_ppoff_r05,mechanism_sweep,4288,treatment,2,1,0.6026,0,0.0,20,0,85.0
mech_md75_ppoff_r05,mechanism_sweep,4288,treatment,3,2,0.5807,0,0.0157,36,0,93.75
mech_md75_ppoff_r05,mechanism_sweep,4288,treatment,4,0,0,0,0,0,0,0
mech_md75_ppoff_r05,mechanism_sweep,4425,control,0,8,0.537,0,0.2318,137,10,108.12
mech_md75_ppoff_r05,mechanism_sweep,4425,control,1,1,0.6079,0,0.0,20,0,93.0
mech_md75_ppoff_r05,mechanism_sweep,4425,control,2,6,0.599,0,0.246,117,2,110.33
mech_md75_ppoff_r05,mechanism_sweep,4425,control,3,2,0.6691,0,0.2327,43,1,141.0
mech_md75_ppoff_r05,mechanism_sweep,4425,control,4,13,0.5058,0,0.2041,194,10,111.54
mech_md75_ppoff_r05,mechanism_sweep,4425,treatment,0,8,0.6139,0,0.2944,157,2,121.5
mech_md75_ppoff_r05,mechanism_sweep,4425,treatment,1,3,0.5853,0,0.3523,61,1,90.33
mech_md75_ppoff_r05,mechanism_sweep,4425,treatment,2,4,0.6139,0,0.2675,76,3,67.38
mech_md75_ppoff_r05,mechanism_sweep,4425,treatment,3,7,0.5881,0,0.3066,128,2,122.86
mech_md75_ppoff_r05,mechanism_sweep,4425,treatment,4,2,0.602,0,0.183,42,1,130.0
mech_md75_ppoff_r05,mechanism_sweep,4562,control,0,4,0.6126,0,0.3073,72,1,86.25
mech_md75_ppoff_r05,mechanism_sweep,4562,control,1,1,0.7627,0,0.0,22,1,127.0
mech_md75_ppoff_r05,mechanism_sweep,4562,control,2,3,0.7053,0,0.1822,72,2,79.33
mech_md75_ppoff_r05,mechanism_sweep,4562,control,3,2,0.5706,0,0.2223,38,0,91.5
mech_md75_ppoff_r05,mechanism_sweep,4562,control,4,0,0,0,0,0,0,0
mech_md75_ppoff_r05,mechanism_sweep,4562,treatment,0,1,0.6005,0,0.0,20,0,100.0
mech_md75_ppoff_r05,mechanism_sweep,4562,treatment,1,4,0.6397,0,0.3276,85,2,103.25
mech_md75_ppoff_r05,mechanism_sweep,4562,treatment,2,2,0.583,0,0.1321,38,0,95.12
mech_md75_ppoff_r05,mechanism_sweep,4562,treatment,3,2,0.5976,0,0.3402,40,0,71.5
mech_md75_ppoff_r05,mechanism_sweep,4562,treatment,4,0,0,0,0,0,0,0
mech_md75_ppoff_r05,mechanism_sweep,4699,control,0,4,0.6815,0,0.2958,79,4,114.75
mech_md75_ppoff_r05,mechanism_sweep,4699,control,1,6,0.6021,0,0.2416,117,4,92.33
mech_md75_ppoff_r05,mechanism_sweep,4699,control,2,1,0.7476,0,0.0,21,1,105.0
mech_md75_ppoff_r05,mechanism_sweep,4699,control,3,1,0.6688,0,0.0,18,1,13.0
mech_md75_ppoff_r05,mechanism_sweep,4699,control,4,7,0.4816,0,0.1842,83,4,112.71
mech_md75_ppoff_r05,mechanism_sweep,4699,treatment,0,3,0.7152,0,0.2451,63,3,110.0
mech_md75_ppoff_r05,mechanism_sweep,4699,treatment,1,13,0.5528,0,0.2355,206,3,125.69
mech_md75_ppoff_r05,mechanism_sweep,4699,treatment,2,3,0.6489,0,0.2624,57,1,106.33
mech_md75_ppoff_r05,mechanism_sweep,4699,treatment,3,3,0.4673,0,0.1417,41,1,87.33
mech_md75_ppoff_r05,mechanism_sweep,4699,treatment,4,9,0.3318,0,0.1347,77,2,90.33
mech_md75_ppoff_r05,mechanism_sweep,4836,control,0,4,0.6456,0,0.3319,83,1,121.75
mech_md75_ppoff_r05,mechanism_sweep,4836,control,1,10,0.4659,0,0.27,126,13,111.4
mech_md75_ppoff_r05,mechanism_sweep,4836,control,2,2,0.7361,0,0.1719,43,1,113.0
mech_md75_ppoff_r05,mechanism_sweep,4836,control,3,0,0,0,0,0,0,0
mech_md75_ppoff_r05,mechanism_sweep,4836,control,4,1,0.6983,0,0.0,21,1,110.0
mech_md75_ppoff_r05,mechanism_sweep,4836,treatment,0,20,0.5837,0,0.2945,371,9,99.49
mech_md75_ppoff_r05,mechanism_sweep,4836,treatment,1,7,0.6075,0,0.2609,123,2,94.07
mech_md75_ppoff_r05,mechanism_sweep,4836,treatment,2,4,0.7005,0,0.2508,78,4,94.5
mech_md75_ppoff_r05,mechanism_sweep,4836,treatment,3,5,0.6563,0,0.1834,85,4,110.1
mech_md75_ppoff_r05,mechanism_sweep,4836,treatment,4,7,0.7193,0,0.2127,140,2,98.86
mech_md75_ppoff_r05,mechanism_sweep,4973,control,0,6,0.5955,0,0.2554,116,1,96.33
mech_md75_ppoff_r05,mechanism_sweep,4973,control,1,8,0.6328,0,0.2475,155,8,116.12
mech_md75_ppoff_r05,mechanism_sweep,4973,control,2,23,0.4138,0,0.2453,251,19,98.09
mech_md75_ppoff_r05,mechanism_sweep,4973,control,3,4,0.5774,0,0.1927,68,2,76.75
mech_md75_ppoff_r05,mechanism_sweep,4973,control,4,9,0.569,0,0.2373,144,12,112.0
mech_md75_ppoff_r05,mechanism_sweep,4973,treatment,0,5,0.6487,0,0.3364,99,2,110.5
mech_md75_ppoff_r05,mechanism_sweep,4973,treatment,1,11,0.6346,0,0.2867,211,6,115.27
mech_md75_ppoff_r05,mechanism_sweep,4973,treatment,2,19,0.5076,0,0.1926,256,22,111.05
mech_md75_ppoff_r05,mechanism_sweep,4973,treatment,3,22,0.4631,0,0.2347,282,18,107.7
mech_md75_ppoff_r05,mechanism_sweep,4973,treatment,4,21,0.5453,0,0.2224,327,21,107.62
mech_md75_ppoff_r10,mechanism_sweep,1000,control,0,2,0.6167,0,0.2905,36,0,99.5
mech_md75_ppoff_r10,mechanism_sweep,1000,control,1,0,0,0,0,0,0,0
mech_md75_ppoff_r10,mechanism_sweep,1000,control,2,4,0.6569,0,0.2604,92,0,117.0
mech_md75_ppoff_r10,mechanism_sweep,1000,control,3,1,0.6501,0,0.0,22,1,101.0
mech_md75_ppoff_r10,mechanism_sweep,1000,control,4,5,0.6024,0,0.1985,92,5,105.0
mech_md75_ppoff_r10,mechanism_sweep,1000,treatment,0,5,0.6711,0,0.2743,89,6,114.2
mech_md75_ppoff_r10,mechanism_sweep,1000,treatment,1,16,0.562,0,0.2886,245,18,99.86
mech_md75_ppoff_r10,mechanism_sweep,1000,treatment,2,3,0.7386,0,0.3056,62,4,126.17
mech_md75_ppoff_r10,mechanism_sweep,1000,treatment,3,23,0.4792,0,0.229,267,25,102.35
mech_md75_ppoff_r10,mechanism_sweep,1000,treatment,4,1,0.71,0,0.0,29,1,196.0
mech_md75_ppoff_r10,mechanism_sweep,1137,control,0,4,0.6478,0,0.3082,83,1,124.0
mech_md75_ppoff_r10,mechanism_sweep,1137,control,1,8,0.6582,0,0.2846,162,3,109.62
mech_md75_ppoff_r10,mechanism_sweep,1137,control,2,2,0.7375,0,0.2362,43,1,119.5
mech_md75_ppoff_r10,mechanism_sweep,1137,control,3,2,0.6401,0,0.2271,42,0,148.5
mech_md75_ppoff_r10,mechanism_sweep,1137,control,4,2,0.654,0,0.1709,41,1,105.0
mech_md75_ppoff_r10,mechanism_sweep,1137,treatment,0,5,0.6595,0,0.3173,96,1,102.1
mech_md75_ppoff_r10,mechanism_sweep,1137,treatment,1,3,0.7176,0,0.2638,55,1,143.92
mech_md75_ppoff_r10,mechanism_sweep,1137,treatment,2,4,0.687,0,0.3385,74,0,86.94
mech_md75_ppoff_r10,mechanism_sweep,1137,treatment,3,4,0.7265,0,0.3588,79,1,105.38
mech_md75_ppoff_r10,mechanism_sweep,1137,treatment,4,1,0.7952,0,0.0,21,1,108.0
mech_md75_ppoff_r10,mechanism_sweep,1274,control,0,3,0.6672,0,0.2438,56,2,71.67
mech_md75_ppoff_r10,mechanism_sweep,1274,control,1,1,0.7799,0,0.0,20,1,103.0
mech_md75_ppoff_r10,mechanism_sweep,1274,control,2,3,0.4704,0,0.2325,45,1,105.0
mech_md75_ppoff_r10,mechanism_sweep,1274,control,3,5,0.6158,0,0.1527,79,2,106.0
mech_md75_ppoff_r10,mechanism_sweep,1274,control,4,0,0,0,0,0,0,0
mech_md75_ppoff_r10,mechanism_sweep,1274,treatment,0,6,0.67,0,0.2955,118,4,115.67
mech_md75_ppoff_r10,mechanism_sweep,1274,treatment,1,1,0.6269,0,0.0,22,0,171.0
mech_md75_ppoff_r10,mechanism_sweep,1274,treatment,2,1,0.603,0,0.0,18,0,120.0
mech_md75_ppoff_r10,mechanism_sweep,1274,treatment,3,1,0.6871,0,0.0,22,0,178.0
mech_md75_ppoff_r10,mechanism_sweep,1274,treatment,4,1,0.7516,0,0.0,21,1,129.0
mech_md75_ppoff_r10,mechanism_sweep,1411,control,0,5,0.6328,0,0.3204,96,1,82.4
mech_md75_ppoff_r10,mechanism_sweep,1411,control,1,4,0.6779,0,0.3459,81,0,100.25
mech_md75_ppoff_r10,mechanism_sweep,1411,control,2,1,0.6305,0,0.0,21,0,115.0
mech_md75_ppoff_r10,mechanism_sweep,1411,control,3,0,0,0,0,0,0,0
mech_md75_ppoff_r10,mechanism_sweep,1411,control,4,1,0.6073,0,0.0,14,0,94.0
mech_md75_ppoff_r10,mechanism_sweep,1411,treatment,0,5,0.6371,0,0.3313,100,1,99.0
mech_md75_ppoff_r10,mechanism_sweep,1411,treatment,1,5,0.4548,0,0.3012,62,0,120.0
mech_md75_ppoff_r10,mechanism_sweep,1411,treatment,2,3,0.7296,0,0.2388,59,2,145.33
mech_md75_ppoff_r10,mechanism_sweep,1411,treatment,3,1,0.5107,0,0.0,12,1,110.0
mech_md75_ppoff_r10,mechanism_sweep,1411,treatment,4,2,0.5546,0,0.3194,28,2,95.0
mech_md75_ppoff_r10,mechanism_sweep,1548,control,0,3,0.653,0,0.2709,66,3,82.0
mech_md75_ppoff_r10,mechanism_sweep,1548,control,1,4,0.61,0,0.2659,77,2,112.5
mech_md75_ppoff_r10,mechanism_sweep,1548,control,2,1,0.6196,0,0.0,21,0,163.0
mech_md75_ppoff_r10,mechanism_sweep,1548,control,3,2,0.6123,0,0.2969,38,0,91.5
mech_md75_ppoff_r10,mechanism_sweep,1548,control,4,1,0.6597,0,0.0,20,0,90.0
mech_md75_ppoff_r10,mechanism_sweep,1548,treatment,0,2,0.6042,0,0.3486,32,0,102.75
mech_md75_ppoff_r10,mechanism_sweep,1548,treatment,1,9,0.5597,0,0.312,144,3,86.86
mech_md75_ppoff_r10,mechanism_sweep,1548,treatment,2,0,0,0,0,0,0,0
mech_md75_ppoff_r10,mechanism_sweep,1548,treatment,3,0,0,0,0,0,0,0
mech_md75_ppoff_r10,mechanism_sweep,1548,treatment,4,6,0.6459,0,0.2195,114,8,91.08
mech_md75_ppoff_r10,mechanism_sweep,1685,control,0,9,0.5849,0,0.2611,161,13,94.44
mech_md75_ppoff_r10,mechanism_sweep,1685,control,1,8,0.52,0,0.2823,122,10,112.38
mech_md75_ppoff_r10,mechanism_sweep,1685,control,2,3,0.6404,0,0.2859,61,4,104.0
mech_md75_ppoff_r10,mechanism_sweep,1685,control,3,22,0.5234,0,0.2203,320,30,113.59
mech_md75_ppoff_r10,mechanism_sweep,1685,control,4,2,0.6221,0,0.0329,42,2,110.0
mech_md75_ppoff_r10,mechanism_sweep,1685,treatment,0,4,0.5573,0,0.2994,66,3,66.0
mech_md75_ppoff_r10,mechanism_sweep,1685,treatment,1,2,0.6937,0,0.3452,44,1,132.0
mech_md75_ppoff_r10,mechanism_sweep,1685,treatment,2,2,0.6487,0,0.3047,39,1,78.5
mech_md75_ppoff_r10,mechanism_sweep,1685,treatment,3,0,0,0,0,0,0,0
mech_md75_ppoff_r10,mechanism_sweep,1685,treatment,4,1,0.6397,0,0.0,21,0,118.0
mech_md75_ppoff_r10,mechanism_sweep,1822,control,0,6,0.4931,0,0.3026,86,7,93.33
mech_md75_ppoff_r10,mechanism_sweep,1822,control,1,4,0.514,0,0.2768,69,0,91.25
mech_md75_ppoff_r10,mechanism_sweep,1822,control,2,1,0.5299,0,0.0,20,0,39.0
mech_md75_ppoff_r10,mechanism_sweep,1822,control,3,2,0.4952,0,0.1168,31,2,106.5
mech_md75_ppoff_r10,mechanism_sweep,1822,control,4,1,0.5699,0,0.0,37,0,119.0
mech_md75_ppoff_r10,mechanism_sweep,1822,treatment,0,8,0.6245,0,0.2522,144,8,122.56
mech_md75_ppoff_r10,mechanism_sweep,1822,treatment,1,3,0.5092,0,0.2444,46,0,131.0
mech_md75_ppoff_r10,mechanism_sweep,1822,treatment,2,0,0,0,0,0,0,0
mech_md75_ppoff_r10,mechanism_sweep,1822,treatment,3,1,0.5102,0,0.0,12,0,65.0
mech_md75_ppoff_r10,mechanism_sweep,1822,treatment,4,2,0.4285,0,0.0075,19,1,87.0
mech_md75_ppoff_r10,mechanism_sweep,1959,control,0,6,0.6941,0,0.3686,121,2,117.0
mech_md75_ppoff_r10,mechanism_sweep,1959,control,1,6,0.6827,0,0.3155,128,4,92.5
mech_md75_ppoff_r10,mechanism_sweep,1959,control,2,5,0.6241,0,0.2926,86,2,110.6
mech_md75_ppoff_r10,mechanism_sweep,1959,control,3,15,0.4911,0,0.1667,172,13,107.2
mech_md75_ppoff_r10,mechanism_sweep,1959,control,4,10,0.5294,0,0.1686,135,4,117.8
mech_md75_ppoff_r10,mechanism_sweep,1959,treatment,0,5,0.6195,0,0.1643,88,3,96.2
mech_md75_ppoff_r10,mechanism_sweep,1959,treatment,1,3,0.644,0,0.3325,58,0,97.5
mech_md75_ppoff_r10,mechanism_sweep,1959,treatment,2,1,0.5822,0,0.0,19,0,145.0
mech_md75_ppoff_r10,mechanism_sweep,1959,treatment,3,1,0.5697,0,0.0,18,0,150.0
mech_md75_ppoff_r10,mechanism_sweep,1959,treatment,4,0,0,0,0,0,0,0
mech_md75_ppoff_r10,mechanism_sweep,2096,control,0,6,0.646,0,0.312,119,2,121.0
mech_md75_ppoff_r10,mechanism_sweep,2096,control,1,2,0.5221,0,0.2258,32,0,116.5
mech_md75_ppoff_r10,mechanism_sweep,2096,control,2,4,0.6416,0,0.2455,81,2,108.5
mech_md75_ppoff_r10,mechanism_sweep,2096,control,3,1,0.7051,0,0.0,41,1,60.0
mech_md75_ppoff_r10,mechanism_sweep,2096,control,4,3,0.5813,0,0.3595,60,1,61.0
mech_md75_ppoff_r10,mechanism_sweep,2096,treatment,0,4,0.6889,0,0.3856,74,2,93.25
mech_md75_ppoff_r10,mechanism_sweep,2096,treatment,1,4,0.6491,0,0.2806,80,1,125.5
mech_md75_ppoff_r10,mechanism_sweep,2096,treatment,2,3,0.6311,0,0.4225,54,3,99.33
mech_md75_ppoff_r10,mechanism_sweep,2096,treatment,3,4,0.637,0,0.2913,77,4,97.5
mech_md75_ppoff_r10,mechanism_sweep,2096,treatment,4,1,0.6361,0,0.0,28,0,80.0
mech_md75_ppoff_r10,mechanism_sweep,2233,control,0,3,0.7385,0,0.3217,65,4,115.0
mech_md75_ppoff_r10,mechanism_sweep,2233,control,1,0,0,0,0,0,0,0
mech_md75_ppoff_r10,mechanism_sweep,2233,control,2,2,0.569,0,0.3142,36,0,108.5
mech_md75_ppoff_r10,mechanism_sweep,2233,control,3,9,0.4806,0,0.0825,92,11,93.67
mech_md75_ppoff_r10,mechanism_sweep,2233,control,4,11,0.529,0,0.2327,124,7,92.18
mech_md75_ppoff_r10,mechanism_sweep,2233,treatment,0,7,0.6355,0,0.315,137,3,110.07
mech_md75_ppoff_r10,mechanism_sweep,2233,treatment,1,3,0.6097,0,0.3444,52,0,73.67
mech_md75_ppoff_r10,mechanism_sweep,2233,treatment,2,5,0.6505,0,0.1569,99,2,122.2
mech_md75_ppoff_r10,mechanism_sweep,2233,treatment,3,3,0.5632,0,0.3404,56,0,92.67
mech_md75_ppoff_r10,mechanism_sweep,2233,treatment,4,3,0.5522,0,0.2486,53,0,107.5
mech_md75_ppoff_r10,mechanism_sweep,2370,control,0,6,0.6315,0,0.3552,116,3,105.33
mech_md75_ppoff_r10,mechanism_sweep,2370,control,1,10,0.5958,0,0.312,183,7,87.7
mech_md75_ppoff_r10,mechanism_sweep,2370,control,2,10,0.562,0,0.263,161,9,96.5
mech_md75_ppoff_r10,mechanism_sweep,2370,control,3,3,0.6465,0,0.2825,64,1,109.0
mech_md75_ppoff_r10,mechanism_sweep,2370,control,4,6,0.5832,0,0.2273,120,2,87.33
mech_md75_ppoff_r10,mechanism_sweep,2370,treatment,0,9,0.6306,0,0.3481,168,4,98.11
mech_md75_ppoff_r10,mechanism_sweep,2370,treatment,1,5,0.6436,0,0.2976,93,2,111.8
mech_md75_ppoff_r10,mechanism_sweep,2370,treatment,2,12,0.6107,0,0.2635,226,2,116.6
mech_md75_ppoff_r10,mechanism_sweep,2370,treatment,3,4,0.5715,0,0.2208,74,2,92.75
mech_md75_ppoff_r10,mechanism_sweep,2370,treatment,4,5,0.5431,0,0.1745,74,3,79.5
mech_md75_ppoff_r10,mechanism_sweep,2507,control,0,3,0.6603,0,0.315,61,0,107.0
mech_md75_ppoff_r10,mechanism_sweep,2507,control,1,4,0.7044,0,0.3092,86,2,139.5
mech_md75_ppoff_r10,mechanism_sweep,2507,control,2,6,0.6326,0,0.3592,121,1,106.17
mech_md75_ppoff_r10,mechanism_sweep,2507,control,3,8,0.6398,0,0.2785,162,1,100.75
mech_md75_ppoff_r10,mechanism_sweep,2507,control,4,1,0.6721,0,0.0,20,0,100.0
mech_md75_ppoff_r10,mechanism_sweep,2507,treatment,0,3,0.6276,0,0.3473,61,0,115.67
mech_md75_ppoff_r10,mechanism_sweep,2507,treatment,1,3,0.6425,0,0.2764,56,0,128.67
mech_md75_ppoff_r10,mechanism_sweep,2507,treatment,2,0,0,0,0,0,0,0
mech_md75_ppoff_r10,mechanism_sweep,2507,treatment,3,2,0.5874,0,0.2845,28,0,112.5
mech_md75_ppoff_r10,mechanism_sweep,2507,treatment,4,2,0.5217,0,0.2335,24,0,117.0
mech_md75_ppoff_r10,mechanism_sweep,2644,control,0,2,0.629,0,0.2272,45,1,137.5
mech_md75_ppoff_r10,mechanism_sweep,2644,control,1,3,0.6371,0,0.224,60,0,96.67
mech_md75_ppoff_r10,mechanism_sweep,2644,control,2,1,0.7188,0,0.0,22,2,120.0
mech_md75_ppoff_r10,mechanism_sweep,2644,control,3,2,0.5443,0,0.3107,38,0,76.0
mech_md75_ppoff_r10,mechanism_sweep,2644,control,4,0,0,0,0,0,0,0
mech_md75_ppoff_r10,mechanism_sweep,2644,treatment,0,10,0.5935,0,0.2909,176,6,110.45
mech_md75_ppoff_r10,mechanism_sweep,2644,treatment,1,2,0.7152,0,0.097,41,3,127.38
mech_md75_ppoff_r10,mechanism_sweep,2644,treatment,2,8,0.5602,0,0.226,124,6,104.56
mech_md75_ppoff_r10,mechanism_sweep,2644,treatment,3,1,0.631,0,0.0,16,0,109.0
mech_md75_ppoff_r10,mechanism_sweep,2644,treatment,4,4,0.5835,0,0.1681,73,4,106.0
mech_md75_ppoff_r10,mechanism_sweep,2781,control,0,7,0.636,0,0.2764,151,5,103.14
mech_md75_ppoff_r10,mechanism_sweep,2781,control,1,8,0.632,0,0.2849,144,3,101.88
mech_md75_ppoff_r10,mechanism_sweep,2781,control,2,1,0.8682,0,0.0,22,2,120.0
mech_md75_ppoff_r10,mechanism_sweep,2781,control,3,3,0.6979,0,0.2621,62,1,112.33
mech_md75_ppoff_r10,mechanism_sweep,2781,control,4,3,0.6628,0,0.3218,59,1,101.33
mech_md75_ppoff_r10,mechanism_sweep,2781,treatment,0,4,0.6948,0,0.3482,86,2,104.5
mech_md75_ppoff_r10,mechanism_sweep,2781,treatment,1,5,0.6422,0,0.3365,99,0,85.6
mech_md75_ppoff_r10,mechanism_sweep,2781,treatment,2,5,0.6601,0,0.3019,95,0,107.5
mech_md75_ppoff_r10,mechanism_sweep,2781,treatment,3,4,0.6623,0,0.3112,83,0,117.5
mech_md75_ppoff_r10,mechanism_sweep,2781,treatment,4,1,0.6293,0,0.0,20,0,100.0
mech_md75_ppoff_r10,mechanism_sweep,2918,control,0,5,0.6191,0,0.3649,89,0,110.6
mech_md75_ppoff_r10,mechanism_sweep,2918,control,1,6,0.5514,0,0.2627,98,4,120.67
mech_md75_ppoff_r10,mechanism_sweep,2918,control,2,32,0.4556,0,0.1216,344,42,117.41
mech_md75_ppoff_r10,mechanism_sweep,2918,control,3,16,0.3775,0,0.1803,153,17,112.44
mech_md75_ppoff_r10,mechanism_sweep,2918,control,4,8,0.588,0,0.0966,117,9,118.0
mech_md75_ppoff_r10,mechanism_sweep,2918,treatment,0,7,0.6474,0,0.3151,134,1,104.43
mech_md75_ppoff_r10,mechanism_sweep,2918,treatment,1,2,0.6499,0,0.3555,38,2,97.5
mech_md75_ppoff_r10,mechanism_sweep,2918,treatment,2,1,0.5135,0,0.0,18,0,97.0
mech_md75_ppoff_r10,mechanism_sweep,2918,treatment,3,4,0.6178,0,0.2361,77,2,122.5
mech_md75_ppoff_r10,mechanism_sweep,2918,treatment,4,0,0,0,0,0,0,0
mech_md75_ppoff_r10,mechanism_sweep,3055,control,0,7,0.6098,0,0.3416,143,0,107.14
mech_md75_ppoff_r10,mechanism_sweep,3055,control,1,5,0.5451,0,0.2806,77,4,122.0
mech_md75_ppoff_r10,mechanism_sweep,3055,control,2,0,0,0,0,0,0,0
mech_md75_ppoff_r10,mechanism_sweep,3055,control,3,11,0.4894,0,0.267,157,4,102.73
mech_md75_ppoff_r10,mechanism_sweep,3055,control,4,4,0.3841,0,0.2716,45,1,74.5
mech_md75_ppoff_r10,mechanism_sweep,3055,treatment,0,2,0.6724,0,0.4205,45,2,124.0
mech_md75_ppoff_r10,mechanism_sweep,3055,treatment,1,3,0.6425,0,0.243,61,0,106.0
mech_md75_ppoff_r10,mechanism_sweep,3055,treatment,2,4,0.6674,0,0.2986,84,0,126.0
mech_md75_ppoff_r10,mechanism_sweep,3055,treatment,3,5,0.6849,0,0.3418,103,2,106.6
mech_md75_ppoff_r10,mechanism_sweep,3055,treatment,4,3,0.6569,0,0.2984,60,0,84.33
mech_md75_ppoff_r10,mechanism_sweep,3192,control,0,2,0.6292,0,0.2497,42,1,112.5
mech_md75_ppoff_r10,mechanism_sweep,3192,control,1,4,0.649,0,0.2669,81,2,90.75
mech_md75_ppoff_r10,mechanism_sweep,3192,control,2,0,0,0,0,0,0,0
mech_md75_ppoff_r10,mechanism_sweep,3192,control,3,3,0.6468,0,0.3146,64,1,139.67
mech_md75_ppoff_r10,mechanism_sweep,3192,control,4,4,0.5342,0,0.113,67,7,120.25
mech_md75_ppoff_r10,mechanism_sweep,3192,treatment,0,3,0.6087,0,0.3766,57,0,125.83
mech_md75_ppoff_r10,mechanism_sweep,3192,treatment,1,0,0,0,0,0,0,0
mech_md75_ppoff_r10,mechanism_sweep,3192,treatment,2,0,0,0,0,0,0,0
mech_md75_ppoff_r10,mechanism_sweep,3192,treatment,3,3,0.5946,0,0.0624,33,2,108.67
mech_md75_ppoff_r10,mechanism_sweep,3192,treatment,4,1,0.5328,0,0.0,10,0,73.0
mech_md75_ppoff_r10,mechanism_sweep,3329,control,0,5,0.6206,0,0.355,110,0,103.8
mech_md75_ppoff_r10,mechanism_sweep,3329,control,1,3,0.6509,0,0.3301,61,0,111.33
mech_md75_ppoff_r10,mechanism_sweep,3329,control,2,4,0.6284,0,0.1994,83,4,120.5
mech_md75_ppoff_r10,mechanism_sweep,3329,control,3,2,0.5919,0,0.2128,42,0,122.5
mech_md75_ppoff_r10,mechanism_sweep,3329,control,4,1,0.6198,0,0.0,21,0,117.0
mech_md75_ppoff_r10,mechanism_sweep,3329,treatment,0,0,0,0,0,0,0,0
mech_md75_ppoff_r10,mechanism_sweep,3329,treatment,1,0,0,0,0,0,0,0
mech_md75_ppoff_r10,mechanism_sweep,3329,treatment,2,0,0,0,0,0,0,0
mech_md75_ppoff_r10,mechanism_sweep,3329,treatment,3,0,0,0,0,0,0,0
mech_md75_ppoff_r10,mechanism_sweep,3329,treatment,4,0,0,0,0,0,0,0
mech_md75_ppoff_r10,mechanism_sweep,3466,control,0,2,0.6487,0,0.3351,41,1,101.0
mech_md75_ppoff_r10,mechanism_sweep,3466,control,1,14,0.5418,0,0.2512,216,17,101.93
mech_md75_ppoff_r10,mechanism_sweep,3466,control,2,7,0.4855,0,0.2032,99,3,89.29
mech_md75_ppoff_r10,mechanism_sweep,3466,control,3,27,0.4596,0,0.2371,345,36,86.96
mech_md75_ppoff_r10,mechanism_sweep,3466,control,4,11,0.4468,0,0.1648,131,19,99.91
mech_md75_ppoff_r10,mechanism_sweep,3466,treatment,0,8,0.6341,0,0.3214,149,1,80.44
mech_md75_ppoff_r10,mechanism_sweep,3466,treatment,1,2,0.5867,0,0.2956,37,0,118.75
mech_md75_ppoff_r10,mechanism_sweep,3466,treatment,2,1,0.8123,0,0.0,21,1,92.0
mech_md75_ppoff_r10,mechanism_sweep,3466,treatment,3,3,0.5835,0,0.3477,51,0,61.17
mech_md75_ppoff_r10,mechanism_sweep,3466,treatment,4,1,0.6377,0,0.0,12,0,126.0
mech_md75_ppoff_r10,mechanism_sweep,3603,control,0,7,0.6289,0,0.3026,140,1,93.0
mech_md75_ppoff_r10,mechanism_sweep,3603,control,1,2,0.7775,0,0.2689,43,4,91.0
mech_md75_ppoff_r10,mechanism_sweep,3603,control,2,1,0.5722,0,0.0,20,0,100.0
mech_md75_ppoff_r10,mechanism_sweep,3603,control,3,4,0.5341,0,0.3326,65,1,103.5
mech_md75_ppoff_r10,mechanism_sweep,3603,control,4,3,0.7592,0,0.1169,66,5,133.0
mech_md75_ppoff_r10,mechanism_sweep,3603,treatment,0,8,0.6248,0,0.2651,141,6,90.0
mech_md75_ppoff_r10,mechanism_sweep,3603,treatment,1,2,0.714,0,0.361,35,4,98.5
mech_md75_ppoff_r10,mechanism_sweep,3603,treatment,2,4,0.5591,0,0.298,50,0,85.12
mech_md75_ppoff_r10,mechanism_sweep,3603,treatment,3,1,0.5967,0,0.0,13,0,45.0
mech_md75_ppoff_r10,mechanism_sweep,3603,treatment,4,3,0.4851,0,0.1599,33,0,137.67
mech_md75_ppoff_r10,mechanism_sweep,3740,control,0,7,0.6382,0,0.3285,144,2,106.29
mech_md75_ppoff_r10,mechanism_sweep,3740,control,1,6,0.5857,0,0.2611,106,2,100.33
mech_md75_ppoff_r10,mechanism_sweep,3740,control,2,7,0.6935,0,0.2708,140,4,106.86
mech_md75_ppoff_r10,mechanism_sweep,3740,control,3,3,0.7336,0,0.1772,63,0,133.0
mech_md75_ppoff_r10,mechanism_sweep,3740,control,4,2,0.8129,0,0.2647,43,3,115.0
mech_md75_ppoff_r10,mechanism_sweep,3740,treatment,0,6,0.6238,0,0.3645,120,2,108.33
mech_md75_ppoff_r10,mechanism_sweep,3740,treatment,1,3,0.5442,0,0.4231,54,2,86.83
mech_md75_ppoff_r10,mechanism_sweep,3740,treatment,2,2,0.6325,0,0.294,39,0,75.0
mech_md75_ppoff_r10,mechanism_sweep,3740,treatment,3,2,0.6584,0,0.2218,51,1,115.5
mech_md75_ppoff_r10,mechanism_sweep,3740,treatment,4,0,0,0,0,0,0,0
mech_md75_ppoff_r10,mechanism_sweep,3877,control,0,5,0.6874,0,0.2605,103,2,97.0
mech_md75_ppoff_r10,mechanism_sweep,3877,control,1,3,0.7159,0,0.1595,65,2,135.33
mech_md75_ppoff_r10,mechanism_sweep,3877,control,2,3,0.6671,0,0.1778,60,3,132.0
mech_md75_ppoff_r10,mechanism_sweep,3877,control,3,9,0.4727,0,0.1487,123,14,110.0
mech_md75_ppoff_r10,mechanism_sweep,3877,control,4,3,0.4268,0,0.1318,41,2,109.0
mech_md75_ppoff_r10,mechanism_sweep,3877,treatment,0,6,0.635,0,0.3185,111,4,93.33
mech_md75_ppoff_r10,mechanism_sweep,3877,treatment,1,1,0.6536,0,0.0,21,0,149.0
mech_md75_ppoff_r10,mechanism_sweep,3877,treatment,2,1,0.5888,0,0.0,19,0,43.0
mech_md75_ppoff_r10,mechanism_sweep,3877,treatment,3,1,0.7518,0,0.0,19,1,44.0
mech_md75_ppoff_r10,mechanism_sweep,3877,treatment,4,0,0,0,0,0,0,0
mech_md75_ppoff_r10,mechanism_sweep,4014,control,0,8,0.709,0,0.2891,170,7,107.88
mech_md75_ppoff_r10,mechanism_sweep,4014,control,1,9,0.6016,0,0.2537,166,6,108.44
mech_md75_ppoff_r10,mechanism_sweep,4014,control,2,8,0.5814,0,0.2115,143,5,112.0
mech_md75_ppoff_r10,mechanism_sweep,4014,control,3,50,0.474,0,0.2292,666,81,111.56
mech_md75_ppoff_r10,mechanism_sweep,4014,control,4,12,0.5621,0,0.1733,196,13,119.67
mech_md75_ppoff_r10,mechanism_sweep,4014,treatment,0,3,0.6557,0,0.3698,58,1,113.0
mech_md75_ppoff_r10,mechanism_sweep,4014,treatment,1,4,0.6118,0,0.2676,71,2,119.88
mech_md75_ppoff_r10,mechanism_sweep,4014,treatment,2,9,0.5701,0,0.3081,151,4,119.19
mech_md75_ppoff_r10,mechanism_sweep,4014,treatment,3,6,0.5721,0,0.3267,111,2,81.75
mech_md75_ppoff_r10,mechanism_sweep,4014,treatment,4,2,0.5751,0,0.2036,34,0,94.0
mech_md75_ppoff_r10,mechanism_sweep,4151,control,0,3,0.5273,0,0.301,49,3,124.67
mech_md75_ppoff_r10,mechanism_sweep,4151,control,1,5,0.6562,0,0.3512,102,2,104.0
mech_md75_ppoff_r10,mechanism_sweep,4151,control,2,0,0,0,0,0,0,0
mech_md75_ppoff_r10,mechanism_sweep,4151,control,3,2,0.7289,0,0.246,41,1,103.5
mech_md75_ppoff_r10,mechanism_sweep,4151,control,4,2,0.6521,0,0.2304,37,2,101.0
mech_md75_ppoff_r10,mechanism_sweep,4151,treatment,0,5,0.5646,0,0.311,82,3,91.6
mech_md75_ppoff_r10,mechanism_sweep,4151,treatment,1,5,0.6018,0,0.2858,89,2,115.0
mech_md75_ppoff_r10,mechanism_sweep,4151,treatment,2,5,0.5721,0,0.3084,92,1,104.3
mech_md75_ppoff_r10,mechanism_sweep,4151,treatment,3,3,0.4479,0,0.2183,32,0,89.0
mech_md75_ppoff_r10,mechanism_sweep,4151,treatment,4,3,0.6828,0,0.3008,66,5,105.33
mech_md75_ppoff_r10,mechanism_sweep,4288,control,0,2,0.6489,0,0.2362,44,1,146.5
mech_md75_ppoff_r10,mechanism_sweep,4288,control,1,10,0.6308,0,0.2887,194,12,125.4
mech_md75_ppoff_r10,mechanism_sweep,4288,control,2,7,0.5762,0,0.2774,135,1,109.57
mech_md75_ppoff_r10,mechanism_sweep,4288,control,3,6,0.6408,0,0.3137,111,2,98.33
mech_md75_ppoff_r10,mechanism_sweep,4288,control,4,6,0.6362,0,0.3221,113,0,125.83
mech_md75_ppoff_r10,mechanism_sweep,4288,treatment,0,8,0.6047,0,0.2965,146,5,109.88
mech_md75_ppoff_r10,mechanism_sweep,4288,treatment,1,5,0.6458,0,0.3204,98,1,134.4
mech_md75_ppoff_r10,mechanism_sweep,4288,treatment,2,8,0.6154,0,0.2567,155,3,85.88
mech_md75_ppoff_r10,mechanism_sweep,4288,treatment,3,3,0.6028,0,0.2062,58,0,90.33
mech_md75_ppoff_r10,mechanism_sweep,4288,treatment,4,4,0.6862,0,0.257,84,5,123.5
mech_md75_ppoff_r10,mechanism_sweep,4425,control,0,8,0.537,0,0.2318,137,10,108.12
mech_md75_ppoff_r10,mechanism_sweep,4425,control,1,1,0.6079,0,0.0,20,0,93.0
mech_md75_ppoff_r10,mechanism_sweep,4425,control,2,6,0.599,0,0.246,117,2,110.33
mech_md75_ppoff_r10,mechanism_sweep,4425,control,3,2,0.6691,0,0.2327,43,1,141.0
mech_md75_ppoff_r10,mechanism_sweep,4425,control,4,13,0.5058,0,0.2041,194,10,111.54
mech_md75_ppoff_r10,mechanism_sweep,4425,treatment,0,12,0.6022,0,0.28,219,11,116.21
mech_md75_ppoff_r10,mechanism_sweep,4425,treatment,1,2,0.656,0,0.329,40,0,100.0
mech_md75_ppoff_r10,mechanism_sweep,4425,treatment,2,3,0.6899,0,0.1511,55,3,95.5
mech_md75_ppoff_r10,mechanism_sweep,4425,treatment,3,0,0,0,0,0,0,0
mech_md75_ppoff_r10,mechanism_sweep,4425,treatment,4,0,0,0,0,0,0,0
mech_md75_ppoff_r10,mechanism_sweep,4562,control,0,4,0.6126,0,0.3073,72,1,86.25
mech_md75_ppoff_r10,mechanism_sweep,4562,control,1,1,0.7627,0,0.0,22,1,127.0
mech_md75_ppoff_r10,mechanism_sweep,4562,control,2,3,0.7053,0,0.1822,72,2,79.33
mech_md75_ppoff_r10,mechanism_sweep,4562,control,3,2,0.5706,0,0.2223,38,0,91.5
mech_md75_ppoff_r10,mechanism_sweep,4562,control,4,0,0,0,0,0,0,0
mech_md75_ppoff_r10,mechanism_sweep,4562,treatment,0,8,0.559,0,0.286,137,2,92.62
mech_md75_ppoff_r10,mechanism_sweep,4562,treatment,1,7,0.6276,0,0.2908,140,2,130.71
mech_md75_ppoff_r10,mechanism_sweep,4562,treatment,2,6,0.6245,0,0.2586,111,5,104.5
mech_md75_ppoff_r10,mechanism_sweep,4562,treatment,3,10,0.5639,0,0.2532,161,3,108.5
mech_md75_ppoff_r10,mechanism_sweep,4562,treatment,4,2,0.6446,0,0.3878,40,0,87.0
mech_md75_ppoff_r10,mechanism_sweep,4699,control,0,4,0.6815,0,0.2958,79,4,114.75
mech_md75_ppoff_r10,mechanism_sweep,4699,control,1,6,0.6021,0,0.2416,117,4,92.33
mech_md75_ppoff_r10,mechanism_sweep,4699,control,2,1,0.7476,0,0.0,21,1,105.0
mech_md75_ppoff_r10,mechanism_sweep,4699,control,3,1,0.6688,0,0.0,18,1,13.0
mech_md75_ppoff_r10,mechanism_sweep,4699,control,4,7,0.4816,0,0.1842,83,4,112.71
mech_md75_ppoff_r10,mechanism_sweep,4699,treatment,0,5,0.6104,0,0.2607,103,1,78.6
mech_md75_ppoff_r10,mechanism_sweep,4699,treatment,1,5,0.6128,0,0.2047,99,0,137.8
mech_md75_ppoff_r10,mechanism_sweep,4699,treatment,2,16,0.5894,0,0.2738,243,9,113.59
mech_md75_ppoff_r10,mechanism_sweep,4699,treatment,3,7,0.5922,0,0.2879,118,2,94.79
mech_md75_ppoff_r10,mechanism_sweep,4699,treatment,4,8,0.6221,0,0.2321,143,1,82.44
mech_md75_ppoff_r10,mechanism_sweep,4836,control,0,4,0.6456,0,0.3319,83,1,121.75
mech_md75_ppoff_r10,mechanism_sweep,4836,control,1,10,0.4659,0,0.27,126,13,111.4
mech_md75_ppoff_r10,mechanism_sweep,4836,control,2,2,0.7361,0,0.1719,43,1,113.0
mech_md75_ppoff_r10,mechanism_sweep,4836,control,3,0,0,0,0,0,0,0
mech_md75_ppoff_r10,mechanism_sweep,4836,control,4,1,0.6983,0,0.0,21,1,110.0
mech_md75_ppoff_r10,mechanism_sweep,4836,treatment,0,8,0.621,0,0.303,153,5,104.75
mech_md75_ppoff_r10,mechanism_sweep,4836,treatment,1,8,0.5557,0,0.276,145,1,107.44
mech_md75_ppoff_r10,mechanism_sweep,4836,treatment,2,5,0.6108,0,0.2756,101,2,76.35
mech_md75_ppoff_r10,mechanism_sweep,4836,treatment,3,3,0.6338,0,0.1327,63,2,121.67
mech_md75_ppoff_r10,mechanism_sweep,4836,treatment,4,3,0.6022,0,0.0726,59,1,131.5
mech_md75_ppoff_r10,mechanism_sweep,4973,control,0,6,0.5955,0,0.2554,116,1,96.33
mech_md75_ppoff_r10,mechanism_sweep,4973,control,1,8,0.6328,0,0.2475,155,8,116.12
mech_md75_ppoff_r10,mechanism_sweep,4973,control,2,23,0.4138,0,0.2453,251,19,98.09
mech_md75_ppoff_r10,mechanism_sweep,4973,control,3,4,0.5774,0,0.1927,68,2,76.75
mech_md75_ppoff_r10,mechanism_sweep,4973,control,4,9,0.569,0,0.2373,144,12,112.0
mech_md75_ppoff_r10,mechanism_sweep,4973,treatment,0,8,0.6574,0,0.2925,165,3,126.5
mech_md75_ppoff_r10,mechanism_sweep,4973,treatment,1,6,0.5873,0,0.3134,122,0,54.08
mech_md75_ppoff_r10,mechanism_sweep,4973,treatment,2,6,0.5339,0,0.307,98,4,103.0
mech_md75_ppoff_r10,mechanism_sweep,4973,treatment,3,7,0.6597,0,0.2346,135,13,127.21
mech_md75_ppoff_r10,mechanism_sweep,4973,treatment,4,12,0.5399,0,0.2708,176,13,94.62
mech_md75_ppoff_r20,mechanism_sweep,1000,control,0,2,0.6167,0,0.2905,36,0,99.5
mech_md75_ppoff_r20,mechanism_sweep,1000,control,1,0,0,0,0,0,0,0
mech_md75_ppoff_r20,mechanism_sweep,1000,control,2,4,0.6569,0,0.2604,92,0,117.0
mech_md75_ppoff_r20,mechanism_sweep,1000,control,3,1,0.6501,0,0.0,22,1,101.0
mech_md75_ppoff_r20,mechanism_sweep,1000,control,4,5,0.6024,0,0.1985,92,5,105.0
mech_md75_ppoff_r20,mechanism_sweep,1000,treatment,0,13,0.5834,0,0.3006,202,8,108.87
mech_md75_ppoff_r20,mechanism_sweep,1000,treatment,1,16,0.5724,0,0.2944,239,6,109.09
mech_md75_ppoff_r20,mechanism_sweep,1000,treatment,2,5,0.5898,0,0.3454,78,3,96.3
mech_md75_ppoff_r20,mechanism_sweep,1000,treatment,3,27,0.467,0,0.2681,288,26,106.43
mech_md75_ppoff_r20,mechanism_sweep,1000,treatment,4,9,0.6796,0,0.2414,151,8,87.0
mech_md75_ppoff_r20,mechanism_sweep,1137,control,0,4,0.6478,0,0.3082,83,1,124.0
mech_md75_ppoff_r20,mechanism_sweep,1137,control,1,8,0.6582,0,0.2846,162,3,109.62
mech_md75_ppoff_r20,mechanism_sweep,1137,control,2,2,0.7375,0,0.2362,43,1,119.5
mech_md75_ppoff_r20,mechanism_sweep,1137,control,3,2,0.6401,0,0.2271,42,0,148.5
mech_md75_ppoff_r20,mechanism_sweep,1137,control,4,2,0.654,0,0.1709,41,1,105.0
mech_md75_ppoff_r20,mechanism_sweep,1137,treatment,0,3,0.7663,0,0.292,59,3,127.5
mech_md75_ppoff_r20,mechanism_sweep,1137,treatment,1,4,0.5851,0,0.2871,63,0,102.81
mech_md75_ppoff_r20,mechanism_sweep,1137,treatment,2,7,0.6662,0,0.3017,130,3,129.64
mech_md75_ppoff_r20,mechanism_sweep,1137,treatment,3,6,0.5923,0,0.3052,97,1,124.75
mech_md75_ppoff_r20,mechanism_sweep,1137,treatment,4,6,0.6614,0,0.2607,120,5,98.75
mech_md75_ppoff_r20,mechanism_sweep,1274,control,0,3,0.6672,0,0.2438,56,2,71.67
mech_md75_ppoff_r20,mechanism_sweep,1274,control,1,1,0.7799,0,0.0,20,1,103.0
mech_md75_ppoff_r20,mechanism_sweep,1274,control,2,3,0.4704,0,0.2325,45,1,105.0
mech_md75_ppoff_r20,mechanism_sweep,1274,control,3,5,0.6158,0,0.1527,79,2,106.0
mech_md75_ppoff_r20,mechanism_sweep,1274,control,4,0,0,0,0,0,0,0
mech_md75_ppoff_r20,mechanism_sweep,1274,treatment,0,7,0.6276,0,0.3029,130,1,120.71
mech_md75_ppoff_r20,mechanism_sweep,1274,treatment,1,11,0.5908,0,0.2627,175,8,97.86
mech_md75_ppoff_r20,mechanism_sweep,1274,treatment,2,7,0.6253,0,0.2178,116,8,105.93
mech_md75_ppoff_r20,mechanism_sweep,1274,treatment,3,9,0.4879,0,0.1904,122,8,92.94
mech_md75_ppoff_r20,mechanism_sweep,1274,treatment,4,6,0.6173,0,0.2662,102,4,87.25
mech_md75_ppoff_r20,mechanism_sweep,1411,control,0,5,0.6328,0,0.3204,96,1,82.4
mech_md75_ppoff_r20,mechanism_sweep,1411,control,1,4,0.6779,0,0.3459,81,0,100.25
mech_md75_ppoff_r20,mechanism_sweep,1411,control,2,1,0.6305,0,0.0,21,0,115.0
mech_md75_ppoff_r20,mechanism_sweep,1411,control,3,0,0,0,0,0,0,0
mech_md75_ppoff_r20,mechanism_sweep,1411,control,4,1,0.6073,0,0.0,14,0,94.0
mech_md75_ppoff_r20,mechanism_sweep,1411,treatment,0,3,0.7224,0,0.2735,57,2,125.5
mech_md75_ppoff_r20,mechanism_sweep,1411,treatment,1,12,0.6726,0,0.2245,210,10,114.83
mech_md75_ppoff_r20,mechanism_sweep,1411,treatment,2,3,0.6709,0,0.1678,53,1,106.83
mech_md75_ppoff_r20,mechanism_sweep,1411,treatment,3,4,0.6833,0,0.1572,76,1,118.12
mech_md75_ppoff_r20,mechanism_sweep,1411,treatment,4,7,0.6023,0,0.2173,91,7,97.82
mech_md75_ppoff_r20,mechanism_sweep,1548,control,0,3,0.653,0,0.2709,66,3,82.0
mech_md75_ppoff_r20,mechanism_sweep,1548,control,1,4,0.61,0,0.2659,77,2,112.5
mech_md75_ppoff_r20,mechanism_sweep,1548,control,2,1,0.6196,0,0.0,21,0,163.0
mech_md75_ppoff_r20,mechanism_sweep,1548,control,3,2,0.6123,0,0.2969,38,0,91.5
mech_md75_ppoff_r20,mechanism_sweep,1548,control,4,1,0.6597,0,0.0,20,0,90.0
mech_md75_ppoff_r20,mechanism_sweep,1548,treatment,0,7,0.6182,0,0.3443,129,1,110.21
mech_md75_ppoff_r20,mechanism_sweep,1548,treatment,1,5,0.612,0,0.2608,90,0,74.6
mech_md75_ppoff_r20,mechanism_sweep,1548,treatment,2,11,0.6726,0,0.2783,206,6,127.98
mech_md75_ppoff_r20,mechanism_sweep,1548,treatment,3,5,0.5959,0,0.2578,85,2,79.0
mech_md75_ppoff_r20,mechanism_sweep,1548,treatment,4,6,0.6865,0,0.2593,121,7,93.38
mech_md75_ppoff_r20,mechanism_sweep,1685,control,0,9,0.5849,0,0.2611,161,13,94.44
mech_md75_ppoff_r20,mechanism_sweep,1685,control,1,8,0.52,0,0.2823,122,10,112.38
mech_md75_ppoff_r20,mechanism_sweep,1685,control,2,3,0.6404,0,0.2859,61,4,104.0
mech_md75_ppoff_r20,mechanism_sweep,1685,control,3,22,0.5234,0,0.2203,320,30,113.59
mech_md75_ppoff_r20,mechanism_sweep,1685,control,4,2,0.6221,0,0.0329,42,2,110.0
mech_md75_ppoff_r20,mechanism_sweep,1685,treatment,0,7,0.6388,0,0.3268,125,1,108.43
mech_md75_ppoff_r20,mechanism_sweep,1685,treatment,1,9,0.4335,0,0.2208,110,4,106.22
mech_md75_ppoff_r20,mechanism_sweep,1685,treatment,2,5,0.5974,0,0.1075,87,3,107.8
mech_md75_ppoff_r20,mechanism_sweep,1685,treatment,3,9,0.6137,0,0.077,151,5,103.11
mech_md75_ppoff_r20,mechanism_sweep,1685,treatment,4,3,0.6538,0,0.2864,55,1,94.83
mech_md75_ppoff_r20,mechanism_sweep,1822,control,0,6,0.4931,0,0.3026,86,7,93.33
mech_md75_ppoff_r20,mechanism_sweep,1822,control,1,4,0.514,0,0.2768,69,0,91.25
mech_md75_ppoff_r20,mechanism_sweep,1822,control,2,1,0.5299,0,0.0,20,0,39.0
mech_md75_ppoff_r20,mechanism_sweep,1822,control,3,2,0.4952,0,0.1168,31,2,106.5
mech_md75_ppoff_r20,mechanism_sweep,1822,control,4,1,0.5699,0,0.0,37,0,119.0
mech_md75_ppoff_r20,mechanism_sweep,1822,treatment,0,8,0.6062,0,0.3356,143,1,91.5
mech_md75_ppoff_r20,mechanism_sweep,1822,treatment,1,8,0.5902,0,0.2924,121,4,105.75
mech_md75_ppoff_r20,mechanism_sweep,1822,treatment,2,3,0.5166,0,0.2139,48,0,91.5
mech_md75_ppoff_r20,mechanism_sweep,1822,treatment,3,1,0.5043,0,0.0,15,0,75.0
mech_md75_ppoff_r20,mechanism_sweep,1822,treatment,4,8,0.5405,0,0.2253,95,7,124.38
mech_md75_ppoff_r20,mechanism_sweep,1959,control,0,6,0.6941,0,0.3686,121,2,117.0
mech_md75_ppoff_r20,mechanism_sweep,1959,control,1,6,0.6827,0,0.3155,128,4,92.5
mech_md75_ppoff_r20,mechanism_sweep,1959,control,2,5,0.6241,0,0.2926,86,2,110.6
mech_md75_ppoff_r20,mechanism_sweep,1959,control,3,15,0.4911,0,0.1667,172,13,107.2
mech_md75_ppoff_r20,mechanism_sweep,1959,control,4,10,0.5294,0,0.1686,135,4,117.8
mech_md75_ppoff_r20,mechanism_sweep,1959,treatment,0,7,0.504,0,0.3198,99,1,100.82
mech_md75_ppoff_r20,mechanism_sweep,1959,treatment,1,6,0.637,0,0.3192,129,2,130.12
mech_md75_ppoff_r20,mechanism_sweep,1959,treatment,2,3,0.5666,0,0.1906,48,1,82.5
mech_md75_ppoff_r20,mechanism_sweep,1959,treatment,3,1,0.2445,0,0.0,6,0,83.0
mech_md75_ppoff_r20,mechanism_sweep,1959,treatment,4,0,0,0,0,0,0,0
mech_md75_ppoff_r20,mechanism_sweep,2096,control,0,6,0.646,0,0.312,119,2,121.0
mech_md75_ppoff_r20,mechanism_sweep,2096,control,1,2,0.5221,0,0.2258,32,0,116.5
mech_md75_ppoff_r20,mechanism_sweep,2096,control,2,4,0.6416,0,0.2455,81,2,108.5
mech_md75_ppoff_r20,mechanism_sweep,2096,control,3,1,0.7051,0,0.0,41,1,60.0
mech_md75_ppoff_r20,mechanism_sweep,2096,control,4,3,0.5813,0,0.3595,60,1,61.0
mech_md75_ppoff_r20,mechanism_sweep,2096,treatment,0,5,0.5519,0,0.2702,96,1,89.1
mech_md75_ppoff_r20,mechanism_sweep,2096,treatment,1,11,0.5511,0,0.3047,178,3,108.27
mech_md75_ppoff_r20,mechanism_sweep,2096,treatment,2,3,0.5773,0,0.3402,56,1,104.92
mech_md75_ppoff_r20,mechanism_sweep,2096,treatment,3,6,0.5323,0,0.3318,95,2,85.42
mech_md75_ppoff_r20,mechanism_sweep,2096,treatment,4,1,0.5857,0,0.0,20,0,76.0
mech_md75_ppoff_r20,mechanism_sweep,2233,control,0,3,0.7385,0,0.3217,65,4,115.0
mech_md75_ppoff_r20,mechanism_sweep,2233,control,1,0,0,0,0,0,0,0
mech_md75_ppoff_r20,mechanism_sweep,2233,control,2,2,0.569,0,0.3142,36,0,108.5
mech_md75_ppoff_r20,mechanism_sweep,2233,control,3,9,0.4806,0,0.0825,92,11,93.67
mech_md75_ppoff_r20,mechanism_sweep,2233,control,4,11,0.529,0,0.2327,124,7,92.18
mech_md75_ppoff_r20,mechanism_sweep,2233,treatment,0,4,0.6305,0,0.3329,73,0,94.0
mech_md75_ppoff_r20,mechanism_sweep,2233,treatment,1,2,0.5908,0,0.265,27,0,102.75
mech_md75_ppoff_r20,mechanism_sweep,2233,treatment,2,4,0.626,0,0.2647,71,4,91.75
mech_md75_ppoff_r20,mechanism_sweep,2233,treatment,3,0,0,0,0,0,0,0
mech_md75_ppoff_r20,mechanism_sweep,2233,treatment,4,1,0.6059,0,0.0,15,0,112.5
mech_md75_ppoff_r20,mechanism_sweep,2370,control,0,6,0.6315,0,0.3552,116,3,105.33
mech_md75_ppoff_r20,mechanism_sweep,2370,control,1,10,0.5958,0,0.312,183,7,87.7
mech_md75_ppoff_r20,mechanism_sweep,2370,control,2,10,0.562,0,0.263,161,9,96.5
mech_md75_ppoff_r20,mechanism_sweep,2370,control,3,3,0.6465,0,0.2825,64,1,109.0
mech_md75_ppoff_r20,mechanism_sweep,2370,control,4,6,0.5832,0,0.2273,120,2,87.33
mech_md75_ppoff_r20,mechanism_sweep,2370,treatment,0,11,0.5959,0,0.3217,189,4,106.09
mech_md75_ppoff_r20,mechanism_sweep,2370,treatment,1,13,0.601,0,0.3128,223,7,115.73
mech_md75_ppoff_r20,mechanism_sweep,2370,treatment,2,8,0.6817,0,0.262,159,2,110.38
mech_md75_ppoff_r20,mechanism_sweep,2370,treatment,3,9,0.6517,0,0.214,151,6,101.39
mech_md75_ppoff_r20,mechanism_sweep,2370,treatment,4,7,0.4961,0,0.2064,83,5,121.93
mech_md75_ppoff_r20,mechanism_sweep,2507,control,0,3,0.6603,0,0.315,61,0,107.0
mech_md75_ppoff_r20,mechanism_sweep,2507,control,1,4,0.7044,0,0.3092,86,2,139.5
mech_md75_ppoff_r20,mechanism_sweep,2507,control,2,6,0.6326,0,0.3592,121,1,106.17
mech_md75_ppoff_r20,mechanism_sweep,2507,control,3,8,0.6398,0,0.2785,162,1,100.75
mech_md75_ppoff_r20,mechanism_sweep,2507,control,4,1,0.6721,0,0.0,20,0,100.0
mech_md75_ppoff_r20,mechanism_sweep,2507,treatment,0,6,0.5042,0,0.2993,84,1,116.21
mech_md75_ppoff_r20,mechanism_sweep,2507,treatment,1,2,0.606,0,0.3281,30,0,52.0
mech_md75_ppoff_r20,mechanism_sweep,2507,treatment,2,2,0.5397,0,0.0,28,2,115.75
mech_md75_ppoff_r20,mechanism_sweep,2507,treatment,3,3,0.6007,0,0.1113,49,2,88.67
mech_md75_ppoff_r20,mechanism_sweep,2507,treatment,4,1,0.6013,0,0.0,21,0,109.0
mech_md75_ppoff_r20,mechanism_sweep,2644,control,0,2,0.629,0,0.2272,45,1,137.5
mech_md75_ppoff_r20,mechanism_sweep,2644,control,1,3,0.6371,0,0.224,60,0,96.67
mech_md75_ppoff_r20,mechanism_sweep,2644,control,2,1,0.7188,0,0.0,22,2,120.0
mech_md75_ppoff_r20,mechanism_sweep,2644,control,3,2,0.5443,0,0.3107,38,0,76.0
mech_md75_ppoff_r20,mechanism_sweep,2644,control,4,0,0,0,0,0,0,0
mech_md75_ppoff_r20,mechanism_sweep,2644,treatment,0,7,0.6036,0,0.2998,133,1,101.61
mech_md75_ppoff_r20,mechanism_sweep,2644,treatment,1,1,0.7163,0,0.0,22,2,115.0
mech_md75_ppoff_r20,mechanism_sweep,2644,treatment,2,1,0.5615,0,0.0,16,0,110.0
mech_md75_ppoff_r20,mechanism_sweep,2644,treatment,3,3,0.5733,0,0.2747,51,0,127.83
mech_md75_ppoff_r20,mechanism_sweep,2644,treatment,4,3,0.6526,0,0.3099,58,1,113.83
mech_md75_ppoff_r20,mechanism_sweep,2781,control,0,7,0.636,0,0.2764,151,5,103.14
mech_md75_ppoff_r20,mechanism_sweep,2781,control,1,8,0.632,0,0.2849,144,3,101.88
mech_md75_ppoff_r20,mechanism_sweep,2781,control,2,1,0.8682,0,0.0,22,2,120.0
mech_md75_ppoff_r20,mechanism_sweep,2781,control,3,3,0.6979,0,0.2621,62,1,112.33
mech_md75_ppoff_r20,mechanism_sweep,2781,control,4,3,0.6628,0,0.3218,59,1,101.33
mech_md75_ppoff_r20,mechanism_sweep,2781,treatment,0,10,0.6275,0,0.3032,187,1,112.92
mech_md75_ppoff_r20,mechanism_sweep,2781,treatment,1,11,0.6045,0,0.2564,176,6,103.45
mech_md75_ppoff_r20,mechanism_sweep,2781,treatment,2,10,0.5373,0,0.2412,143,8,104.52
mech_md75_ppoff_r20,mechanism_sweep,2781,treatment,3,4,0.666,0,0.2486,75,1,131.0
mech_md75_ppoff_r20,mechanism_sweep,2781,treatment,4,21,0.535,0,0.2037,280,26,88.05
mech_md75_ppoff_r20,mechanism_sweep,2918,control,0,5,0.6191,0,0.3649,89,0,110.6
mech_md75_ppoff_r20,mechanism_sweep,2918,control,1,6,0.5514,0,0.2627,98,4,120.67
mech_md75_ppoff_r20,mechanism_sweep,2918,control,2,32,0.4556,0,0.1216,344,42,117.41
mech_md75_ppoff_r20,mechanism_sweep,2918,control,3,16,0.3775,0,0.1803,153,17,112.44
mech_md75_ppoff_r20,mechanism_sweep,2918,control,4,8,0.588,0,0.0966,117,9,118.0
mech_md75_ppoff_r20,mechanism_sweep,2918,treatment,0,7,0.5634,0,0.3331,104,2,109.96
mech_md75_ppoff_r20,mechanism_sweep,2918,treatment,1,4,0.5901,0,0.1371,66,3,124.5
mech_md75_ppoff_r20,mechanism_sweep,2918,treatment,2,9,0.5634,0,0.1979,122,4,102.81
mech_md75_ppoff_r20,mechanism_sweep,2918,treatment,3,0,0,0,0,0,0,0
mech_md75_ppoff_r20,mechanism_sweep,2918,treatment,4,4,0.6491,0,0.1825,71,0,107.94
mech_md75_ppoff_r20,mechanism_sweep,3055,control,0,7,0.6098,0,0.3416,143,0,107.14
mech_md75_ppoff_r20,mechanism_sweep,3055,control,1,5,0.5451,0,0.2806,77,4,122.0
mech_md75_ppoff_r20,mechanism_sweep,3055,control,2,0,0,0,0,0,0,0
mech_md75_ppoff_r20,mechanism_sweep,3055,control,3,11,0.4894,0,0.267,157,4,102.73
mech_md75_ppoff_r20,mechanism_sweep,3055,control,4,4,0.3841,0,0.2716,45,1,74.5
mech_md75_ppoff_r20,mechanism_sweep,3055,treatment,0,13,0.5718,0,0.3107,220,4,108.35
mech_md75_ppoff_r20,mechanism_sweep,3055,treatment,1,7,0.69,0,0.2326,136,4,125.29
mech_md75_ppoff_r20,mechanism_sweep,3055,treatment,2,2,0.5514,0,0.3951,34,0,105.25
mech_md75_ppoff_r20,mechanism_sweep,3055,treatment,3,6,0.6398,0,0.2737,108,0,101.5
mech_md75_ppoff_r20,mechanism_sweep,3055,treatment,4,4,0.544,0,0.2606,54,1,104.5
mech_md75_ppoff_r20,mechanism_sweep,3192,control,0,2,0.6292,0,0.2497,42,1,112.5
mech_md75_ppoff_r20,mechanism_sweep,3192,control,1,4,0.649,0,0.2669,81,2,90.75
mech_md75_ppoff_r20,mechanism_sweep,3192,control,2,0,0,0,0,0,0,0
mech_md75_ppoff_r20,mechanism_sweep,3192,control,3,3,0.6468,0,0.3146,64,1,139.67
mech_md75_ppoff_r20,mechanism_sweep,3192,control,4,4,0.5342,0,0.113,67,7,120.25
mech_md75_ppoff_r20,mechanism_sweep,3192,treatment,0,3,0.6346,0,0.3126,56,1,105.17
mech_md75_ppoff_r20,mechanism_sweep,3192,treatment,1,7,0.5356,0,0.3117,98,0,110.14
mech_md75_ppoff_r20,mechanism_sweep,3192,treatment,2,10,0.5186,0,0.2559,135,11,102.3
mech_md75_ppoff_r20,mechanism_sweep,3192,treatment,3,10,0.5804,0,0.276,167,5,105.8
mech_md75_ppoff_r20,mechanism_sweep,3192,treatment,4,18,0.4819,0,0.2354,199,14,112.83
mech_md75_ppoff_r20,mechanism_sweep,3329,control,0,5,0.6206,0,0.355,110,0,103.8
mech_md75_ppoff_r20,mechanism_sweep,3329,control,1,3,0.6509,0,0.3301,61,0,111.33
mech_md75_ppoff_r20,mechanism_sweep,3329,control,2,4,0.6284,0,0.1994,83,4,120.5
mech_md75_ppoff_r20,mechanism_sweep,3329,control,3,2,0.5919,0,0.2128,42,0,122.5
mech_md75_ppoff_r20,mechanism_sweep,3329,control,4,1,0.6198,0,0.0,21,0,117.0
mech_md75_ppoff_r20,mechanism_sweep,3329,treatment,0,7,0.6135,0,0.3071,117,2,112.75
mech_md75_ppoff_r20,mechanism_sweep,3329,treatment,1,5,0.6386,0,0.36,94,0,114.3
mech_md75_ppoff_r20,mechanism_sweep,3329,treatment,2,5,0.6173,0,0.3358,89,5,136.6
mech_md75_ppoff_r20,mechanism_sweep,3329,treatment,3,2,0.6405,0,0.2548,38,1,121.75
mech_md75_ppoff_r20,mechanism_sweep,3329,treatment,4,0,0,0,0,0,0,0
mech_md75_ppoff_r20,mechanism_sweep,3466,control,0,2,0.6487,0,0.3351,41,1,101.0
mech_md75_ppoff_r20,mechanism_sweep,3466,control,1,14,0.5418,0,0.2512,216,17,101.93
mech_md75_ppoff_r20,mechanism_sweep,3466,control,2,7,0.4855,0,0.2032,99,3,89.29
mech_md75_ppoff_r20,mechanism_sweep,3466,control,3,27,0.4596,0,0.2371,345,36,86.96
mech_md75_ppoff_r20,mechanism_sweep,3466,control,4,11,0.4468,0,0.1648,131,19,99.91
mech_md75_ppoff_r20,mechanism_sweep,3466,treatment,0,8,0.6569,0,0.2992,138,4,104.28
mech_md75_ppoff_r20,mechanism_sweep,3466,treatment,1,6,0.6271,0,0.2971,116,2,101.12
mech_md75_ppoff_r20,mechanism_sweep,3466,treatment,2,4,0.6744,0,0.2803,79,2,118.94
mech_md75_ppoff_r20,mechanism_sweep,3466,treatment,3,3,0.6658,0,0.2734,55,0,125.42
mech_md75_ppoff_r20,mechanism_sweep,3466,treatment,4,3,0.4976,0,0.3358,36,0,94.67
mech_md75_ppoff_r20,mechanism_sweep,3603,control,0,7,0.6289,0,0.3026,140,1,93.0
mech_md75_ppoff_r20,mechanism_sweep,3603,control,1,2,0.7775,0,0.2689,43,4,91.0
mech_md75_ppoff_r20,mechanism_sweep,3603,control,2,1,0.5722,0,0.0,20,0,100.0
mech_md75_ppoff_r20,mechanism_sweep,3603,control,3,4,0.5341,0,0.3326,65,1,103.5
mech_md75_ppoff_r20,mechanism_sweep,3603,control,4,3,0.7592,0,0.1169,66,5,133.0
mech_md75_ppoff_r20,mechanism_sweep,3603,treatment,0,5,0.5298,0,0.2621,90,2,76.6
mech_md75_ppoff_r20,mechanism_sweep,3603,treatment,1,3,0.5868,0,0.3624,65,1,115.0
mech_md75_ppoff_r20,mechanism_sweep,3603,treatment,2,5,0.5572,0,0.3118,88,2,113.4
mech_md75_ppoff_r20,mechanism_sweep,3603,treatment,3,1,0.7054,0,0.0,21,1,110.0
mech_md75_ppoff_r20,mechanism_sweep,3603,treatment,4,1,0.5299,0,0.0,16,0,12.5
mech_md75_ppoff_r20,mechanism_sweep,3740,control,0,7,0.6382,0,0.3285,144,2,106.29
mech_md75_ppoff_r20,mechanism_sweep,3740,control,1,6,0.5857,0,0.2611,106,2,100.33
mech_md75_ppoff_r20,mechanism_sweep,3740,control,2,7,0.6935,0,0.2708,140,4,106.86
mech_md75_ppoff_r20,mechanism_sweep,3740,control,3,3,0.7336,0,0.1772,63,0,133.0
mech_md75_ppoff_r20,mechanism_sweep,3740,control,4,2,0.8129,0,0.2647,43,3,115.0
mech_md75_ppoff_r20,mechanism_sweep,3740,treatment,0,10,0.6221,0,0.3166,190,1,109.45
mech_md75_ppoff_r20,mechanism_sweep,3740,treatment,1,10,0.5759,0,0.2986,157,1,94.75
mech_md75_ppoff_r20,mechanism_sweep,3740,treatment,2,13,0.5953,0,0.2304,205,15,107.04
mech_md75_ppoff_r20,mechanism_sweep,3740,treatment,3,13,0.6435,0,0.2227,228,12,109.27
mech_md75_ppoff_r20,mechanism_sweep,3740,treatment,4,1,0.6642,0,0.0,20,0,97.0
mech_md75_ppoff_r20,mechanism_sweep,3877,control,0,5,0.6874,0,0.2605,103,2,97.0
mech_md75_ppoff_r20,mechanism_sweep,3877,control,1,3,0.7159,0,0.1595,65,2,135.33
mech_md75_ppoff_r20,mechanism_sweep,3877,control,2,3,0.6671,0,0.1778,60,3,132.0
mech_md75_ppoff_r20,mechanism_sweep,3877,control,3,9,0.4727,0,0.1487,123,14,110.0
mech_md75_ppoff_r20,mechanism_sweep,3877,control,4,3,0.4268,0,0.1318,41,2,109.0
mech_md75_ppoff_r20,mechanism_sweep,3877,treatment,0,8,0.5998,0,0.3307,145,2,117.12
mech_md75_ppoff_r20,mechanism_sweep,3877,treatment,1,3,0.6341,0,0.2621,56,0,70.83
mech_md75_ppoff_r20,mechanism_sweep,3877,treatment,2,0,0,0,0,0,0,0
mech_md75_ppoff_r20,mechanism_sweep,3877,treatment,3,0,0,0,0,0,0,0
mech_md75_ppoff_r20,mechanism_sweep,3877,treatment,4,1,0.4507,0,0.0,10,0,94.0
mech_md75_ppoff_r20,mechanism_sweep,4014,control,0,8,0.709,0,0.2891,170,7,107.88
mech_md75_ppoff_r20,mechanism_sweep,4014,control,1,9,0.6016,0,0.2537,166,6,108.44
mech_md75_ppoff_r20,mechanism_sweep,4014,control,2,8,0.5814,0,0.2115,143,5,112.0
mech_md75_ppoff_r20,mechanism_sweep,4014,control,3,50,0.474,0,0.2292,666,81,111.56
mech_md75_ppoff_r20,mechanism_sweep,4014,control,4,12,0.5621,0,0.1733,196,13,119.67
mech_md75_ppoff_r20,mechanism_sweep,4014,treatment,0,5,0.5182,0,0.2899,73,1,115.3
mech_md75_ppoff_r20,mechanism_sweep,4014,treatment,1,7,0.4528,0,0.2945,89,1,92.46
mech_md75_ppoff_r20,mechanism_sweep,4014,treatment,2,9,0.5655,0,0.2442,140,10,99.61
mech_md75_ppoff_r20,mechanism_sweep,4014,treatment,3,6,0.6591,0,0.2758,112,3,125.0
mech_md75_ppoff_r20,mechanism_sweep,4014,treatment,4,8,0.6683,0,0.2239,143,5,121.88
mech_md75_ppoff_r20,mechanism_sweep,4151,control,0,3,0.5273,0,0.301,49,3,124.67
mech_md75_ppoff_r20,mechanism_sweep,4151,control,1,5,0.6562,0,0.3512,102,2,104.0
mech_md75_ppoff_r20,mechanism_sweep,4151,control,2,0,0,0,0,0,0,0
mech_md75_ppoff_r20,mechanism_sweep,4151,control,3,2,0.7289,0,0.246,41,1,103.5
mech_md75_ppoff_r20,mechanism_sweep,4151,control,4,2,0.6521,0,0.2304,37,2,101.0
mech_md75_ppoff_r20,mechanism_sweep,4151,treatment,0,11,0.6259,0,0.303,215,8,99.73
mech_md75_ppoff_r20,mechanism_sweep,4151,treatment,1,4,0.6183,0,0.287,66,2,148.88
mech_md75_ppoff_r20,mechanism_sweep,4151,treatment,2,4,0.712,0,0.29,74,1,138.12
mech_md75_ppoff_r20,mechanism_sweep,4151,treatment,3,11,0.5199,0,0.2113,136,13,127.8
mech_md75_ppoff_r20,mechanism_sweep,4151,treatment,4,11,0.6105,0,0.2802,177,3,135.93
mech_md75_ppoff_r20,mechanism_sweep,4288,control,0,2,0.6489,0,0.2362,44,1,146.5
mech_md75_ppoff_r20,mechanism_sweep,4288,control,1,10,0.6308,0,0.2887,194,12,125.4
mech_md75_ppoff_r20,mechanism_sweep,4288,control,2,7,0.5762,0,0.2774,135,1,109.57
mech_md75_ppoff_r20,mechanism_sweep,4288,control,3,6,0.6408,0,0.3137,111,2,98.33
mech_md75_ppoff_r20,mechanism_sweep,4288,control,4,6,0.6362,0,0.3221,113,0,125.83
mech_md75_ppoff_r20,mechanism_sweep,4288,treatment,0,4,0.6161,0,0.2978,74,2,122.5
mech_md75_ppoff_r20,mechanism_sweep,4288,treatment,1,5,0.7011,0,0.3626,92,3,112.7
mech_md75_ppoff_r20,mechanism_sweep,4288,treatment,2,4,0.669,0,0.4079,75,1,113.5
mech_md75_ppoff_r20,mechanism_sweep,4288,treatment,3,6,0.585,0,0.3041,93,2,115.5
mech_md75_ppoff_r20,mechanism_sweep,4288,treatment,4,7,0.6374,0,0.281,125,3,86.5
mech_md75_ppoff_r20,mechanism_sweep,4425,control,0,8,0.537,0,0.2318,137,10,108.12
mech_md75_ppoff_r20,mechanism_sweep,4425,control,1,1,0.6079,0,0.0,20,0,93.0
mech_md75_ppoff_r20,mechanism_sweep,4425,control,2,6,0.599,0,0.246,117,2,110.33
mech_md75_ppoff_r20,mechanism_sweep,4425,control,3,2,0.6691,0,0.2327,43,1,141.0
mech_md75_ppoff_r20,mechanism_sweep,4425,control,4,13,0.5058,0,0.2041,194,10,111.54
mech_md75_ppoff_r20,mechanism_sweep,4425,treatment,0,7,0.584,0,0.3068,120,0,97.0
mech_md75_ppoff_r20,mechanism_sweep,4425,treatment,1,7,0.6953,0,0.2247,131,4,120.18
mech_md75_ppoff_r20,mechanism_sweep,4425,treatment,2,4,0.6425,0,0.1812,69,1,105.75
mech_md75_ppoff_r20,mechanism_sweep,4425,treatment,3,0,0,0,0,0,0,0
mech_md75_ppoff_r20,mechanism_sweep,4425,treatment,4,0,0,0,0,0,0,0
mech_md75_ppoff_r20,mechanism_sweep,4562,control,0,4,0.6126,0,0.3073,72,1,86.25
mech_md75_ppoff_r20,mechanism_sweep,4562,control,1,1,0.7627,0,0.0,22,1,127.0
mech_md75_ppoff_r20,mechanism_sweep,4562,control,2,3,0.7053,0,0.1822,72,2,79.33
mech_md75_ppoff_r20,mechanism_sweep,4562,control,3,2,0.5706,0,0.2223,38,0,91.5
mech_md75_ppoff_r20,mechanism_sweep,4562,control,4,0,0,0,0,0,0,0
mech_md75_ppoff_r20,mechanism_sweep,4562,treatment,0,8,0.5957,0,0.3081,143,1,104.19
mech_md75_ppoff_r20,mechanism_sweep,4562,treatment,1,7,0.575,0,0.3202,116,2,109.36
mech_md75_ppoff_r20,mechanism_sweep,4562,treatment,2,5,0.6896,0,0.2396,85,5,119.7
mech_md75_ppoff_r20,mechanism_sweep,4562,treatment,3,13,0.53,0,0.2045,190,11,120.85
mech_md75_ppoff_r20,mechanism_sweep,4562,treatment,4,8,0.5804,0,0.2289,119,7,102.16
mech_md75_ppoff_r20,mechanism_sweep,4699,control,0,4,0.6815,0,0.2958,79,4,114.75
mech_md75_ppoff_r20,mechanism_sweep,4699,control,1,6,0.6021,0,0.2416,117,4,92.33
mech_md75_ppoff_r20,mechanism_sweep,4699,control,2,1,0.7476,0,0.0,21,1,105.0
mech_md75_ppoff_r20,mechanism_sweep,4699,control,3,1,0.6688,0,0.0,18,1,13.0
mech_md75_ppoff_r20,mechanism_sweep,4699,control,4,7,0.4816,0,0.1842,83,4,112.71
mech_md75_ppoff_r20,mechanism_sweep,4699,treatment,0,20,0.4345,0,0.2259,217,16,89.88
mech_md75_ppoff_r20,mechanism_sweep,4699,treatment,1,11,0.5812,0,0.2147,176,9,115.8
mech_md75_ppoff_r20,mechanism_sweep,4699,treatment,2,14,0.682,0,0.2292,255,11,110.79
mech_md75_ppoff_r20,mechanism_sweep,4699,treatment,3,31,0.609,0,0.2305,500,35,111.8
mech_md75_ppoff_r20,mechanism_sweep,4699,treatment,4,14,0.6524,0,0.2088,210,14,113.54
mech_md75_ppoff_r20,mechanism_sweep,4836,control,0,4,0.6456,0,0.3319,83,1,121.75
mech_md75_ppoff_r20,mechanism_sweep,4836,control,1,10,0.4659,0,0.27,126,13,111.4
mech_md75_ppoff_r20,mechanism_sweep,4836,control,2,2,0.7361,0,0.1719,43,1,113.0
mech_md75_ppoff_r20,mechanism_sweep,4836,control,3,0,0,0,0,0,0,0
mech_md75_ppoff_r20,mechanism_sweep,4836,control,4,1,0.6983,0,0.0,21,1,110.0
mech_md75_ppoff_r20,mechanism_sweep,4836,treatment,0,11,0.5656,0,0.3096,196,3,91.23
mech_md75_ppoff_r20,mechanism_sweep,4836,treatment,1,6,0.6256,0,0.3237,108,3,118.58
mech_md75_ppoff_r20,mechanism_sweep,4836,treatment,2,8,0.6449,0,0.3323,140,2,123.0
mech_md75_ppoff_r20,mechanism_sweep,4836,treatment,3,6,0.6004,0,0.3293,103,0,80.54
mech_md75_ppoff_r20,mechanism_sweep,4836,treatment,4,8,0.5172,0,0.2671,112,4,115.56
mech_md75_ppoff_r20,mechanism_sweep,4973,control,0,6,0.5955,0,0.2554,116,1,96.33
mech_md75_ppoff_r20,mechanism_sweep,4973,control,1,8,0.6328,0,0.2475,155,8,116.12
mech_md75_ppoff_r20,mechanism_sweep,4973,control,2,23,0.4138,0,0.2453,251,19,98.09
mech_md75_ppoff_r20,mechanism_sweep,4973,control,3,4,0.5774,0,0.1927,68,2,76.75
mech_md75_ppoff_r20,mechanism_sweep,4973,control,4,9,0.569,0,0.2373,144,12,112.0
mech_md75_ppoff_r20,mechanism_sweep,4973,treatment,0,12,0.6462,0,0.3159,209,4,109.02
mech_md75_ppoff_r20,mechanism_sweep,4973,treatment,1,13,0.6481,0,0.257,228,18,107.46
mech_md75_ppoff_r20,mechanism_sweep,4973,treatment,2,8,0.6456,0,0.3272,142,2,114.84
mech_md75_ppoff_r20,mechanism_sweep,4973,treatment,3,9,0.4989,0,0.2246,94,5,106.89
mech_md75_ppoff_r20,mechanism_sweep,4973,treatment,4,13,0.5384,0,0.2618,187,9,103.12
mech_md75_ppoff_r30,mechanism_sweep,1000,control,0,2,0.6167,0,0.2905,36,0,99.5
mech_md75_ppoff_r30,mechanism_sweep,1000,control,1,0,0,0,0,0,0,0
mech_md75_ppoff_r30,mechanism_sweep,1000,control,2,4,0.6569,0,0.2604,92,0,117.0
mech_md75_ppoff_r30,mechanism_sweep,1000,control,3,1,0.6501,0,0.0,22,1,101.0
mech_md75_ppoff_r30,mechanism_sweep,1000,control,4,5,0.6024,0,0.1985,92,5,105.0
mech_md75_ppoff_r30,mechanism_sweep,1000,treatment,0,15,0.5007,0,0.2876,213,3,115.23
mech_md75_ppoff_r30,mechanism_sweep,1000,treatment,1,8,0.5541,0,0.3327,125,3,127.47
mech_md75_ppoff_r30,mechanism_sweep,1000,treatment,2,18,0.5515,0,0.276,270,12,90.94
mech_md75_ppoff_r30,mechanism_sweep,1000,treatment,3,12,0.604,0,0.263,199,2,114.9
mech_md75_ppoff_r30,mechanism_sweep,1000,treatment,4,19,0.5863,0,0.2604,280,6,98.29
mech_md75_ppoff_r30,mechanism_sweep,1137,control,0,4,0.6478,0,0.3082,83,1,124.0
mech_md75_ppoff_r30,mechanism_sweep,1137,control,1,8,0.6582,0,0.2846,162,3,109.62
mech_md75_ppoff_r30,mechanism_sweep,1137,control,2,2,0.7375,0,0.2362,43,1,119.5
mech_md75_ppoff_r30,mechanism_sweep,1137,control,3,2,0.6401,0,0.2271,42,0,148.5
mech_md75_ppoff_r30,mechanism_sweep,1137,control,4,2,0.654,0,0.1709,41,1,105.0
mech_md75_ppoff_r30,mechanism_sweep,1137,treatment,0,5,0.5799,0,0.3575,79,1,100.45
mech_md75_ppoff_r30,mechanism_sweep,1137,treatment,1,4,0.6603,0,0.271,71,0,114.31
mech_md75_ppoff_r30,mechanism_sweep,1137,treatment,2,1,0.5814,0,0.0,19,0,110.0
mech_md75_ppoff_r30,mechanism_sweep,1137,treatment,3,0,0,0,0,0,0,0
mech_md75_ppoff_r30,mechanism_sweep,1137,treatment,4,0,0,0,0,0,0,0
mech_md75_ppoff_r30,mechanism_sweep,1274,control,0,3,0.6672,0,0.2438,56,2,71.67
mech_md75_ppoff_r30,mechanism_sweep,1274,control,1,1,0.7799,0,0.0,20,1,103.0
mech_md75_ppoff_r30,mechanism_sweep,1274,control,2,3,0.4704,0,0.2325,45,1,105.0
mech_md75_ppoff_r30,mechanism_sweep,1274,control,3,5,0.6158,0,0.1527,79,2,106.0
mech_md75_ppoff_r30,mechanism_sweep,1274,control,4,0,0,0,0,0,0,0
mech_md75_ppoff_r30,mechanism_sweep,1274,treatment,0,13,0.6518,0,0.2823,222,11,113.1
mech_md75_ppoff_r30,mechanism_sweep,1274,treatment,1,21,0.5268,0,0.2537,274,21,104.92
mech_md75_ppoff_r30,mechanism_sweep,1274,treatment,2,8,0.6168,0,0.2611,130,3,102.09
mech_md75_ppoff_r30,mechanism_sweep,1274,treatment,3,11,0.6671,0,0.2803,189,4,114.09
mech_md75_ppoff_r30,mechanism_sweep,1274,treatment,4,10,0.5356,0,0.3004,134,4,102.45
mech_md75_ppoff_r30,mechanism_sweep,1411,control,0,5,0.6328,0,0.3204,96,1,82.4
mech_md75_ppoff_r30,mechanism_sweep,1411,control,1,4,0.6779,0,0.3459,81,0,100.25
mech_md75_ppoff_r30,mechanism_sweep,1411,control,2,1,0.6305,0,0.0,21,0,115.0
mech_md75_ppoff_r30,mechanism_sweep,1411,control,3,0,0,0,0,0,0,0
mech_md75_ppoff_r30,mechanism_sweep,1411,control,4,1,0.6073,0,0.0,14,0,94.0
mech_md75_ppoff_r30,mechanism_sweep,1411,treatment,0,7,0.5959,0,0.3484,115,6,110.14
mech_md75_ppoff_r30,mechanism_sweep,1411,treatment,1,11,0.5163,0,0.2566,158,10,111.89
mech_md75_ppoff_r30,mechanism_sweep,1411,treatment,2,7,0.5945,0,0.2305,106,8,100.29
mech_md75_ppoff_r30,mechanism_sweep,1411,treatment,3,12,0.5378,0,0.2317,151,7,107.42
mech_md75_ppoff_r30,mechanism_sweep,1411,treatment,4,7,0.6072,0,0.2158,118,4,122.11
mech_md75_ppoff_r30,mechanism_sweep,1548,control,0,3,0.653,0,0.2709,66,3,82.0
mech_md75_ppoff_r30,mechanism_sweep,1548,control,1,4,0.61,0,0.2659,77,2,112.5
mech_md75_ppoff_r30,mechanism_sweep,1548,control,2,1,0.6196,0,0.0,21,0,163.0
mech_md75_ppoff_r30,mechanism_sweep,1548,control,3,2,0.6123,0,0.2969,38,0,91.5
mech_md75_ppoff_r30,mechanism_sweep,1548,control,4,1,0.6597,0,0.0,20,0,90.0
mech_md75_ppoff_r30,mechanism_sweep,1548,treatment,0,10,0.6289,0,0.2997,190,2,136.7
mech_md75_ppoff_r30,mechanism_sweep,1548,treatment,1,6,0.6796,0,0.2535,115,2,126.0
mech_md75_ppoff_r30,mechanism_sweep,1548,treatment,2,5,0.5916,0,0.2028,77,0,99.4
mech_md75_ppoff_r30,mechanism_sweep,1548,treatment,3,4,0.7064,0,0.1378,67,4,84.75
mech_md75_ppoff_r30,mechanism_sweep,1548,treatment,4,8,0.6463,0,0.0604,122,4,121.66
mech_md75_ppoff_r30,mechanism_sweep,1685,control,0,9,0.5849,0,0.2611,161,13,94.44
mech_md75_ppoff_r30,mechanism_sweep,1685,control,1,8,0.52,0,0.2823,122,10,112.38
mech_md75_ppoff_r30,mechanism_sweep,1685,control,2,3,0.6404,0,0.2859,61,4,104.0
mech_md75_ppoff_r30,mechanism_sweep,1685,control,3,22,0.5234,0,0.2203,320,30,113.59
mech_md75_ppoff_r30,mechanism_sweep,1685,control,4,2,0.6221,0,0.0329,42,2,110.0
mech_md75_ppoff_r30,mechanism_sweep,1685,treatment,0,11,0.5483,0,0.3408,173,4,117.75
mech_md75_ppoff_r30,mechanism_sweep,1685,treatment,1,7,0.5999,0,0.2577,115,2,125.07
mech_md75_ppoff_r30,mechanism_sweep,1685,treatment,2,8,0.5815,0,0.2461,117,4,106.0
mech_md75_ppoff_r30,mechanism_sweep,1685,treatment,3,10,0.5434,0,0.2092,147,3,124.02
mech_md75_ppoff_r30,mechanism_sweep,1685,treatment,4,3,0.7363,0,0.2813,54,3,122.92
mech_md75_ppoff_r30,mechanism_sweep,1822,control,0,6,0.4931,0,0.3026,86,7,93.33
mech_md75_ppoff_r30,mechanism_sweep,1822,control,1,4,0.514,0,0.2768,69,0,91.25
mech_md75_ppoff_r30,mechanism_sweep,1822,control,2,1,0.5299,0,0.0,20,0,39.0
mech_md75_ppoff_r30,mechanism_sweep,1822,control,3,2,0.4952,0,0.1168,31,2,106.5
mech_md75_ppoff_r30,mechanism_sweep,1822,control,4,1,0.5699,0,0.0,37,0,119.0
mech_md75_ppoff_r30,mechanism_sweep,1822,treatment,0,5,0.4502,0,0.3117,54,3,98.5
mech_md75_ppoff_r30,mechanism_sweep,1822,treatment,1,2,0.6389,0,0.4349,34,0,144.75
mech_md75_ppoff_r30,mechanism_sweep,1822,treatment,2,4,0.5962,0,0.2472,67,1,87.44
mech_md75_ppoff_r30,mechanism_sweep,1822,treatment,3,2,0.5178,0,0.4277,30,1,109.0
mech_md75_ppoff_r30,mechanism_sweep,1822,treatment,4,4,0.5383,0,0.2585,56,0,123.0
mech_md75_ppoff_r30,mechanism_sweep,1959,control,0,6,0.6941,0,0.3686,121,2,117.0
mech_md75_ppoff_r30,mechanism_sweep,1959,control,1,6,0.6827,0,0.3155,128,4,92.5
mech_md75_ppoff_r30,mechanism_sweep,1959,control,2,5,0.6241,0,0.2926,86,2,110.6
mech_md75_ppoff_r30,mechanism_sweep,1959,control,3,15,0.4911,0,0.1667,172,13,107.2
mech_md75_ppoff_r30,mechanism_sweep,1959,control,4,10,0.5294,0,0.1686,135,4,117.8
mech_md75_ppoff_r30,mechanism_sweep,1959,treatment,0,16,0.6202,0,0.3142,285,6,119.06
mech_md75_ppoff_r30,mechanism_sweep,1959,treatment,1,24,0.5423,0,0.2906,325,17,124.25
mech_md75_ppoff_r30,mechanism_sweep,1959,treatment,2,14,0.4856,0,0.2832,169,12,106.68
mech_md75_ppoff_r30,mechanism_sweep,1959,treatment,3,29,0.5692,0,0.2543,402,44,117.99
mech_md75_ppoff_r30,mechanism_sweep,1959,treatment,4,12,0.5995,0,0.2103,183,8,115.17
mech_md75_ppoff_r30,mechanism_sweep,2096,control,0,6,0.646,0,0.312,119,2,121.0
mech_md75_ppoff_r30,mechanism_sweep,2096,control,1,2,0.5221,0,0.2258,32,0,116.5
mech_md75_ppoff_r30,mechanism_sweep,2096,control,2,4,0.6416,0,0.2455,81,2,108.5
mech_md75_ppoff_r30,mechanism_sweep,2096,control,3,1,0.7051,0,0.0,41,1,60.0
mech_md75_ppoff_r30,mechanism_sweep,2096,control,4,3,0.5813,0,0.3595,60,1,61.0
mech_md75_ppoff_r30,mechanism_sweep,2096,treatment,0,14,0.496,0,0.308,190,7,92.73
mech_md75_ppoff_r30,mechanism_sweep,2096,treatment,1,6,0.5228,0,0.3171,89,0,85.71
mech_md75_ppoff_r30,mechanism_sweep,2096,treatment,2,13,0.5313,0,0.2802,192,7,107.77
mech_md75_ppoff_r30,mechanism_sweep,2096,treatment,3,7,0.6453,0,0.2408,115,3,114.07
mech_md75_ppoff_r30,mechanism_sweep,2096,treatment,4,6,0.5935,0,0.1859,88,2,103.75
mech_md75_ppoff_r30,mechanism_sweep,2233,control,0,3,0.7385,0,0.3217,65,4,115.0
mech_md75_ppoff_r30,mechanism_sweep,2233,control,1,0,0,0,0,0,0,0
mech_md75_ppoff_r30,mechanism_sweep,2233,control,2,2,0.569,0,0.3142,36,0,108.5
mech_md75_ppoff_r30,mechanism_sweep,2233,control,3,9,0.4806,0,0.0825,92,11,93.67
mech_md75_ppoff_r30,mechanism_sweep,2233,control,4,11,0.529,0,0.2327,124,7,92.18
mech_md75_ppoff_r30,mechanism_sweep,2233,treatment,0,4,0.5988,0,0.3331,71,0,113.12
mech_md75_ppoff_r30,mechanism_sweep,2233,treatment,1,1,0.5557,0,0.0,17,0,107.0
mech_md75_ppoff_r30,mechanism_sweep,2233,treatment,2,2,0.694,0,0.225,35,0,84.75
mech_md75_ppoff_r30,mechanism_sweep,2233,treatment,3,2,0.6406,0,0.0311,29,0,129.25
mech_md75_ppoff_r30,mechanism_sweep,2233,treatment,4,4,0.6779,0,0.1868,61,0,100.75
mech_md75_ppoff_r30,mechanism_sweep,2370,control,0,6,0.6315,0,0.3552,116,3,105.33
mech_md75_ppoff_r30,mechanism_sweep,2370,control,1,10,0.5958,0,0.312,183,7,87.7
mech_md75_ppoff_r30,mechanism_sweep,2370,control,2,10,0.562,0,0.263,161,9,96.5
mech_md75_ppoff_r30,mechanism_sweep,2370,control,3,3,0.6465,0,0.2825,64,1,109.0
mech_md75_ppoff_r30,mechanism_sweep,2370,control,4,6,0.5832,0,0.2273,120,2,87.33
mech_md75_ppoff_r30,mechanism_sweep,2370,treatment,0,8,0.6092,0,0.3416,122,6,114.56
mech_md75_ppoff_r30,mechanism_sweep,2370,treatment,1,20,0.4779,0,0.33,286,13,117.42
mech_md75_ppoff_r30,mechanism_sweep,2370,treatment,2,17,0.566,0,0.3124,288,14,106.72
mech_md75_ppoff_r30,mechanism_sweep,2370,treatment,3,11,0.5998,0,0.2986,205,5,108.02
mech_md75_ppoff_r30,mechanism_sweep,2370,treatment,4,9,0.5588,0,0.2798,129,5,88.69
mech_md75_ppoff_r30,mechanism_sweep,2507,control,0,3,0.6603,0,0.315,61,0,107.0
mech_md75_ppoff_r30,mechanism_sweep,2507,control,1,4,0.7044,0,0.3092,86,2,139.5
mech_md75_ppoff_r30,mechanism_sweep,2507,control,2,6,0.6326,0,0.3592,121,1,106.17
mech_md75_ppoff_r30,mechanism_sweep,2507,control,3,8,0.6398,0,0.2785,162,1,100.75
mech_md75_ppoff_r30,mechanism_sweep,2507,control,4,1,0.6721,0,0.0,20,0,100.0
mech_md75_ppoff_r30,mechanism_sweep,2507,treatment,0,8,0.5577,0,0.282,119,4,115.97
mech_md75_ppoff_r30,mechanism_sweep,2507,treatment,1,3,0.6765,0,0.3468,54,2,123.33
mech_md75_ppoff_r30,mechanism_sweep,2507,treatment,2,9,0.6767,0,0.2968,175,4,115.64
mech_md75_ppoff_r30,mechanism_sweep,2507,treatment,3,5,0.5769,0,0.2067,74,2,105.1
mech_md75_ppoff_r30,mechanism_sweep,2507,treatment,4,4,0.6092,0,0.2932,63,3,86.25
mech_md75_ppoff_r30,mechanism_sweep,2644,control,0,2,0.629,0,0.2272,45,1,137.5
mech_md75_ppoff_r30,mechanism_sweep,2644,control,1,3,0.6371,0,0.224,60,0,96.67
mech_md75_ppoff_r30,mechanism_sweep,2644,control,2,1,0.7188,0,0.0,22,2,120.0
mech_md75_ppoff_r30,mechanism_sweep,2644,control,3,2,0.5443,0,0.3107,38,0,76.0
mech_md75_ppoff_r30,mechanism_sweep,2644,control,4,0,0,0,0,0,0,0
mech_md75_ppoff_r30,mechanism_sweep,2644,treatment,0,7,0.6399,0,0.2964,149,5,101.0
mech_md75_ppoff_r30,mechanism_sweep,2644,treatment,1,3,0.641,0,0.2695,54,1,148.83
mech_md75_ppoff_r30,mechanism_sweep,2644,treatment,2,7,0.6363,0,0.268,120,5,127.36
mech_md75_ppoff_r30,mechanism_sweep,2644,treatment,3,7,0.4936,0,0.132,81,6,124.5
mech_md75_ppoff_r30,mechanism_sweep,2644,treatment,4,9,0.5345,0,0.2074,121,3,125.69
mech_md75_ppoff_r30,mechanism_sweep,2781,control,0,7,0.636,0,0.2764,151,5,103.14
mech_md75_ppoff_r30,mechanism_sweep,2781,control,1,8,0.632,0,0.2849,144,3,101.88
mech_md75_ppoff_r30,mechanism_sweep,2781,control,2,1,0.8682,0,0.0,22,2,120.0
mech_md75_ppoff_r30,mechanism_sweep,2781,control,3,3,0.6979,0,0.2621,62,1,112.33
mech_md75_ppoff_r30,mechanism_sweep,2781,control,4,3,0.6628,0,0.3218,59,1,101.33
mech_md75_ppoff_r30,mechanism_sweep,2781,treatment,0,7,0.6127,0,0.3257,121,2,107.21
mech_md75_ppoff_r30,mechanism_sweep,2781,treatment,1,8,0.6158,0,0.2504,129,3,123.06
mech_md75_ppoff_r30,mechanism_sweep,2781,treatment,2,5,0.688,0,0.207,96,3,129.95
mech_md75_ppoff_r30,mechanism_sweep,2781,treatment,3,4,0.615,0,0.1776,68,0,74.12
mech_md75_ppoff_r30,mechanism_sweep,2781,treatment,4,1,0.5774,0,0.0,16,0,87.5
mech_md75_ppoff_r30,mechanism_sweep,2918,control,0,5,0.6191,0,0.3649,89,0,110.6
mech_md75_ppoff_r30,mechanism_sweep,2918,control,1,6,0.5514,0,0.2627,98,4,120.67
mech_md75_ppoff_r30,mechanism_sweep,2918,control,2,32,0.4556,0,0.1216,344,42,117.41
mech_md75_ppoff_r30,mechanism_sweep,2918,control,3,16,0.3775,0,0.1803,153,17,112.44
mech_md75_ppoff_r30,mechanism_sweep,2918,control,4,8,0.588,0,0.0966,117,9,118.0
mech_md75_ppoff_r30,mechanism_sweep,2918,treatment,0,6,0.5807,0,0.3664,95,0,85.5
mech_md75_ppoff_r30,mechanism_sweep,2918,treatment,1,11,0.5662,0,0.3201,170,9,112.11
mech_md75_ppoff_r30,mechanism_sweep,2918,treatment,2,11,0.5515,0,0.287,162,4,134.36
mech_md75_ppoff_r30,mechanism_sweep,2918,treatment,3,5,0.5921,0,0.2433,77,1,103.4
mech_md75_ppoff_r30,mechanism_sweep,2918,treatment,4,7,0.6558,0,0.2414,120,3,114.46
mech_md75_ppoff_r30,mechanism_sweep,3055,control,0,7,0.6098,0,0.3416,143,0,107.14
mech_md75_ppoff_r30,mechanism_sweep,3055,control,1,5,0.5451,0,0.2806,77,4,122.0
mech_md75_ppoff_r30,mechanism_sweep,3055,control,2,0,0,0,0,0,0,0
mech_md75_ppoff_r30,mechanism_sweep,3055,control,3,11,0.4894,0,0.267,157,4,102.73
mech_md75_ppoff_r30,mechanism_sweep,3055,control,4,4,0.3841,0,0.2716,45,1,74.5
mech_md75_ppoff_r30,mechanism_sweep,3055,treatment,0,10,0.6081,0,0.3288,177,2,107.48
mech_md75_ppoff_r30,mechanism_sweep,3055,treatment,1,3,0.5603,0,0.274,45,1,100.17
mech_md75_ppoff_r30,mechanism_sweep,3055,treatment,2,8,0.5175,0,0.2982,114,4,132.94
mech_md75_ppoff_r30,mechanism_sweep,3055,treatment,3,4,0.4701,0,0.2553,55,1,58.12
mech_md75_ppoff_r30,mechanism_sweep,3055,treatment,4,2,0.5073,0,0.419,33,0,110.5
mech_md75_ppoff_r30,mechanism_sweep,3192,control,0,2,0.6292,0,0.2497,42,1,112.5
mech_md75_ppoff_r30,mechanism_sweep,3192,control,1,4,0.649,0,0.2669,81,2,90.75
mech_md75_ppoff_r30,mechanism_sweep,3192,control,2,0,0,0,0,0,0,0
mech_md75_ppoff_r30,mechanism_sweep,3192,control,3,3,0.6468,0,0.3146,64,1,139.67
mech_md75_ppoff_r30,mechanism_sweep,3192,control,4,4,0.5342,0,0.113,67,7,120.25
mech_md75_ppoff_r30,mechanism_sweep,3192,treatment,0,11,0.6103,0,0.2998,187,7,115.84
mech_md75_ppoff_r30,mechanism_sweep,3192,treatment,1,3,0.5064,0,0.2759,36,3,139.0
mech_md75_ppoff_r30,mechanism_sweep,3192,treatment,2,6,0.5019,0,0.3105,80,1,95.92
mech_md75_ppoff_r30,mechanism_sweep,3192,treatment,3,1,0.6773,0,0.0,20,0,100.0
mech_md75_ppoff_r30,mechanism_sweep,3192,treatment,4,5,0.5099,0,0.3032,58,1,105.1
mech_md75_ppoff_r30,mechanism_sweep,3329,control,0,5,0.6206,0,0.355,110,0,103.8
mech_md75_ppoff_r30,mechanism_sweep,3329,control,1,3,0.6509,0,0.3301,61,0,111.33
mech_md75_ppoff_r30,mechanism_sweep,3329,control,2,4,0.6284,0,0.1994,83,4,120.5
mech_md75_ppoff_r30,mechanism_sweep,3329,control,3,2,0.5919,0,0.2128,42,0,122.5
mech_md75_ppoff_r30,mechanism_sweep,3329,control,4,1,0.6198,0,0.0,21,0,117.0
mech_md75_ppoff_r30,mechanism_sweep,3329,treatment,0,6,0.5531,0,0.2924,89,0,96.71
mech_md75_ppoff_r30,mechanism_sweep,3329,treatment,1,3,0.5885,0,0.269,38,2,131.83
mech_md75_ppoff_r30,mechanism_sweep,3329,treatment,2,4,0.6215,0,0.1483,60,1,100.38
mech_md75_ppoff_r30,mechanism_sweep,3329,treatment,3,10,0.5997,0,0.1701,154,8,101.75
mech_md75_ppoff_r30,mechanism_sweep,3329,treatment,4,5,0.678,0,0.075,91,3,106.3
mech_md75_ppoff_r30,mechanism_sweep,3466,control,0,2,0.6487,0,0.3351,41,1,101.0
mech_md75_ppoff_r30,mechanism_sweep,3466,control,1,14,0.5418,0,0.2512,216,17,101.93
mech_md75_ppoff_r30,mechanism_sweep,3466,control,2,7,0.4855,0,0.2032,99,3,89.29
mech_md75_ppoff_r30,mechanism_sweep,3466,control,3,27,0.4596,0,0.2371,345,36,86.96
mech_md75_ppoff_r30,mechanism_sweep,3466,control,4,11,0.4468,0,0.1648,131,19,99.91
mech_md75_ppoff_r30,mechanism_sweep,3466,treatment,0,4,0.6165,0,0.332,69,0,121.38
mech_md75_ppoff_r30,mechanism_sweep,3466,treatment,1,8,0.5843,0,0.3135,130,4,116.88
mech_md75_ppoff_r30,mechanism_sweep,3466,treatment,2,8,0.5767,0,0.2872,124,1,103.28
mech_md75_ppoff_r30,mechanism_sweep,3466,treatment,3,10,0.6444,0,0.2855,178,2,122.6
mech_md75_ppoff_r30,mechanism_sweep,3466,treatment,4,11,0.6467,0,0.2727,195,3,116.0
mech_md75_ppoff_r30,mechanism_sweep,3603,control,0,7,0.6289,0,0.3026,140,1,93.0
mech_md75_ppoff_r30,mechanism_sweep,3603,control,1,2,0.7775,0,0.2689,43,4,91.0
mech_md75_ppoff_r30,mechanism_sweep,3603,control,2,1,0.5722,0,0.0,20,0,100.0
mech_md75_ppoff_r30,mechanism_sweep,3603,control,3,4,0.5341,0,0.3326,65,1,103.5
mech_md75_ppoff_r30,mechanism_sweep,3603,control,4,3,0.7592,0,0.1169,66,5,133.0
mech_md75_ppoff_r30,mechanism_sweep,3603,treatment,0,11,0.6013,0,0.3131,187,8,125.41
mech_md75_ppoff_r30,mechanism_sweep,3603,treatment,1,9,0.5778,0,0.2722,145,5,114.61
mech_md75_ppoff_r30,mechanism_sweep,3603,treatment,2,8,0.5987,0,0.2269,134,2,111.88
mech_md75_ppoff_r30,mechanism_sweep,3603,treatment,3,6,0.6851,0,0.2066,119,4,124.12
mech_md75_ppoff_r30,mechanism_sweep,3603,treatment,4,8,0.6022,0,0.2016,128,3,127.28
mech_md75_ppoff_r30,mechanism_sweep,3740,control,0,7,0.6382,0,0.3285,144,2,106.29
mech_md75_ppoff_r30,mechanism_sweep,3740,control,1,6,0.5857,0,0.2611,106,2,100.33
mech_md75_ppoff_r30,mechanism_sweep,3740,control,2,7,0.6935,0,0.2708,140,4,106.86
mech_md75_ppoff_r30,mechanism_sweep,3740,control,3,3,0.7336,0,0.1772,63,0,133.0
mech_md75_ppoff_r30,mechanism_sweep,3740,control,4,2,0.8129,0,0.2647,43,3,115.0
mech_md75_ppoff_r30,mechanism_sweep,3740,treatment,0,7,0.6168,0,0.3048,121,1,124.57
mech_md75_ppoff_r30,mechanism_sweep,3740,treatment,1,6,0.5525,0,0.2714,95,4,115.62
mech_md75_ppoff_r30,mechanism_sweep,3740,treatment,2,16,0.5467,0,0.3055,248,13,106.66
mech_md75_ppoff_r30,mechanism_sweep,3740,treatment,3,13,0.5389,0,0.2708,194,5,100.98
mech_md75_ppoff_r30,mechanism_sweep,3740,treatment,4,15,0.5752,0,0.2864,226,16,116.15
mech_md75_ppoff_r30,mechanism_sweep,3877,control,0,5,0.6874,0,0.2605,103,2,97.0
mech_md75_ppoff_r30,mechanism_sweep,3877,control,1,3,0.7159,0,0.1595,65,2,135.33
mech_md75_ppoff_r30,mechanism_sweep,3877,control,2,3,0.6671,0,0.1778,60,3,132.0
mech_md75_ppoff_r30,mechanism_sweep,3877,control,3,9,0.4727,0,0.1487,123,14,110.0
mech_md75_ppoff_r30,mechanism_sweep,3877,control,4,3,0.4268,0,0.1318,41,2,109.0
mech_md75_ppoff_r30,mechanism_sweep,3877,treatment,0,4,0.6037,0,0.2965,77,1,121.0
mech_md75_ppoff_r30,mechanism_sweep,3877,treatment,1,2,0.5945,0,0.4228,36,0,108.75
mech_md75_ppoff_r30,mechanism_sweep,3877,treatment,2,2,0.5978,0,0.4295,39,0,70.5
mech_md75_ppoff_r30,mechanism_sweep,3877,treatment,3,1,0.6041,0,0.0,17,0,87.0
mech_md75_ppoff_r30,mechanism_sweep,3877,treatment,4,2,0.7024,0,0.2978,37,0,80.25
mech_md75_ppoff_r30,mechanism_sweep,4014,control,0,8,0.709,0,0.2891,170,7,107.88
mech_md75_ppoff_r30,mechanism_sweep,4014,control,1,9,0.6016,0,0.2537,166,6,108.44
mech_md75_ppoff_r30,mechanism_sweep,4014,control,2,8,0.5814,0,0.2115,143,5,112.0
mech_md75_ppoff_r30,mechanism_sweep,4014,control,3,50,0.474,0,0.2292,666,81,111.56
mech_md75_ppoff_r30,mechanism_sweep,4014,control,4,12,0.5621,0,0.1733,196,13,119.67
mech_md75_ppoff_r30,mechanism_sweep,4014,treatment,0,9,0.6007,0,0.3096,149,4,107.17
mech_md75_ppoff_r30,mechanism_sweep,4014,treatment,1,3,0.6921,0,0.3843,67,3,103.33
mech_md75_ppoff_r30,mechanism_sweep,4014,treatment,2,11,0.5602,0,0.2905,159,11,95.95
mech_md75_ppoff_r30,mechanism_sweep,4014,treatment,3,9,0.6082,0,0.2865,148,2,113.33
mech_md75_ppoff_r30,mechanism_sweep,4014,treatment,4,3,0.7171,0,0.2376,56,3,145.67
mech_md75_ppoff_r30,mechanism_sweep,4151,control,0,3,0.5273,0,0.301,49,3,124.67
mech_md75_ppoff_r30,mechanism_sweep,4151,control,1,5,0.6562,0,0.3512,102,2,104.0
mech_md75_ppoff_r30,mechanism_sweep,4151,control,2,0,0,0,0,0,0,0
mech_md75_ppoff_r30,mechanism_sweep,4151,control,3,2,0.7289,0,0.246,41,1,103.5
mech_md75_ppoff_r30,mechanism_sweep,4151,control,4,2,0.6521,0,0.2304,37,2,101.0
mech_md75_ppoff_r30,mechanism_sweep,4151,treatment,0,8,0.5564,0,0.2875,139,3,129.19
mech_md75_ppoff_r30,mechanism_sweep,4151,treatment,1,5,0.5055,0,0.2485,72,3,115.0
mech_md75_ppoff_r30,mechanism_sweep,4151,treatment,2,2,0.5439,0,0.071,32,0,137.12
mech_md75_ppoff_r30,mechanism_sweep,4151,treatment,3,7,0.567,0,0.2389,114,2,151.04
mech_md75_ppoff_r30,mechanism_sweep,4151,treatment,4,1,0.634,0,0.0,15,0,98.5
mech_md75_ppoff_r30,mechanism_sweep,4288,control,0,2,0.6489,0,0.2362,44,1,146.5
mech_md75_ppoff_r30,mechanism_sweep,4288,control,1,10,0.6308,0,0.2887,194,12,125.4
mech_md75_ppoff_r30,mechanism_sweep,4288,control,2,7,0.5762,0,0.2774,135,1,109.57
mech_md75_ppoff_r30,mechanism_sweep,4288,control,3,6,0.6408,0,0.3137,111,2,98.33
mech_md75_ppoff_r30,mechanism_sweep,4288,control,4,6,0.6362,0,0.3221,113,0,125.83
mech_md75_ppoff_r30,mechanism_sweep,4288,treatment,0,18,0.575,0,0.3219,287,18,120.39
mech_md75_ppoff_r30,mechanism_sweep,4288,treatment,1,19,0.5355,0,0.3243,263,13,95.91
mech_md75_ppoff_r30,mechanism_sweep,4288,treatment,2,11,0.5508,0,0.3085,186,3,103.91
mech_md75_ppoff_r30,mechanism_sweep,4288,treatment,3,12,0.4756,0,0.35,158,4,103.5
mech_md75_ppoff_r30,mechanism_sweep,4288,treatment,4,11,0.5121,0,0.3103,156,5,118.59
mech_md75_ppoff_r30,mechanism_sweep,4425,control,0,8,0.537,0,0.2318,137,10,108.12
mech_md75_ppoff_r30,mechanism_sweep,4425,control,1,1,0.6079,0,0.0,20,0,93.0
mech_md75_ppoff_r30,mechanism_sweep,4425,control,2,6,0.599,0,0.246,117,2,110.33
mech_md75_ppoff_r30,mechanism_sweep,4425,control,3,2,0.6691,0,0.2327,43,1,141.0
mech_md75_ppoff_r30,mechanism_sweep,4425,control,4,13,0.5058,0,0.2041,194,10,111.54
mech_md75_ppoff_r30,mechanism_sweep,4425,treatment,0,9,0.582,0,0.2891,158,2,100.19
mech_md75_ppoff_r30,mechanism_sweep,4425,treatment,1,5,0.6068,0,0.299,84,1,123.4
mech_md75_ppoff_r30,mechanism_sweep,4425,treatment,2,7,0.6213,0,0.256,111,5,100.14
mech_md75_ppoff_r30,mechanism_sweep,4425,treatment,3,11,0.4453,0,0.2272,131,5,116.45
mech_md75_ppoff_r30,mechanism_sweep,4425,treatment,4,3,0.6443,0,0.2983,54,1,73.08
mech_md75_ppoff_r30,mechanism_sweep,4562,control,0,4,0.6126,0,0.3073,72,1,86.25
mech_md75_ppoff_r30,mechanism_sweep,4562,control,1,1,0.7627,0,0.0,22,1,127.0
mech_md75_ppoff_r30,mechanism_sweep,4562,control,2,3,0.7053,0,0.1822,72,2,79.33
mech_md75_ppoff_r30,mechanism_sweep,4562,control,3,2,0.5706,0,0.2223,38,0,91.5
mech_md75_ppoff_r30,mechanism_sweep,4562,control,4,0,0,0,0,0,0,0
mech_md75_ppoff_r30,mechanism_sweep,4562,treatment,0,8,0.6046,0,0.275,146,2,112.22
mech_md75_ppoff_r30,mechanism_sweep,4562,treatment,1,6,0.5591,0,0.2973,94,2,138.75
mech_md75_ppoff_r30,mechanism_sweep,4562,treatment,2,6,0.6424,0,0.2751,124,5,98.04
mech_md75_ppoff_r30,mechanism_sweep,4562,treatment,3,3,0.5298,0,0.3453,46,0,105.25
mech_md75_ppoff_r30,mechanism_sweep,4562,treatment,4,2,0.6599,0,0.3446,40,0,112.5
mech_md75_ppoff_r30,mechanism_sweep,4699,control,0,4,0.6815,0,0.2958,79,4,114.75
mech_md75_ppoff_r30,mechanism_sweep,4699,control,1,6,0.6021,0,0.2416,117,4,92.33
mech_md75_ppoff_r30,mechanism_sweep,4699,control,2,1,0.7476,0,0.0,21,1,105.0
mech_md75_ppoff_r30,mechanism_sweep,4699,control,3,1,0.6688,0,0.0,18,1,13.0
mech_md75_ppoff_r30,mechanism_sweep,4699,control,4,7,0.4816,0,0.1842,83,4,112.71
mech_md75_ppoff_r30,mechanism_sweep,4699,treatment,0,11,0.5847,0,0.2858,177,2,98.57
mech_md75_ppoff_r30,mechanism_sweep,4699,treatment,1,13,0.6457,0,0.2709,230,3,117.4
mech_md75_ppoff_r30,mechanism_sweep,4699,treatment,2,8,0.6146,0,0.3117,134,4,91.06
mech_md75_ppoff_r30,mechanism_sweep,4699,treatment,3,3,0.6902,0,0.3768,57,4,112.33
mech_md75_ppoff_r30,mechanism_sweep,4699,treatment,4,10,0.5134,0,0.3013,137,7,94.55
mech_md75_ppoff_r30,mechanism_sweep,4836,control,0,4,0.6456,0,0.3319,83,1,121.75
mech_md75_ppoff_r30,mechanism_sweep,4836,control,1,10,0.4659,0,0.27,126,13,111.4
mech_md75_ppoff_r30,mechanism_sweep,4836,control,2,2,0.7361,0,0.1719,43,1,113.0
mech_md75_ppoff_r30,mechanism_sweep,4836,control,3,0,0,0,0,0,0,0
mech_md75_ppoff_r30,mechanism_sweep,4836,control,4,1,0.6983,0,0.0,21,1,110.0
mech_md75_ppoff_r30,mechanism_sweep,4836,treatment,0,8,0.5807,0,0.3372,136,4,118.56
mech_md75_ppoff_r30,mechanism_sweep,4836,treatment,1,11,0.5739,0,0.2974,191,2,104.23
mech_md75_ppoff_r30,mechanism_sweep,4836,treatment,2,11,0.6164,0,0.2518,200,3,113.05
mech_md75_ppoff_r30,mechanism_sweep,4836,treatment,3,6,0.6262,0,0.3155,111,1,132.38
mech_md75_ppoff_r30,mechanism_sweep,4836,treatment,4,16,0.6178,0,0.293,243,6,103.25
mech_md75_ppoff_r30,mechanism_sweep,4973,control,0,6,0.5955,0,0.2554,116,1,96.33
mech_md75_ppoff_r30,mechanism_sweep,4973,control,1,8,0.6328,0,0.2475,155,8,116.12
mech_md75_ppoff_r30,mechanism_sweep,4973,control,2,23,0.4138,0,0.2453,251,19,98.09
mech_md75_ppoff_r30,mechanism_sweep,4973,control,3,4,0.5774,0,0.1927,68,2,76.75
mech_md75_ppoff_r30,mechanism_sweep,4973,control,4,9,0.569,0,0.2373,144,12,112.0
mech_md75_ppoff_r30,mechanism_sweep,4973,treatment,0,13,0.543,0,0.281,206,8,112.62
mech_md75_ppoff_r30,mechanism_sweep,4973,treatment,1,12,0.6042,0,0.309,194,5,114.9
mech_md75_ppoff_r30,mechanism_sweep,4973,treatment,2,9,0.6478,0,0.2894,145,5,130.06
mech_md75_ppoff_r30,mechanism_sweep,4973,treatment,3,24,0.5283,0,0.283,323,14,120.61
mech_md75_ppoff_r30,mechanism_sweep,4973,treatment,4,12,0.4997,0,0.1674,154,7,107.1
mech_md75_ppon_r05,mechanism_sweep,1000,control,0,2,0.6167,0,0.2905,36,0,99.5
mech_md75_ppon_r05,mechanism_sweep,1000,control,1,0,0,0,0,0,0,0
mech_md75_ppon_r05,mechanism_sweep,1000,control,2,4,0.6569,0,0.2604,92,0,117.0
mech_md75_ppon_r05,mechanism_sweep,1000,control,3,1,0.6501,0,0.0,22,1,101.0
mech_md75_ppon_r05,mechanism_sweep,1000,control,4,5,0.6024,0,0.1985,92,5,105.0
mech_md75_ppon_r05,mechanism_sweep,1000,treatment,0,14,0.5801,0,0.3098,231,11,89.36
mech_md75_ppon_r05,mechanism_sweep,1000,treatment,1,15,0.4917,0,0.2867,211,12,103.07
mech_md75_ppon_r05,mechanism_sweep,1000,treatment,2,8,0.6343,0,0.3049,139,7,124.12
mech_md75_ppon_r05,mechanism_sweep,1000,treatment,3,0,0,0,0,0,0,0
mech_md75_ppon_r05,mechanism_sweep,1000,treatment,4,2,0.6288,0,0.2093,33,0,101.5
mech_md75_ppon_r05,mechanism_sweep,1137,control,0,4,0.6478,0,0.3082,83,1,124.0
mech_md75_ppon_r05,mechanism_sweep,1137,control,1,8,0.6582,0,0.2846,162,3,109.62
mech_md75_ppon_r05,mechanism_sweep,1137,control,2,2,0.7375,0,0.2362,43,1,119.5
mech_md75_ppon_r05,mechanism_sweep,1137,control,3,2,0.6401,0,0.2271,42,0,148.5
mech_md75_ppon_r05,mechanism_sweep,1137,control,4,2,0.654,0,0.1709,41,1,105.0
mech_md75_ppon_r05,mechanism_sweep,1137,treatment,0,0,0,0,0,0,0,0
mech_md75_ppon_r05,mechanism_sweep,1137,treatment,1,3,0.5701,0,0.2892,59,1,74.33
mech_md75_ppon_r05,mechanism_sweep,1137,treatment,2,9,0.5564,0,0.3134,145,7,106.61
mech_md75_ppon_r05,mechanism_sweep,1137,treatment,3,1,0.5678,0,0.0,21,0,125.0
mech_md75_ppon_r05,mechanism_sweep,1137,treatment,4,2,0.7229,0,0.0461,37,1,148.5
mech_md75_ppon_r05,mechanism_sweep,1274,control,0,3,0.6672,0,0.2438,56,2,71.67
mech_md75_ppon_r05,mechanism_sweep,1274,control,1,1,0.7799,0,0.0,20,1,103.0
mech_md75_ppon_r05,mechanism_sweep,1274,control,2,3,0.4704,0,0.2325,45,1,105.0
mech_md75_ppon_r05,mechanism_sweep,1274,control,3,5,0.6158,0,0.1527,79,2,106.0
mech_md75_ppon_r05,mechanism_sweep,1274,control,4,0,0,0,0,0,0,0
mech_md75_ppon_r05,mechanism_sweep,1274,treatment,0,7,0.7014,0,0.3072,145,6,93.57
mech_md75_ppon_r05,mechanism_sweep,1274,treatment,1,2,0.6409,0,0.3497,45,0,102.5
mech_md75_ppon_r05,mechanism_sweep,1274,treatment,2,4,0.7007,0,0.2867,81,2,74.0
mech_md75_ppon_r05,mechanism_sweep,1274,treatment,3,2,0.6676,0,0.3152,41,0,116.5
mech_md75_ppon_r05,mechanism_sweep,1274,treatment,4,0,0,0,0,0,0,0
mech_md75_ppon_r05,mechanism_sweep,1411,control,0,5,0.6328,0,0.3204,96,1,82.4
mech_md75_ppon_r05,mechanism_sweep,1411,control,1,4,0.6779,0,0.3459,81,0,100.25
mech_md75_ppon_r05,mechanism_sweep,1411,control,2,1,0.6305,0,0.0,21,0,115.0
mech_md75_ppon_r05,mechanism_sweep,1411,control,3,0,0,0,0,0,0,0
mech_md75_ppon_r05,mechanism_sweep,1411,control,4,1,0.6073,0,0.0,14,0,94.0
mech_md75_ppon_r05,mechanism_sweep,1411,treatment,0,2,0.6869,0,0.3267,39,0,66.5
mech_md75_ppon_r05,mechanism_sweep,1411,treatment,1,4,0.7024,0,0.2675,86,2,127.75
mech_md75_ppon_r05,mechanism_sweep,1411,treatment,2,1,0.6282,0,0.0,21,0,150.0
mech_md75_ppon_r05,mechanism_sweep,1411,treatment,3,4,0.638,0,0.2433,87,1,99.12
mech_md75_ppon_r05,mechanism_sweep,1411,treatment,4,1,0.5687,0,0.0,18,0,91.0
mech_md75_ppon_r05,mechanism_sweep,1548,control,0,3,0.653,0,0.2709,66,3,82.0
mech_md75_ppon_r05,mechanism_sweep,1548,control,1,4,0.61,0,0.2659,77,2,112.5
mech_md75_ppon_r05,mechanism_sweep,1548,control,2,1,0.6196,0,0.0,21,0,163.0
mech_md75_ppon_r05,mechanism_sweep,1548,control,3,2,0.6123,0,0.2969,38,0,91.5
mech_md75_ppon_r05,mechanism_sweep,1548,control,4,1,0.6597,0,0.0,20,0,90.0
mech_md75_ppon_r05,mechanism_sweep,1548,treatment,0,7,0.6451,0,0.3063,136,7,118.0
mech_md75_ppon_r05,mechanism_sweep,1548,treatment,1,4,0.6806,0,0.3934,85,2,101.75
mech_md75_ppon_r05,mechanism_sweep,1548,treatment,2,8,0.5592,0,0.2666,139,8,73.56
mech_md75_ppon_r05,mechanism_sweep,1548,treatment,3,8,0.5618,0,0.1995,119,7,107.12
mech_md75_ppon_r05,mechanism_sweep,1548,treatment,4,73,0.4417,0,0.1873,751,107,107.75
mech_md75_ppon_r05,mechanism_sweep,1685,control,0,9,0.5849,0,0.2611,161,13,94.44
mech_md75_ppon_r05,mechanism_sweep,1685,control,1,8,0.52,0,0.2823,122,10,112.38
mech_md75_ppon_r05,mechanism_sweep,1685,control,2,3,0.6404,0,0.2859,61,4,104.0
mech_md75_ppon_r05,mechanism_sweep,1685,control,3,22,0.5234,0,0.2203,320,30,113.59
mech_md75_ppon_r05,mechanism_sweep,1685,control,4,2,0.6221,0,0.0329,42,2,110.0
mech_md75_ppon_r05,mechanism_sweep,1685,treatment,0,6,0.531,0,0.2639,88,7,95.5
mech_md75_ppon_r05,mechanism_sweep,1685,treatment,1,1,0.601,0,0.0,19,0,87.5
mech_md75_ppon_r05,mechanism_sweep,1685,treatment,2,1,0.4896,0,0.0,18,0,37.5
mech_md75_ppon_r05,mechanism_sweep,1685,treatment,3,0,0,0,0,0,0,0
mech_md75_ppon_r05,mechanism_sweep,1685,treatment,4,0,0,0,0,0,0,0
mech_md75_ppon_r05,mechanism_sweep,1822,control,0,6,0.4931,0,0.3026,86,7,93.33
mech_md75_ppon_r05,mechanism_sweep,1822,control,1,4,0.514,0,0.2768,69,0,91.25
mech_md75_ppon_r05,mechanism_sweep,1822,control,2,1,0.5299,0,0.0,20,0,39.0
mech_md75_ppon_r05,mechanism_sweep,1822,control,3,2,0.4952,0,0.1168,31,2,106.5
mech_md75_ppon_r05,mechanism_sweep,1822,control,4,1,0.5699,0,0.0,37,0,119.0
mech_md75_ppon_r05,mechanism_sweep,1822,treatment,0,1,0.6193,0,0.0,21,0,138.0
mech_md75_ppon_r05,mechanism_sweep,1822,treatment,1,5,0.721,0,0.0885,108,9,120.8
mech_md75_ppon_r05,mechanism_sweep,1822,treatment,2,2,0.6963,0,0.2214,43,3,105.5
mech_md75_ppon_r05,mechanism_sweep,1822,treatment,3,2,0.7047,0,0.2498,43,3,127.5
mech_md75_ppon_r05,mechanism_sweep,1822,treatment,4,7,0.6802,0,0.0478,141,15,118.86
mech_md75_ppon_r05,mechanism_sweep,1959,control,0,6,0.6941,0,0.3686,121,2,117.0
mech_md75_ppon_r05,mechanism_sweep,1959,control,1,6,0.6827,0,0.3155,128,4,92.5
mech_md75_ppon_r05,mechanism_sweep,1959,control,2,5,0.6241,0,0.2926,86,2,110.6
mech_md75_ppon_r05,mechanism_sweep,1959,control,3,15,0.4911,0,0.1667,172,13,107.2
mech_md75_ppon_r05,mechanism_sweep,1959,control,4,10,0.5294,0,0.1686,135,4,117.8
mech_md75_ppon_r05,mechanism_sweep,1959,treatment,0,8,0.6564,0,0.3389,154,4,110.75
mech_md75_ppon_r05,mechanism_sweep,1959,treatment,1,3,0.6899,0,0.319,64,3,119.0
mech_md75_ppon_r05,mechanism_sweep,1959,treatment,2,8,0.4928,0,0.1883,114,7,80.88
mech_md75_ppon_r05,mechanism_sweep,1959,treatment,3,14,0.4913,0,0.1411,197,26,126.29
mech_md75_ppon_r05,mechanism_sweep,1959,treatment,4,5,0.4647,0,0.2099,62,4,129.8
mech_md75_ppon_r05,mechanism_sweep,2096,control,0,6,0.646,0,0.312,119,2,121.0
mech_md75_ppon_r05,mechanism_sweep,2096,control,1,2,0.5221,0,0.2258,32,0,116.5
mech_md75_ppon_r05,mechanism_sweep,2096,control,2,4,0.6416,0,0.2455,81,2,108.5
mech_md75_ppon_r05,mechanism_sweep,2096,control,3,1,0.7051,0,0.0,41,1,60.0
mech_md75_ppon_r05,mechanism_sweep,2096,control,4,3,0.5813,0,0.3595,60,1,61.0
mech_md75_ppon_r05,mechanism_sweep,2096,treatment,0,4,0.6631,0,0.3503,89,2,114.25
mech_md75_ppon_r05,mechanism_sweep,2096,treatment,1,12,0.5375,0,0.2328,201,9,103.08
mech_md75_ppon_r05,mechanism_sweep,2096,treatment,2,5,0.651,0,0.2696,103,4,137.0
mech_md75_ppon_r05,mechanism_sweep,2096,treatment,3,9,0.4604,0,0.2182,129,3,109.56
mech_md75_ppon_r05,mechanism_sweep,2096,treatment,4,10,0.616,0,0.2368,180,9,116.3
mech_md75_ppon_r05,mechanism_sweep,2233,control,0,3,0.7385,0,0.3217,65,4,115.0
mech_md75_ppon_r05,mechanism_sweep,2233,control,1,0,0,0,0,0,0,0
mech_md75_ppon_r05,mechanism_sweep,2233,control,2,2,0.569,0,0.3142,36,0,108.5
mech_md75_ppon_r05,mechanism_sweep,2233,control,3,9,0.4806,0,0.0825,92,11,93.67
mech_md75_ppon_r05,mechanism_sweep,2233,control,4,11,0.529,0,0.2327,124,7,92.18
mech_md75_ppon_r05,mechanism_sweep,2233,treatment,0,3,0.7059,0,0.305,61,1,96.67
mech_md75_ppon_r05,mechanism_sweep,2233,treatment,1,4,0.6674,0,0.3254,79,2,86.0
mech_md75_ppon_r05,mechanism_sweep,2233,treatment,2,8,0.4838,0,0.2337,93,10,110.5
mech_md75_ppon_r05,mechanism_sweep,2233,treatment,3,3,0.6219,0,0.3471,61,0,115.67
mech_md75_ppon_r05,mechanism_sweep,2233,treatment,4,1,0.5373,0,0.0,19,0,47.0
mech_md75_ppon_r05,mechanism_sweep,2370,control,0,6,0.6315,0,0.3552,116,3,105.33
mech_md75_ppon_r05,mechanism_sweep,2370,control,1,10,0.5958,0,0.312,183,7,87.7
mech_md75_ppon_r05,mechanism_sweep,2370,control,2,10,0.562,0,0.263,161,9,96.5
mech_md75_ppon_r05,mechanism_sweep,2370,control,3,3,0.6465,0,0.2825,64,1,109.0
mech_md75_ppon_r05,mechanism_sweep,2370,control,4,6,0.5832,0,0.2273,120,2,87.33
mech_md75_ppon_r05,mechanism_sweep,2370,treatment,0,4,0.6468,0,0.3553,83,1,110.5
mech_md75_ppon_r05,mechanism_sweep,2370,treatment,1,3,0.696,0,0.3135,62,3,93.33
mech_md75_ppon_r05,mechanism_sweep,2370,treatment,2,16,0.569,0,0.2975,255,12,118.94
mech_md75_ppon_r05,mechanism_sweep,2370,treatment,3,31,0.4914,0,0.268,390,27,104.11
mech_md75_ppon_r05,mechanism_sweep,2370,treatment,4,9,0.7137,0,0.259,174,13,111.11
mech_md75_ppon_r05,mechanism_sweep,2507,control,0,3,0.6603,0,0.315,61,0,107.0
mech_md75_ppon_r05,mechanism_sweep,2507,control,1,4,0.7044,0,0.3092,86,2,139.5
mech_md75_ppon_r05,mechanism_sweep,2507,control,2,6,0.6326,0,0.3592,121,1,106.17
mech_md75_ppon_r05,mechanism_sweep,2507,control,3,8,0.6398,0,0.2785,162,1,100.75
mech_md75_ppon_r05,mechanism_sweep,2507,control,4,1,0.6721,0,0.0,20,0,100.0
mech_md75_ppon_r05,mechanism_sweep,2507,treatment,0,6,0.6531,0,0.3557,124,1,124.83
mech_md75_ppon_r05,mechanism_sweep,2507,treatment,1,3,0.6346,0,0.2779,60,0,114.33
mech_md75_ppon_r05,mechanism_sweep,2507,treatment,2,4,0.5638,0,0.3258,69,0,125.19
mech_md75_ppon_r05,mechanism_sweep,2507,treatment,3,1,0.517,0,0.0,17,0,93.0
mech_md75_ppon_r05,mechanism_sweep,2507,treatment,4,0,0,0,0,0,0,0
mech_md75_ppon_r05,mechanism_sweep,2644,control,0,2,0.629,0,0.2272,45,1,137.5
mech_md75_ppon_r05,mechanism_sweep,2644,control,1,3,0.6371,0,0.224,60,0,96.67
mech_md75_ppon_r05,mechanism_sweep,2644,control,2,1,0.7188,0,0.0,22,2,120.0
mech_md75_ppon_r05,mechanism_sweep,2644,control,3,2,0.5443,0,0.3107,38,0,76.0
mech_md75_ppon_r05,mechanism_sweep,2644,control,4,0,0,0,0,0,0,0
mech_md75_ppon_r05,mechanism_sweep,2644,treatment,0,2,0.633,0,0.2214,42,1,129.5
mech_md75_ppon_r05,mechanism_sweep,2644,treatment,1,2,0.6131,0,0.3151,42,0,115.0
mech_md75_ppon_r05,mechanism_sweep,2644,treatment,2,0,0,0,0,0,0,0
mech_md75_ppon_r05,mechanism_sweep,2644,treatment,3,0,0,0,0,0,0,0
mech_md75_ppon_r05,mechanism_sweep,2644,treatment,4,0,0,0,0,0,0,0
mech_md75_ppon_r05,mechanism_sweep,2781,control,0,7,0.636,0,0.2764,151,5,103.14
mech_md75_ppon_r05,mechanism_sweep,2781,control,1,8,0.632,0,0.2849,144,3,101.88
mech_md75_ppon_r05,mechanism_sweep,2781,control,2,1,0.8682,0,0.0,22,2,120.0
mech_md75_ppon_r05,mechanism_sweep,2781,control,3,3,0.6979,0,0.2621,62,1,112.33
mech_md75_ppon_r05,mechanism_sweep,2781,control,4,3,0.6628,0,0.3218,59,1,101.33
mech_md75_ppon_r05,mechanism_sweep,2781,treatment,0,4,0.7713,0,0.3118,87,7,107.0
mech_md75_ppon_r05,mechanism_sweep,2781,treatment,1,8,0.6483,0,0.2674,155,7,79.5
mech_md75_ppon_r05,mechanism_sweep,2781,treatment,2,3,0.6821,0,0.2702,62,0,96.67
mech_md75_ppon_r05,mechanism_sweep,2781,treatment,3,4,0.5891,0,0.2745,84,0,131.5
mech_md75_ppon_r05,mechanism_sweep,2781,treatment,4,8,0.6471,0,0.2822,161,1,100.25
mech_md75_ppon_r05,mechanism_sweep,2918,control,0,5,0.6191,0,0.3649,89,0,110.6
mech_md75_ppon_r05,mechanism_sweep,2918,control,1,6,0.5514,0,0.2627,98,4,120.67
mech_md75_ppon_r05,mechanism_sweep,2918,control,2,32,0.4556,0,0.1216,344,42,117.41
mech_md75_ppon_r05,mechanism_sweep,2918,control,3,16,0.3775,0,0.1803,153,17,112.44
mech_md75_ppon_r05,mechanism_sweep,2918,control,4,8,0.588,0,0.0966,117,9,118.0
mech_md75_ppon_r05,mechanism_sweep,2918,treatment,0,2,0.4707,0,0.3916,31,0,105.0
mech_md75_ppon_r05,mechanism_sweep,2918,treatment,1,8,0.6314,0,0.2372,141,5,92.5
mech_md75_ppon_r05,mechanism_sweep,2918,treatment,2,9,0.5414,0,0.1457,124,3,96.44
mech_md75_ppon_r05,mechanism_sweep,2918,treatment,3,0,0,0,0,0,0,0
mech_md75_ppon_r05,mechanism_sweep,2918,treatment,4,8,0.5052,0,0.2007,92,3,115.88
mech_md75_ppon_r05,mechanism_sweep,3055,control,0,7,0.6098,0,0.3416,143,0,107.14
mech_md75_ppon_r05,mechanism_sweep,3055,control,1,5,0.5451,0,0.2806,77,4,122.0
mech_md75_ppon_r05,mechanism_sweep,3055,control,2,0,0,0,0,0,0,0
mech_md75_ppon_r05,mechanism_sweep,3055,control,3,11,0.4894,0,0.267,157,4,102.73
mech_md75_ppon_r05,mechanism_sweep,3055,control,4,4,0.3841,0,0.2716,45,1,74.5
mech_md75_ppon_r05,mechanism_sweep,3055,treatment,0,3,0.601,0,0.296,59,0,97.83
mech_md75_ppon_r05,mechanism_sweep,3055,treatment,1,4,0.6359,0,0.2673,79,0,123.75
mech_md75_ppon_r05,mechanism_sweep,3055,treatment,2,6,0.5833,0,0.3057,108,3,97.25
mech_md75_ppon_r05,mechanism_sweep,3055,treatment,3,9,0.5542,0,0.3175,137,5,106.06
mech_md75_ppon_r05,mechanism_sweep,3055,treatment,4,3,0.5681,0,0.3529,42,0,87.33
mech_md75_ppon_r05,mechanism_sweep,3192,control,0,2,0.6292,0,0.2497,42,1,112.5
mech_md75_ppon_r05,mechanism_sweep,3192,control,1,4,0.649,0,0.2669,81,2,90.75
mech_md75_ppon_r05,mechanism_sweep,3192,control,2,0,0,0,0,0,0,0
mech_md75_ppon_r05,mechanism_sweep,3192,control,3,3,0.6468,0,0.3146,64,1,139.67
mech_md75_ppon_r05,mechanism_sweep,3192,control,4,4,0.5342,0,0.113,67,7,120.25
mech_md75_ppon_r05,mechanism_sweep,3192,treatment,0,1,0.6498,0,0.0,21,0,87.0
mech_md75_ppon_r05,mechanism_sweep,3192,treatment,1,2,0.689,0,0.4117,43,1,135.0
mech_md75_ppon_r05,mechanism_sweep,3192,treatment,2,2,0.7034,0,0.3185,41,1,105.0
mech_md75_ppon_r05,mechanism_sweep,3192,treatment,3,0,0,0,0,0,0,0
mech_md75_ppon_r05,mechanism_sweep,3192,treatment,4,0,0,0,0,0,0,0
mech_md75_ppon_r05,mechanism_sweep,3329,control,0,5,0.6206,0,0.355,110,0,103.8
mech_md75_ppon_r05,mechanism_sweep,3329,control,1,3,0.6509,0,0.3301,61,0,111.33
mech_md75_ppon_r05,mechanism_sweep,3329,control,2,4,0.6284,0,0.1994,83,4,120.5
mech_md75_ppon_r05,mechanism_sweep,3329,control,3,2,0.5919,0,0.2128,42,0,122.5
mech_md75_ppon_r05,mechanism_sweep,3329,control,4,1,0.6198,0,0.0,21,0,117.0
mech_md75_ppon_r05,mechanism_sweep,3329,treatment,0,5,0.6609,0,0.3249,102,3,110.0
mech_md75_ppon_r05,mechanism_sweep,3329,treatment,1,4,0.6222,0,0.3368,75,0,86.25
mech_md75_ppon_r05,mechanism_sweep,3329,treatment,2,8,0.6328,0,0.1961,143,3,111.5
mech_md75_ppon_r05,mechanism_sweep,3329,treatment,3,13,0.6546,0,0.2653,246,6,107.08
mech_md75_ppon_r05,mechanism_sweep,3329,treatment,4,2,0.7266,0,0.378,44,2,119.0
mech_md75_ppon_r05,mechanism_sweep,3466,control,0,2,0.6487,0,0.3351,41,1,101.0
mech_md75_ppon_r05,mechanism_sweep,3466,control,1,14,0.5418,0,0.2512,216,17,101.93
mech_md75_ppon_r05,mechanism_sweep,3466,control,2,7,0.4855,0,0.2032,99,3,89.29
mech_md75_ppon_r05,mechanism_sweep,3466,control,3,27,0.4596,0,0.2371,345,36,86.96
mech_md75_ppon_r05,mechanism_sweep,3466,control,4,11,0.4468,0,0.1648,131,19,99.91
mech_md75_ppon_r05,mechanism_sweep,3466,treatment,0,6,0.6662,0,0.3455,122,1,114.92
mech_md75_ppon_r05,mechanism_sweep,3466,treatment,1,7,0.7176,0,0.3002,139,4,108.43
mech_md75_ppon_r05,mechanism_sweep,3466,treatment,2,4,0.6567,0,0.1667,76,2,105.25
mech_md75_ppon_r05,mechanism_sweep,3466,treatment,3,2,0.7412,0,0.292,40,3,112.25
mech_md75_ppon_r05,mechanism_sweep,3466,treatment,4,4,0.5789,0,0.3002,64,1,103.5
mech_md75_ppon_r05,mechanism_sweep,3603,control,0,7,0.6289,0,0.3026,140,1,93.0
mech_md75_ppon_r05,mechanism_sweep,3603,control,1,2,0.7775,0,0.2689,43,4,91.0
mech_md75_ppon_r05,mechanism_sweep,3603,control,2,1,0.5722,0,0.0,20,0,100.0
mech_md75_ppon_r05,mechanism_sweep,3603,control,3,4,0.5341,0,0.3326,65,1,103.5
mech_md75_ppon_r05,mechanism_sweep,3603,control,4,3,0.7592,0,0.1169,66,5,133.0
mech_md75_ppon_r05,mechanism_sweep,3603,treatment,0,2,0.5331,0,0.3268,37,0,60.5
mech_md75_ppon_r05,mechanism_sweep,3603,treatment,1,10,0.5478,0,0.2734,162,5,114.35
mech_md75_ppon_r05,mechanism_sweep,3603,treatment,2,1,0.7235,0,0.0,20,1,60.0
mech_md75_ppon_r05,mechanism_sweep,3603,treatment,3,1,0.7654,0,0.0,22,2,117.0
mech_md75_ppon_r05,mechanism_sweep,3603,treatment,4,5,0.5531,0,0.1252,84,6,128.0
mech_md75_ppon_r05,mechanism_sweep,3740,control,0,7,0.6382,0,0.3285,144,2,106.29
mech_md75_ppon_r05,mechanism_sweep,3740,control,1,6,0.5857,0,0.2611,106,2,100.33
mech_md75_ppon_r05,mechanism_sweep,3740,control,2,7,0.6935,0,0.2708,140,4,106.86
mech_md75_ppon_r05,mechanism_sweep,3740,control,3,3,0.7336,0,0.1772,63,0,133.0
mech_md75_ppon_r05,mechanism_sweep,3740,control,4,2,0.8129,0,0.2647,43,3,115.0
mech_md75_ppon_r05,mechanism_sweep,3740,treatment,0,8,0.6006,0,0.3059,139,1,98.75
mech_md75_ppon_r05,mechanism_sweep,3740,treatment,1,1,0.8388,0,0.0,22,2,120.0
mech_md75_ppon_r05,mechanism_sweep,3740,treatment,2,2,0.6816,0,0.301,40,2,67.0
mech_md75_ppon_r05,mechanism_sweep,3740,treatment,3,6,0.466,0,0.2095,64,2,111.33
mech_md75_ppon_r05,mechanism_sweep,3740,treatment,4,3,0.7419,0,0.1319,63,6,92.83
mech_md75_ppon_r05,mechanism_sweep,3877,control,0,5,0.6874,0,0.2605,103,2,97.0
mech_md75_ppon_r05,mechanism_sweep,3877,control,1,3,0.7159,0,0.1595,65,2,135.33
mech_md75_ppon_r05,mechanism_sweep,3877,control,2,3,0.6671,0,0.1778,60,3,132.0
mech_md75_ppon_r05,mechanism_sweep,3877,control,3,9,0.4727,0,0.1487,123,14,110.0
mech_md75_ppon_r05,mechanism_sweep,3877,control,4,3,0.4268,0,0.1318,41,2,109.0
mech_md75_ppon_r05,mechanism_sweep,3877,treatment,0,2,0.5897,0,0.4262,33,2,110.0
mech_md75_ppon_r05,mechanism_sweep,3877,treatment,1,3,0.7031,0,0.1816,60,0,100.0
mech_md75_ppon_r05,mechanism_sweep,3877,treatment,2,0,0,0,0,0,0,0
mech_md75_ppon_r05,mechanism_sweep,3877,treatment,3,1,0.675,0,0.0,17,0,62.5
mech_md75_ppon_r05,mechanism_sweep,3877,treatment,4,0,0,0,0,0,0,0
mech_md75_ppon_r05,mechanism_sweep,4014,control,0,8,0.709,0,0.2891,170,7,107.88
mech_md75_ppon_r05,mechanism_sweep,4014,control,1,9,0.6016,0,0.2537,166,6,108.44
mech_md75_ppon_r05,mechanism_sweep,4014,control,2,8,0.5814,0,0.2115,143,5,112.0
mech_md75_ppon_r05,mechanism_sweep,4014,control,3,50,0.474,0,0.2292,666,81,111.56
mech_md75_ppon_r05,mechanism_sweep,4014,control,4,12,0.5621,0,0.1733,196,13,119.67
mech_md75_ppon_r05,mechanism_sweep,4014,treatment,0,12,0.6088,0,0.3121,216,3,111.19
mech_md75_ppon_r05,mechanism_sweep,4014,treatment,1,7,0.6727,0,0.3372,135,4,111.86
mech_md75_ppon_r05,mechanism_sweep,4014,treatment,2,2,0.7174,0,0.2667,43,4,106.25
mech_md75_ppon_r05,mechanism_sweep,4014,treatment,3,2,0.6123,0,0.0017,40,2,116.5
mech_md75_ppon_r05,mechanism_sweep,4014,treatment,4,1,0.518,0,0.0,18,0,138.0
mech_md75_ppon_r05,mechanism_sweep,4151,control,0,3,0.5273,0,0.301,49,3,124.67
mech_md75_ppon_r05,mechanism_sweep,4151,control,1,5,0.6562,0,0.3512,102,2,104.0
mech_md75_ppon_r05,mechanism_sweep,4151,control,2,0,0,0,0,0,0,0
mech_md75_ppon_r05,mechanism_sweep,4151,control,3,2,0.7289,0,0.246,41,1,103.5
mech_md75_ppon_r05,mechanism_sweep,4151,control,4,2,0.6521,0,0.2304,37,2,101.0
mech_md75_ppon_r05,mechanism_sweep,4151,treatment,0,15,0.6045,0,0.2907,288,10,109.73
mech_md75_ppon_r05,mechanism_sweep,4151,treatment,1,3,0.5475,0,0.3357,55,0,105.5
mech_md75_ppon_r05,mechanism_sweep,4151,treatment,2,6,0.6267,0,0.2743,112,7,123.75
mech_md75_ppon_r05,mechanism_sweep,4151,treatment,3,13,0.5072,0,0.1401,197,19,105.58
mech_md75_ppon_r05,mechanism_sweep,4151,treatment,4,54,0.4284,0,0.1874,600,97,101.4
mech_md75_ppon_r05,mechanism_sweep,4288,control,0,2,0.6489,0,0.2362,44,1,146.5
mech_md75_ppon_r05,mechanism_sweep,4288,control,1,10,0.6308,0,0.2887,194,12,125.4
mech_md75_ppon_r05,mechanism_sweep,4288,control,2,7,0.5762,0,0.2774,135,1,109.57
mech_md75_ppon_r05,mechanism_sweep,4288,control,3,6,0.6408,0,0.3137,111,2,98.33
mech_md75_ppon_r05,mechanism_sweep,4288,control,4,6,0.6362,0,0.3221,113,0,125.83
mech_md75_ppon_r05,mechanism_sweep,4288,treatment,0,4,0.6676,0,0.3213,81,3,114.75
mech_md75_ppon_r05,mechanism_sweep,4288,treatment,1,1,0.6109,0,0.0,22,0,105.0
mech_md75_ppon_r05,mechanism_sweep,4288,treatment,2,0,0,0,0,0,0,0
mech_md75_ppon_r05,mechanism_sweep,4288,treatment,3,2,0.533,0,0.3161,30,0,98.5
mech_md75_ppon_r05,mechanism_sweep,4288,treatment,4,0,0,0,0,0,0,0
mech_md75_ppon_r05,mechanism_sweep,4425,control,0,8,0.537,0,0.2318,137,10,108.12
mech_md75_ppon_r05,mechanism_sweep,4425,control,1,1,0.6079,0,0.0,20,0,93.0
mech_md75_ppon_r05,mechanism_sweep,4425,control,2,6,0.599,0,0.246,117,2,110.33
mech_md75_ppon_r05,mechanism_sweep,4425,control,3,2,0.6691,0,0.2327,43,1,141.0
mech_md75_ppon_r05,mechanism_sweep,4425,control,4,13,0.5058,0,0.2041,194,10,111.54
mech_md75_ppon_r05,mechanism_sweep,4425,treatment,0,11,0.6371,0,0.2896,222,7,110.27
mech_md75_ppon_r05,mechanism_sweep,4425,treatment,1,4,0.6143,0,0.2863,80,0,99.25
mech_md75_ppon_r05,mechanism_sweep,4425,treatment,2,3,0.583,0,0.2149,57,3,124.67
mech_md75_ppon_r05,mechanism_sweep,4425,treatment,3,10,0.5099,0,0.249,144,4,103.3
mech_md75_ppon_r05,mechanism_sweep,4425,treatment,4,0,0,0,0,0,0,0
mech_md75_ppon_r05,mechanism_sweep,4562,control,0,4,0.6126,0,0.3073,72,1,86.25
mech_md75_ppon_r05,mechanism_sweep,4562,control,1,1,0.7627,0,0.0,22,1,127.0
mech_md75_ppon_r05,mechanism_sweep,4562,control,2,3,0.7053,0,0.1822,72,2,79.33
mech_md75_ppon_r05,mechanism_sweep,4562,control,3,2,0.5706,0,0.2223,38,0,91.5
mech_md75_ppon_r05,mechanism_sweep,4562,control,4,0,0,0,0,0,0,0
mech_md75_ppon_r05,mechanism_sweep,4562,treatment,0,1,0.6005,0,0.0,20,0,100.0
mech_md75_ppon_r05,mechanism_sweep,4562,treatment,1,4,0.6397,0,0.3276,85,2,103.25
mech_md75_ppon_r05,mechanism_sweep,4562,treatment,2,4,0.5342,0,0.2883,65,2,126.94
mech_md75_ppon_r05,mechanism_sweep,4562,treatment,3,1,0.6268,0,0.0,27,0,120.0
mech_md75_ppon_r05,mechanism_sweep,4562,treatment,4,1,0.6622,0,0.0,16,0,103.0
mech_md75_ppon_r05,mechanism_sweep,4699,control,0,4,0.6815,0,0.2958,79,4,114.75
mech_md75_ppon_r05,mechanism_sweep,4699,control,1,6,0.6021,0,0.2416,117,4,92.33
mech_md75_ppon_r05,mechanism_sweep,4699,control,2,1,0.7476,0,0.0,21,1,105.0
mech_md75_ppon_r05,mechanism_sweep,4699,control,3,1,0.6688,0,0.0,18,1,13.0
mech_md75_ppon_r05,mechanism_sweep,4699,control,4,7,0.4816,0,0.1842,83,4,112.71
mech_md75_ppon_r05,mechanism_sweep,4699,treatment,0,5,0.458,0,0.2788,65,1,94.8
mech_md75_ppon_r05,mechanism_sweep,4699,treatment,1,4,0.6006,0,0.3321,70,1,86.0
mech_md75_ppon_r05,mechanism_sweep,4699,treatment,2,7,0.6374,0,0.2759,139,5,118.86
mech_md75_ppon_r05,mechanism_sweep,4699,treatment,3,6,0.4407,0,0.2165,72,6,111.83
mech_md75_ppon_r05,mechanism_sweep,4699,treatment,4,20,0.4957,0,0.1928,249,15,107.98
mech_md75_ppon_r05,mechanism_sweep,4836,control,0,4,0.6456,0,0.3319,83,1,121.75
mech_md75_ppon_r05,mechanism_sweep,4836,control,1,10,0.4659,0,0.27,126,13,111.4
mech_md75_ppon_r05,mechanism_sweep,4836,control,2,2,0.7361,0,0.1719,43,1,113.0
mech_md75_ppon_r05,mechanism_sweep,4836,control,3,0,0,0,0,0,0,0
mech_md75_ppon_r05,mechanism_sweep,4836,control,4,1,0.6983,0,0.0,21,1,110.0
mech_md75_ppon_r05,mechanism_sweep,4836,treatment,0,20,0.5837,0,0.2945,371,9,99.49
mech_md75_ppon_r05,mechanism_sweep,4836,treatment,1,7,0.6371,0,0.2844,145,2,108.71
mech_md75_ppon_r05,mechanism_sweep,4836,treatment,2,14,0.6367,0,0.2756,230,12,93.54
mech_md75_ppon_r05,mechanism_sweep,4836,treatment,3,5,0.5838,0,0.3324,88,0,116.3
mech_md75_ppon_r05,mechanism_sweep,4836,treatment,4,8,0.6512,0,0.2572,151,4,116.38
mech_md75_ppon_r05,mechanism_sweep,4973,control,0,6,0.5955,0,0.2554,116,1,96.33
mech_md75_ppon_r05,mechanism_sweep,4973,control,1,8,0.6328,0,0.2475,155,8,116.12
mech_md75_ppon_r05,mechanism_sweep,4973,control,2,23,0.4138,0,0.2453,251,19,98.09
mech_md75_ppon_r05,mechanism_sweep,4973,control,3,4,0.5774,0,0.1927,68,2,76.75
mech_md75_ppon_r05,mechanism_sweep,4973,control,4,9,0.569,0,0.2373,144,12,112.0
mech_md75_ppon_r05,mechanism_sweep,4973,treatment,0,5,0.6487,0,0.3364,99,2,110.5
mech_md75_ppon_r05,mechanism_sweep,4973,treatment,1,11,0.6346,0,0.2867,211,6,115.27
mech_md75_ppon_r05,mechanism_sweep,4973,treatment,2,6,0.6739,0,0.2296,117,6,98.58
mech_md75_ppon_r05,mechanism_sweep,4973,treatment,3,17,0.569,0,0.2725,267,8,105.06
mech_md75_ppon_r05,mechanism_sweep,4973,treatment,4,11,0.374,0,0.2262,101,5,97.45
mech_md75_ppon_r10,mechanism_sweep,1000,control,0,2,0.6167,0,0.2905,36,0,99.5
mech_md75_ppon_r10,mechanism_sweep,1000,control,1,0,0,0,0,0,0,0
mech_md75_ppon_r10,mechanism_sweep,1000,control,2,4,0.6569,0,0.2604,92,0,117.0
mech_md75_ppon_r10,mechanism_sweep,1000,control,3,1,0.6501,0,0.0,22,1,101.0
mech_md75_ppon_r10,mechanism_sweep,1000,control,4,5,0.6024,0,0.1985,92,5,105.0
mech_md75_ppon_r10,mechanism_sweep,1000,treatment,0,7,0.6836,0,0.3188,133,4,93.5
mech_md75_ppon_r10,mechanism_sweep,1000,treatment,1,11,0.528,0,0.2636,153,5,120.8
mech_md75_ppon_r10,mechanism_sweep,1000,treatment,2,10,0.5755,0,0.2656,141,8,92.5
mech_md75_ppon_r10,mechanism_sweep,1000,treatment,3,12,0.507,0,0.2222,173,5,106.79
mech_md75_ppon_r10,mechanism_sweep,1000,treatment,4,2,0.5934,0,0.2784,39,2,45.5
mech_md75_ppon_r10,mechanism_sweep,1137,control,0,4,0.6478,0,0.3082,83,1,124.0
mech_md75_ppon_r10,mechanism_sweep,1137,control,1,8,0.6582,0,0.2846,162,3,109.62
mech_md75_ppon_r10,mechanism_sweep,1137,control,2,2,0.7375,0,0.2362,43,1,119.5
mech_md75_ppon_r10,mechanism_sweep,1137,control,3,2,0.6401,0,0.2271,42,0,148.5
mech_md75_ppon_r10,mechanism_sweep,1137,control,4,2,0.654,0,0.1709,41,1,105.0
mech_md75_ppon_r10,mechanism_sweep,1137,treatment,0,8,0.5423,0,0.3122,126,9,120.25
mech_md75_ppon_r10,mechanism_sweep,1137,treatment,1,6,0.4945,0,0.3119,86,3,105.17
mech_md75_ppon_r10,mechanism_sweep,1137,treatment,2,4,0.6462,0,0.1997,77,2,108.88
mech_md75_ppon_r10,mechanism_sweep,1137,treatment,3,3,0.5917,0,0.2986,51,1,109.83
mech_md75_ppon_r10,mechanism_sweep,1137,treatment,4,3,0.6303,0,0.219,56,0,108.33
mech_md75_ppon_r10,mechanism_sweep,1274,control,0,3,0.6672,0,0.2438,56,2,71.67
mech_md75_ppon_r10,mechanism_sweep,1274,control,1,1,0.7799,0,0.0,20,1,103.0
mech_md75_ppon_r10,mechanism_sweep,1274,control,2,3,0.4704,0,0.2325,45,1,105.0
mech_md75_ppon_r10,mechanism_sweep,1274,control,3,5,0.6158,0,0.1527,79,2,106.0
mech_md75_ppon_r10,mechanism_sweep,1274,control,4,0,0,0,0,0,0,0
mech_md75_ppon_r10,mechanism_sweep,1274,treatment,0,8,0.5771,0,0.3103,135,3,109.06
mech_md75_ppon_r10,mechanism_sweep,1274,treatment,1,9,0.6324,0,0.3092,173,2,107.83
mech_md75_ppon_r10,mechanism_sweep,1274,treatment,2,3,0.6389,0,0.3671,57,0,116.83
mech_md75_ppon_r10,mechanism_sweep,1274,treatment,3,4,0.6012,0,0.3243,72,0,93.0
mech_md75_ppon_r10,mechanism_sweep,1274,treatment,4,5,0.7034,0,0.249,106,3,104.0
mech_md75_ppon_r10,mechanism_sweep,1411,control,0,5,0.6328,0,0.3204,96,1,82.4
mech_md75_ppon_r10,mechanism_sweep,1411,control,1,4,0.6779,0,0.3459,81,0,100.25
mech_md75_ppon_r10,mechanism_sweep,1411,control,2,1,0.6305,0,0.0,21,0,115.0
mech_md75_ppon_r10,mechanism_sweep,1411,control,3,0,0,0,0,0,0,0
mech_md75_ppon_r10,mechanism_sweep,1411,control,4,1,0.6073,0,0.0,14,0,94.0
mech_md75_ppon_r10,mechanism_sweep,1411,treatment,0,5,0.6371,0,0.3313,100,1,99.0
mech_md75_ppon_r10,mechanism_sweep,1411,treatment,1,6,0.4962,0,0.2569,78,4,98.83
mech_md75_ppon_r10,mechanism_sweep,1411,treatment,2,13,0.5057,0,0.2704,188,16,95.58
mech_md75_ppon_r10,mechanism_sweep,1411,treatment,3,13,0.5372,0,0.1763,146,18,112.58
mech_md75_ppon_r10,mechanism_sweep,1411,treatment,4,1,0.3985,0,0.0,8,0,120.0
mech_md75_ppon_r10,mechanism_sweep,1548,control,0,3,0.653,0,0.2709,66,3,82.0
mech_md75_ppon_r10,mechanism_sweep,1548,control,1,4,0.61,0,0.2659,77,2,112.5
mech_md75_ppon_r10,mechanism_sweep,1548,control,2,1,0.6196,0,0.0,21,0,163.0
mech_md75_ppon_r10,mechanism_sweep,1548,control,3,2,0.6123,0,0.2969,38,0,91.5
mech_md75_ppon_r10,mechanism_sweep,1548,control,4,1,0.6597,0,0.0,20,0,90.0
mech_md75_ppon_r10,mechanism_sweep,1548,treatment,0,2,0.6788,0,0.3152,42,2,122.5
mech_md75_ppon_r10,mechanism_sweep,1548,treatment,1,4,0.663,0,0.2933,79,5,100.38
mech_md75_ppon_r10,mechanism_sweep,1548,treatment,2,3,0.6763,0,0.3768,55,1,95.33
mech_md75_ppon_r10,mechanism_sweep,1548,treatment,3,1,0.6732,0,0.0,18,0,112.5
mech_md75_ppon_r10,mechanism_sweep,1548,treatment,4,0,0,0,0,0,0,0
mech_md75_ppon_r10,mechanism_sweep,1685,control,0,9,0.5849,0,0.2611,161,13,94.44
mech_md75_ppon_r10,mechanism_sweep,1685,control,1,8,0.52,0,0.2823,122,10,112.38
mech_md75_ppon_r10,mechanism_sweep,1685,control,2,3,0.6404,0,0.2859,61,4,104.0
mech_md75_ppon_r10,mechanism_sweep,1685,control,3,22,0.5234,0,0.2203,320,30,113.59
mech_md75_ppon_r10,mechanism_sweep,1685,control,4,2,0.6221,0,0.0329,42,2,110.0
mech_md75_ppon_r10,mechanism_sweep,1685,treatment,0,5,0.6074,0,0.3459,99,6,100.05
mech_md75_ppon_r10,mechanism_sweep,1685,treatment,1,3,0.5255,0,0.4057,51,0,78.5
mech_md75_ppon_r10,mechanism_sweep,1685,treatment,2,5,0.6309,0,0.3282,101,4,101.9
mech_md75_ppon_r10,mechanism_sweep,1685,treatment,3,1,0.4598,0,0.0,15,0,135.0
mech_md75_ppon_r10,mechanism_sweep,1685,treatment,4,4,0.7228,0,0.3589,85,4,117.5
mech_md75_ppon_r10,mechanism_sweep,1822,control,0,6,0.4931,0,0.3026,86,7,93.33
mech_md75_ppon_r10,mechanism_sweep,1822,control,1,4,0.514,0,0.2768,69,0,91.25
mech_md75_ppon_r10,mechanism_sweep,1822,control,2,1,0.5299,0,0.0,20,0,39.0
mech_md75_ppon_r10,mechanism_sweep,1822,control,3,2,0.4952,0,0.1168,31,2,106.5
mech_md75_ppon_r10,mechanism_sweep,1822,control,4,1,0.5699,0,0.0,37,0,119.0
mech_md75_ppon_r10,mechanism_sweep,1822,treatment,0,10,0.5749,0,0.3103,178,7,94.8
mech_md75_ppon_r10,mechanism_sweep,1822,treatment,1,4,0.5646,0,0.2672,71,3,95.5
mech_md75_ppon_r10,mechanism_sweep,1822,treatment,2,3,0.4662,0,0.1457,35,1,91.33
mech_md75_ppon_r10,mechanism_sweep,1822,treatment,3,13,0.5651,0,0.2711,186,11,121.19
mech_md75_ppon_r10,mechanism_sweep,1822,treatment,4,3,0.6312,0,0.3315,48,2,104.67
mech_md75_ppon_r10,mechanism_sweep,1959,control,0,6,0.6941,0,0.3686,121,2,117.0
mech_md75_ppon_r10,mechanism_sweep,1959,control,1,6,0.6827,0,0.3155,128,4,92.5
mech_md75_ppon_r10,mechanism_sweep,1959,control,2,5,0.6241,0,0.2926,86,2,110.6
mech_md75_ppon_r10,mechanism_sweep,1959,control,3,15,0.4911,0,0.1667,172,13,107.2
mech_md75_ppon_r10,mechanism_sweep,1959,control,4,10,0.5294,0,0.1686,135,4,117.8
mech_md75_ppon_r10,mechanism_sweep,1959,treatment,0,17,0.5914,0,0.3079,286,8,106.53
mech_md75_ppon_r10,mechanism_sweep,1959,treatment,1,9,0.6794,0,0.2536,168,10,108.78
mech_md75_ppon_r10,mechanism_sweep,1959,treatment,2,16,0.5622,0,0.2715,238,18,102.0
mech_md75_ppon_r10,mechanism_sweep,1959,treatment,3,5,0.6543,0,0.2536,97,3,116.4
mech_md75_ppon_r10,mechanism_sweep,1959,treatment,4,7,0.5136,0,0.262,101,4,106.5
mech_md75_ppon_r10,mechanism_sweep,2096,control,0,6,0.646,0,0.312,119,2,121.0
mech_md75_ppon_r10,mechanism_sweep,2096,control,1,2,0.5221,0,0.2258,32,0,116.5
mech_md75_ppon_r10,mechanism_sweep,2096,control,2,4,0.6416,0,0.2455,81,2,108.5
mech_md75_ppon_r10,mechanism_sweep,2096,control,3,1,0.7051,0,0.0,41,1,60.0
mech_md75_ppon_r10,mechanism_sweep,2096,control,4,3,0.5813,0,0.3595,60,1,61.0
mech_md75_ppon_r10,mechanism_sweep,2096,treatment,0,7,0.5683,0,0.2991,112,4,93.14
mech_md75_ppon_r10,mechanism_sweep,2096,treatment,1,9,0.5524,0,0.2693,148,4,80.0
mech_md75_ppon_r10,mechanism_sweep,2096,treatment,2,12,0.6433,0,0.2943,226,5,102.02
mech_md75_ppon_r10,mechanism_sweep,2096,treatment,3,13,0.6092,0,0.2638,223,10,106.31
mech_md75_ppon_r10,mechanism_sweep,2096,treatment,4,7,0.6574,0,0.2878,128,7,110.5
mech_md75_ppon_r10,mechanism_sweep,2233,control,0,3,0.7385,0,0.3217,65,4,115.0
mech_md75_ppon_r10,mechanism_sweep,2233,control,1,0,0,0,0,0,0,0
mech_md75_ppon_r10,mechanism_sweep,2233,control,2,2,0.569,0,0.3142,36,0,108.5
mech_md75_ppon_r10,mechanism_sweep,2233,control,3,9,0.4806,0,0.0825,92,11,93.67
mech_md75_ppon_r10,mechanism_sweep,2233,control,4,11,0.529,0,0.2327,124,7,92.18
mech_md75_ppon_r10,mechanism_sweep,2233,treatment,0,7,0.6355,0,0.315,137,3,110.07
mech_md75_ppon_r10,mechanism_sweep,2233,treatment,1,4,0.6238,0,0.3336,77,1,92.5
mech_md75_ppon_r10,mechanism_sweep,2233,treatment,2,0,0,0,0,0,0,0
mech_md75_ppon_r10,mechanism_sweep,2233,treatment,3,7,0.6435,0,0.2964,141,2,120.71
mech_md75_ppon_r10,mechanism_sweep,2233,treatment,4,3,0.6566,0,0.3768,57,2,124.17
mech_md75_ppon_r10,mechanism_sweep,2370,control,0,6,0.6315,0,0.3552,116,3,105.33
mech_md75_ppon_r10,mechanism_sweep,2370,control,1,10,0.5958,0,0.312,183,7,87.7
mech_md75_ppon_r10,mechanism_sweep,2370,control,2,10,0.562,0,0.263,161,9,96.5
mech_md75_ppon_r10,mechanism_sweep,2370,control,3,3,0.6465,0,0.2825,64,1,109.0
mech_md75_ppon_r10,mechanism_sweep,2370,control,4,6,0.5832,0,0.2273,120,2,87.33
mech_md75_ppon_r10,mechanism_sweep,2370,treatment,0,9,0.6306,0,0.3481,168,4,98.11
mech_md75_ppon_r10,mechanism_sweep,2370,treatment,1,14,0.6419,0,0.3096,274,8,95.25
mech_md75_ppon_r10,mechanism_sweep,2370,treatment,2,15,0.6205,0,0.3036,271,10,108.8
mech_md75_ppon_r10,mechanism_sweep,2370,treatment,3,10,0.629,0,0.3117,180,4,118.85
mech_md75_ppon_r10,mechanism_sweep,2370,treatment,4,6,0.5774,0,0.2947,102,1,96.75
mech_md75_ppon_r10,mechanism_sweep,2507,control,0,3,0.6603,0,0.315,61,0,107.0
mech_md75_ppon_r10,mechanism_sweep,2507,control,1,4,0.7044,0,0.3092,86,2,139.5
mech_md75_ppon_r10,mechanism_sweep,2507,control,2,6,0.6326,0,0.3592,121,1,106.17
mech_md75_ppon_r10,mechanism_sweep,2507,control,3,8,0.6398,0,0.2785,162,1,100.75
mech_md75_ppon_r10,mechanism_sweep,2507,control,4,1,0.6721,0,0.0,20,0,100.0
mech_md75_ppon_r10,mechanism_sweep,2507,treatment,0,9,0.5905,0,0.3153,159,3,112.83
mech_md75_ppon_r10,mechanism_sweep,2507,treatment,1,10,0.5277,0,0.3031,150,4,120.45
mech_md75_ppon_r10,mechanism_sweep,2507,treatment,2,2,0.6597,0,0.0698,42,3,95.0
mech_md75_ppon_r10,mechanism_sweep,2507,treatment,3,0,0,0,0,0,0,0
mech_md75_ppon_r10,mechanism_sweep,2507,treatment,4,1,0.5968,0,0.0,20,0,100.0
mech_md75_ppon_r10,mechanism_sweep,2644,control,0,2,0.629,0,0.2272,45,1,137.5
mech_md75_ppon_r10,mechanism_sweep,2644,control,1,3,0.6371,0,0.224,60,0,96.67
mech_md75_ppon_r10,mechanism_sweep,2644,control,2,1,0.7188,0,0.0,22,2,120.0
mech_md75_ppon_r10,mechanism_sweep,2644,control,3,2,0.5443,0,0.3107,38,0,76.0
mech_md75_ppon_r10,mechanism_sweep,2644,control,4,0,0,0,0,0,0,0
mech_md75_ppon_r10,mechanism_sweep,2644,treatment,0,2,0.4632,0,0.1573,26,2,111.0
mech_md75_ppon_r10,mechanism_sweep,2644,treatment,1,4,0.5667,0,0.289,74,0,127.5
mech_md75_ppon_r10,mechanism_sweep,2644,treatment,2,0,0,0,0,0,0,0
mech_md75_ppon_r10,mechanism_sweep,2644,treatment,3,6,0.4972,0,0.3122,74,2,101.67
mech_md75_ppon_r10,mechanism_sweep,2644,treatment,4,3,0.6654,0,0.235,77,1,94.67
mech_md75_ppon_r10,mechanism_sweep,2781,control,0,7,0.636,0,0.2764,151,5,103.14
mech_md75_ppon_r10,mechanism_sweep,2781,control,1,8,0.632,0,0.2849,144,3,101.88
mech_md75_ppon_r10,mechanism_sweep,2781,control,2,1,0.8682,0,0.0,22,2,120.0
mech_md75_ppon_r10,mechanism_sweep,2781,control,3,3,0.6979,0,0.2621,62,1,112.33
mech_md75_ppon_r10,mechanism_sweep,2781,control,4,3,0.6628,0,0.3218,59,1,101.33
mech_md75_ppon_r10,mechanism_sweep,2781,treatment,0,8,0.5705,0,0.3216,142,1,96.0
mech_md75_ppon_r10,mechanism_sweep,2781,treatment,1,3,0.6877,0,0.1656,62,2,85.33
mech_md75_ppon_r10,mechanism_sweep,2781,treatment,2,10,0.6561,0,0.2553,180,6,116.05
mech_md75_ppon_r10,mechanism_sweep,2781,treatment,3,7,0.6728,0,0.257,132,4,103.36
mech_md75_ppon_r10,mechanism_sweep,2781,treatment,4,8,0.684,0,0.2456,149,1,109.59
mech_md75_ppon_r10,mechanism_sweep,2918,control,0,5,0.6191,0,0.3649,89,0,110.6
mech_md75_ppon_r10,mechanism_sweep,2918,control,1,6,0.5514,0,0.2627,98,4,120.67
mech_md75_ppon_r10,mechanism_sweep,2918,control,2,32,0.4556,0,0.1216,344,42,117.41
mech_md75_ppon_r10,mechanism_sweep,2918,control,3,16,0.3775,0,0.1803,153,17,112.44
mech_md75_ppon_r10,mechanism_sweep,2918,control,4,8,0.588,0,0.0966,117,9,118.0
mech_md75_ppon_r10,mechanism_sweep,2918,treatment,0,7,0.6716,0,0.3348,134,2,100.5
mech_md75_ppon_r10,mechanism_sweep,2918,treatment,1,5,0.6866,0,0.3723,103,4,117.6
mech_md75_ppon_r10,mechanism_sweep,2918,treatment,2,1,0.5882,0,0.0,20,0,100.0
mech_md75_ppon_r10,mechanism_sweep,2918,treatment,3,6,0.5028,0,0.3261,80,2,122.42
mech_md75_ppon_r10,mechanism_sweep,2918,treatment,4,3,0.5912,0,0.2682,42,0,111.33
mech_md75_ppon_r10,mechanism_sweep,3055,control,0,7,0.6098,0,0.3416,143,0,107.14
mech_md75_ppon_r10,mechanism_sweep,3055,control,1,5,0.5451,0,0.2806,77,4,122.0
mech_md75_ppon_r10,mechanism_sweep,3055,control,2,0,0,0,0,0,0,0
mech_md75_ppon_r10,mechanism_sweep,3055,control,3,11,0.4894,0,0.267,157,4,102.73
mech_md75_ppon_r10,mechanism_sweep,3055,control,4,4,0.3841,0,0.2716,45,1,74.5
mech_md75_ppon_r10,mechanism_sweep,3055,treatment,0,7,0.6179,0,0.3149,139,2,119.14
mech_md75_ppon_r10,mechanism_sweep,3055,treatment,1,1,0.6581,0,0.0,21,0,146.0
mech_md75_ppon_r10,mechanism_sweep,3055,treatment,2,1,0.6351,0,0.0,20,0,100.0
mech_md75_ppon_r10,mechanism_sweep,3055,treatment,3,0,0,0,0,0,0,0
mech_md75_ppon_r10,mechanism_sweep,3055,treatment,4,3,0.5742,0,0.3346,46,0,76.42
mech_md75_ppon_r10,mechanism_sweep,3192,control,0,2,0.6292,0,0.2497,42,1,112.5
mech_md75_ppon_r10,mechanism_sweep,3192,control,1,4,0.649,0,0.2669,81,2,90.75
mech_md75_ppon_r10,mechanism_sweep,3192,control,2,0,0,0,0,0,0,0
mech_md75_ppon_r10,mechanism_sweep,3192,control,3,3,0.6468,0,0.3146,64,1,139.67
mech_md75_ppon_r10,mechanism_sweep,3192,control,4,4,0.5342,0,0.113,67,7,120.25
mech_md75_ppon_r10,mechanism_sweep,3192,treatment,0,6,0.5666,0,0.2941,104,4,102.75
mech_md75_ppon_r10,mechanism_sweep,3192,treatment,1,2,0.5597,0,0.0,34,0,122.5
mech_md75_ppon_r10,mechanism_sweep,3192,treatment,2,1,0.5248,0,0.0,16,0,125.0
mech_md75_ppon_r10,mechanism_sweep,3192,treatment,3,1,0.6263,0,0.0,20,0,92.0
mech_md75_ppon_r10,mechanism_sweep,3192,treatment,4,7,0.4687,0,0.2351,61,1,93.71
mech_md75_ppon_r10,mechanism_sweep,3329,control,0,5,0.6206,0,0.355,110,0,103.8
mech_md75_ppon_r10,mechanism_sweep,3329,control,1,3,0.6509,0,0.3301,61,0,111.33
mech_md75_ppon_r10,mechanism_sweep,3329,control,2,4,0.6284,0,0.1994,83,4,120.5
mech_md75_ppon_r10,mechanism_sweep,3329,control,3,2,0.5919,0,0.2128,42,0,122.5
mech_md75_ppon_r10,mechanism_sweep,3329,control,4,1,0.6198,0,0.0,21,0,117.0
mech_md75_ppon_r10,mechanism_sweep,3329,treatment,0,4,0.4995,0,0.3423,71,0,80.62
mech_md75_ppon_r10,mechanism_sweep,3329,treatment,1,2,0.648,0,0.4313,43,0,121.25
mech_md75_ppon_r10,mechanism_sweep,3329,treatment,2,6,0.7235,0,0.1986,112,6,124.0
mech_md75_ppon_r10,mechanism_sweep,3329,treatment,3,1,0.5977,0,0.0,21,0,150.0
mech_md75_ppon_r10,mechanism_sweep,3329,treatment,4,0,0,0,0,0,0,0
mech_md75_ppon_r10,mechanism_sweep,3466,control,0,2,0.6487,0,0.3351,41,1,101.0
mech_md75_ppon_r10,mechanism_sweep,3466,control,1,14,0.5418,0,0.2512,216,17,101.93
mech_md75_ppon_r10,mechanism_sweep,3466,control,2,7,0.4855,0,0.2032,99,3,89.29
mech_md75_ppon_r10,mechanism_sweep,3466,control,3,27,0.4596,0,0.2371,345,36,86.96
mech_md75_ppon_r10,mechanism_sweep,3466,control,4,11,0.4468,0,0.1648,131,19,99.91
mech_md75_ppon_r10,mechanism_sweep,3466,treatment,0,8,0.6444,0,0.3214,149,1,100.94
mech_md75_ppon_r10,mechanism_sweep,3466,treatment,1,1,0.6803,0,0.0,17,0,62.5
mech_md75_ppon_r10,mechanism_sweep,3466,treatment,2,2,0.6388,0,0.2827,35,0,131.0
mech_md75_ppon_r10,mechanism_sweep,3466,treatment,3,4,0.4966,0,0.2294,53,2,102.5
mech_md75_ppon_r10,mechanism_sweep,3466,treatment,4,4,0.5227,0,0.1795,52,3,108.0
mech_md75_ppon_r10,mechanism_sweep,3603,control,0,7,0.6289,0,0.3026,140,1,93.0
mech_md75_ppon_r10,mechanism_sweep,3603,control,1,2,0.7775,0,0.2689,43,4,91.0
mech_md75_ppon_r10,mechanism_sweep,3603,control,2,1,0.5722,0,0.0,20,0,100.0
mech_md75_ppon_r10,mechanism_sweep,3603,control,3,4,0.5341,0,0.3326,65,1,103.5
mech_md75_ppon_r10,mechanism_sweep,3603,control,4,3,0.7592,0,0.1169,66,5,133.0
mech_md75_ppon_r10,mechanism_sweep,3603,treatment,0,6,0.5823,0,0.3221,106,1,98.33
mech_md75_ppon_r10,mechanism_sweep,3603,treatment,1,8,0.5928,0,0.1967,123,8,115.94
mech_md75_ppon_r10,mechanism_sweep,3603,treatment,2,1,0.6861,0,0.0,17,0,137.5
mech_md75_ppon_r10,mechanism_sweep,3603,treatment,3,0,0,0,0,0,0,0
mech_md75_ppon_r10,mechanism_sweep,3603,treatment,4,2,0.5546,0,0.1495,28,0,78.75
mech_md75_ppon_r10,mechanism_sweep,3740,control,0,7,0.6382,0,0.3285,144,2,106.29
mech_md75_ppon_r10,mechanism_sweep,3740,control,1,6,0.5857,0,0.2611,106,2,100.33
mech_md75_ppon_r10,mechanism_sweep,3740,control,2,7,0.6935,0,0.2708,140,4,106.86
mech_md75_ppon_r10,mechanism_sweep,3740,control,3,3,0.7336,0,0.1772,63,0,133.0
mech_md75_ppon_r10,mechanism_sweep,3740,control,4,2,0.8129,0,0.2647,43,3,115.0
mech_md75_ppon_r10,mechanism_sweep,3740,treatment,0,5,0.6175,0,0.2794,90,1,128.2
mech_md75_ppon_r10,mechanism_sweep,3740,treatment,1,7,0.6384,0,0.2948,130,4,114.71
mech_md75_ppon_r10,mechanism_sweep,3740,treatment,2,15,0.5601,0,0.2832,220,10,85.67
mech_md75_ppon_r10,mechanism_sweep,3740,treatment,3,3,0.4822,0,0.2207,38,1,67.33
mech_md75_ppon_r10,mechanism_sweep,3740,treatment,4,7,0.5488,0,0.208,101,1,106.29
mech_md75_ppon_r10,mechanism_sweep,3877,control,0,5,0.6874,0,0.2605,103,2,97.0
mech_md75_ppon_r10,mechanism_sweep,3877,control,1,3,0.7159,0,0.1595,65,2,135.33
mech_md75_ppon_r10,mechanism_sweep,3877,control,2,3,0.6671,0,0.1778,60,3,132.0
mech_md75_ppon_r10,mechanism_sweep,3877,control,3,9,0.4727,0,0.1487,123,14,110.0
mech_md75_ppon_r10,mechanism_sweep,3877,control,4,3,0.4268,0,0.1318,41,2,109.0
mech_md75_ppon_r10,mechanism_sweep,3877,treatment,0,8,0.6417,0,0.3081,153,4,91.06
mech_md75_ppon_r10,mechanism_sweep,3877,treatment,1,8,0.6446,0,0.2834,151,2,93.12
mech_md75_ppon_r10,mechanism_sweep,3877,treatment,2,6,0.7072,0,0.2067,130,1,108.33
mech_md75_ppon_r10,mechanism_sweep,3877,treatment,3,2,0.7021,0,0.2515,39,0,108.0
mech_md75_ppon_r10,mechanism_sweep,3877,treatment,4,1,0.7531,0,0.0,21,1,110.0
mech_md75_ppon_r10,mechanism_sweep,4014,control,0,8,0.709,0,0.2891,170,7,107.88
mech_md75_ppon_r10,mechanism_sweep,4014,control,1,9,0.6016,0,0.2537,166,6,108.44
mech_md75_ppon_r10,mechanism_sweep,4014,control,2,8,0.5814,0,0.2115,143,5,112.0
mech_md75_ppon_r10,mechanism_sweep,4014,control,3,50,0.474,0,0.2292,666,81,111.56
mech_md75_ppon_r10,mechanism_sweep,4014,control,4,12,0.5621,0,0.1733,196,13,119.67
mech_md75_ppon_r10,mechanism_sweep,4014,treatment,0,15,0.5732,0,0.3041,248,11,100.4
mech_md75_ppon_r10,mechanism_sweep,4014,treatment,1,4,0.6229,0,0.2109,82,1,122.0
mech_md75_ppon_r10,mechanism_sweep,4014,treatment,2,4,0.575,0,0.2587,72,0,103.5
mech_md75_ppon_r10,mechanism_sweep,4014,treatment,3,2,0.6655,0,0.3426,38,0,98.5
mech_md75_ppon_r10,mechanism_sweep,4014,treatment,4,5,0.5227,0,0.2251,68,0,86.1
mech_md75_ppon_r10,mechanism_sweep,4151,control,0,3,0.5273,0,0.301,49,3,124.67
mech_md75_ppon_r10,mechanism_sweep,4151,control,1,5,0.6562,0,0.3512,102,2,104.0
mech_md75_ppon_r10,mechanism_sweep,4151,control,2,0,0,0,0,0,0,0
mech_md75_ppon_r10,mechanism_sweep,4151,control,3,2,0.7289,0,0.246,41,1,103.5
mech_md75_ppon_r10,mechanism_sweep,4151,control,4,2,0.6521,0,0.2304,37,2,101.0
mech_md75_ppon_r10,mechanism_sweep,4151,treatment,0,8,0.5554,0,0.3114,144,5,96.81
mech_md75_ppon_r10,mechanism_sweep,4151,treatment,1,4,0.6428,0,0.2915,87,4,112.5
mech_md75_ppon_r10,mechanism_sweep,4151,treatment,2,5,0.5089,0,0.1897,83,3,97.4
mech_md75_ppon_r10,mechanism_sweep,4151,treatment,3,5,0.7207,0,0.3017,102,7,121.5
mech_md75_ppon_r10,mechanism_sweep,4151,treatment,4,2,0.4773,0,0.3359,26,0,108.5
mech_md75_ppon_r10,mechanism_sweep,4288,control,0,2,0.6489,0,0.2362,44,1,146.5
mech_md75_ppon_r10,mechanism_sweep,4288,control,1,10,0.6308,0,0.2887,194,12,125.4
mech_md75_ppon_r10,mechanism_sweep,4288,control,2,7,0.5762,0,0.2774,135,1,109.57
mech_md75_ppon_r10,mechanism_sweep,4288,control,3,6,0.6408,0,0.3137,111,2,98.33
mech_md75_ppon_r10,mechanism_sweep,4288,control,4,6,0.6362,0,0.3221,113,0,125.83
mech_md75_ppon_r10,mechanism_sweep,4288,treatment,0,8,0.6439,0,0.3106,153,6,118.56
mech_md75_ppon_r10,mechanism_sweep,4288,treatment,1,9,0.5852,0,0.3297,170,0,103.83
mech_md75_ppon_r10,mechanism_sweep,4288,treatment,2,19,0.585,0,0.2552,319,17,115.53
mech_md75_ppon_r10,mechanism_sweep,4288,treatment,3,10,0.6162,0,0.2968,196,1,103.72
mech_md75_ppon_r10,mechanism_sweep,4288,treatment,4,11,0.6519,0,0.2941,196,14,115.09
mech_md75_ppon_r10,mechanism_sweep,4425,control,0,8,0.537,0,0.2318,137,10,108.12
mech_md75_ppon_r10,mechanism_sweep,4425,control,1,1,0.6079,0,0.0,20,0,93.0
mech_md75_ppon_r10,mechanism_sweep,4425,control,2,6,0.599,0,0.246,117,2,110.33
mech_md75_ppon_r10,mechanism_sweep,4425,control,3,2,0.6691,0,0.2327,43,1,141.0
mech_md75_ppon_r10,mechanism_sweep,4425,control,4,13,0.5058,0,0.2041,194,10,111.54
mech_md75_ppon_r10,mechanism_sweep,4425,treatment,0,16,0.6155,0,0.2726,296,10,114.22
mech_md75_ppon_r10,mechanism_sweep,4425,treatment,1,5,0.6538,0,0.2594,93,0,97.2
mech_md75_ppon_r10,mechanism_sweep,4425,treatment,2,7,0.6263,0,0.2169,121,4,125.57
mech_md75_ppon_r10,mechanism_sweep,4425,treatment,3,3,0.6722,0,0.3076,61,1,99.17
mech_md75_ppon_r10,mechanism_sweep,4425,treatment,4,7,0.504,0,0.2445,99,2,141.93
mech_md75_ppon_r10,mechanism_sweep,4562,control,0,4,0.6126,0,0.3073,72,1,86.25
mech_md75_ppon_r10,mechanism_sweep,4562,control,1,1,0.7627,0,0.0,22,1,127.0
mech_md75_ppon_r10,mechanism_sweep,4562,control,2,3,0.7053,0,0.1822,72,2,79.33
mech_md75_ppon_r10,mechanism_sweep,4562,control,3,2,0.5706,0,0.2223,38,0,91.5
mech_md75_ppon_r10,mechanism_sweep,4562,control,4,0,0,0,0,0,0,0
mech_md75_ppon_r10,mechanism_sweep,4562,treatment,0,5,0.6024,0,0.2184,90,0,110.3
mech_md75_ppon_r10,mechanism_sweep,4562,treatment,1,9,0.554,0,0.2743,141,3,128.36
mech_md75_ppon_r10,mechanism_sweep,4562,treatment,2,6,0.5267,0,0.1973,91,2,84.17
mech_md75_ppon_r10,mechanism_sweep,4562,treatment,3,13,0.5292,0,0.2289,199,10,113.19
mech_md75_ppon_r10,mechanism_sweep,4562,treatment,4,2,0.3144,0,0.26,19,0,76.75
mech_md75_ppon_r10,mechanism_sweep,4699,control,0,4,0.6815,0,0.2958,79,4,114.75
mech_md75_ppon_r10,mechanism_sweep,4699,control,1,6,0.6021,0,0.2416,117,4,92.33
mech_md75_ppon_r10,mechanism_sweep,4699,control,2,1,0.7476,0,0.0,21,1,105.0
mech_md75_ppon_r10,mechanism_sweep,4699,control,3,1,0.6688,0,0.0,18,1,13.0
mech_md75_ppon_r10,mechanism_sweep,4699,control,4,7,0.4816,0,0.1842,83,4,112.71
mech_md75_ppon_r10,mechanism_sweep,4699,treatment,0,5,0.631,0,0.2684,97,1,110.7
mech_md75_ppon_r10,mechanism_sweep,4699,treatment,1,5,0.548,0,0.2673,89,0,106.1
mech_md75_ppon_r10,mechanism_sweep,4699,treatment,2,7,0.6081,0,0.28,118,4,99.64
mech_md75_ppon_r10,mechanism_sweep,4699,treatment,3,1,0.5741,0,0.0,20,0,13.0
mech_md75_ppon_r10,mechanism_sweep,4699,treatment,4,1,0.5053,0,0.0,25,0,71.0
mech_md75_ppon_r10,mechanism_sweep,4836,control,0,4,0.6456,0,0.3319,83,1,121.75
mech_md75_ppon_r10,mechanism_sweep,4836,control,1,10,0.4659,0,0.27,126,13,111.4
mech_md75_ppon_r10,mechanism_sweep,4836,control,2,2,0.7361,0,0.1719,43,1,113.0
mech_md75_ppon_r10,mechanism_sweep,4836,control,3,0,0,0,0,0,0,0
mech_md75_ppon_r10,mechanism_sweep,4836,control,4,1,0.6983,0,0.0,21,1,110.0
mech_md75_ppon_r10,mechanism_sweep,4836,treatment,0,7,0.6724,0,0.2675,134,5,114.93
mech_md75_ppon_r10,mechanism_sweep,4836,treatment,1,10,0.5246,0,0.2724,143,9,104.08
mech_md75_ppon_r10,mechanism_sweep,4836,treatment,2,13,0.4848,0,0.2242,167,13,79.9
mech_md75_ppon_r10,mechanism_sweep,4836,treatment,3,27,0.4971,0,0.2761,356,29,105.46
mech_md75_ppon_r10,mechanism_sweep,4836,treatment,4,58,0.4617,0,0.293,696,70,104.21
mech_md75_ppon_r10,mechanism_sweep,4973,control,0,6,0.5955,0,0.2554,116,1,96.33
mech_md75_ppon_r10,mechanism_sweep,4973,control,1,8,0.6328,0,0.2475,155,8,116.12
mech_md75_ppon_r10,mechanism_sweep,4973,control,2,23,0.4138,0,0.2453,251,19,98.09
mech_md75_ppon_r10,mechanism_sweep,4973,control,3,4,0.5774,0,0.1927,68,2,76.75
mech_md75_ppon_r10,mechanism_sweep,4973,control,4,9,0.569,0,0.2373,144,12,112.0
mech_md75_ppon_r10,mechanism_sweep,4973,treatment,0,20,0.4352,0,0.2947,267,16,95.95
mech_md75_ppon_r10,mechanism_sweep,4973,treatment,1,12,0.6052,0,0.3052,216,11,102.62
mech_md75_ppon_r10,mechanism_sweep,4973,treatment,2,23,0.5451,0,0.2857,338,21,101.07
mech_md75_ppon_r10,mechanism_sweep,4973,treatment,3,9,0.5453,0,0.3356,142,4,85.83
mech_md75_ppon_r10,mechanism_sweep,4973,treatment,4,10,0.5584,0,0.232,150,7,95.95
mech_md75_ppon_r20,mechanism_sweep,1000,control,0,2,0.6167,0,0.2905,36,0,99.5
mech_md75_ppon_r20,mechanism_sweep,1000,control,1,0,0,0,0,0,0,0
mech_md75_ppon_r20,mechanism_sweep,1000,control,2,4,0.6569,0,0.2604,92,0,117.0
mech_md75_ppon_r20,mechanism_sweep,1000,control,3,1,0.6501,0,0.0,22,1,101.0
mech_md75_ppon_r20,mechanism_sweep,1000,control,4,5,0.6024,0,0.1985,92,5,105.0
mech_md75_ppon_r20,mechanism_sweep,1000,treatment,0,15,0.5354,0,0.2853,220,9,105.8
mech_md75_ppon_r20,mechanism_sweep,1000,treatment,1,12,0.4985,0,0.2491,137,12,132.75
mech_md75_ppon_r20,mechanism_sweep,1000,treatment,2,6,0.6123,0,0.2634,87,2,102.71
mech_md75_ppon_r20,mechanism_sweep,1000,treatment,3,23,0.4975,0,0.2659,256,27,107.33
mech_md75_ppon_r20,mechanism_sweep,1000,treatment,4,16,0.5454,0,0.286,186,14,105.72
mech_md75_ppon_r20,mechanism_sweep,1137,control,0,4,0.6478,0,0.3082,83,1,124.0
mech_md75_ppon_r20,mechanism_sweep,1137,control,1,8,0.6582,0,0.2846,162,3,109.62
mech_md75_ppon_r20,mechanism_sweep,1137,control,2,2,0.7375,0,0.2362,43,1,119.5
mech_md75_ppon_r20,mechanism_sweep,1137,control,3,2,0.6401,0,0.2271,42,0,148.5
mech_md75_ppon_r20,mechanism_sweep,1137,control,4,2,0.654,0,0.1709,41,1,105.0
mech_md75_ppon_r20,mechanism_sweep,1137,treatment,0,21,0.4497,0,0.3135,218,17,116.29
mech_md75_ppon_r20,mechanism_sweep,1137,treatment,1,7,0.6357,0,0.3207,114,3,123.96
mech_md75_ppon_r20,mechanism_sweep,1137,treatment,2,4,0.6501,0,0.3184,75,0,112.38
mech_md75_ppon_r20,mechanism_sweep,1137,treatment,3,1,0.6343,0,0.0,17,0,137.5
mech_md75_ppon_r20,mechanism_sweep,1137,treatment,4,1,0.6131,0,0.0,16,0,125.0
mech_md75_ppon_r20,mechanism_sweep,1274,control,0,3,0.6672,0,0.2438,56,2,71.67
mech_md75_ppon_r20,mechanism_sweep,1274,control,1,1,0.7799,0,0.0,20,1,103.0
mech_md75_ppon_r20,mechanism_sweep,1274,control,2,3,0.4704,0,0.2325,45,1,105.0
mech_md75_ppon_r20,mechanism_sweep,1274,control,3,5,0.6158,0,0.1527,79,2,106.0
mech_md75_ppon_r20,mechanism_sweep,1274,control,4,0,0,0,0,0,0,0
mech_md75_ppon_r20,mechanism_sweep,1274,treatment,0,11,0.5784,0,0.254,167,12,116.5
mech_md75_ppon_r20,mechanism_sweep,1274,treatment,1,4,0.567,0,0.2734,59,1,91.81
mech_md75_ppon_r20,mechanism_sweep,1274,treatment,2,3,0.5577,0,0.0078,44,0,72.42
mech_md75_ppon_r20,mechanism_sweep,1274,treatment,3,3,0.6374,0,0.1937,53,1,87.83
mech_md75_ppon_r20,mechanism_sweep,1274,treatment,4,8,0.6174,0,0.1804,138,5,103.75
mech_md75_ppon_r20,mechanism_sweep,1411,control,0,5,0.6328,0,0.3204,96,1,82.4
mech_md75_ppon_r20,mechanism_sweep,1411,control,1,4,0.6779,0,0.3459,81,0,100.25
mech_md75_ppon_r20,mechanism_sweep,1411,control,2,1,0.6305,0,0.0,21,0,115.0
mech_md75_ppon_r20,mechanism_sweep,1411,control,3,0,0,0,0,0,0,0
mech_md75_ppon_r20,mechanism_sweep,1411,control,4,1,0.6073,0,0.0,14,0,94.0
mech_md75_ppon_r20,mechanism_sweep,1411,treatment,0,7,0.5769,0,0.2923,116,2,120.5
mech_md75_ppon_r20,mechanism_sweep,1411,treatment,1,8,0.6212,0,0.1646,129,6,94.94
mech_md75_ppon_r20,mechanism_sweep,1411,treatment,2,9,0.6103,0,0.2286,135,4,132.36
mech_md75_ppon_r20,mechanism_sweep,1411,treatment,3,2,0.4145,0,0.0701,19,1,63.0
mech_md75_ppon_r20,mechanism_sweep,1411,treatment,4,14,0.573,0,0.1794,197,12,91.48
mech_md75_ppon_r20,mechanism_sweep,1548,control,0,3,0.653,0,0.2709,66,3,82.0
mech_md75_ppon_r20,mechanism_sweep,1548,control,1,4,0.61,0,0.2659,77,2,112.5
mech_md75_ppon_r20,mechanism_sweep,1548,control,2,1,0.6196,0,0.0,21,0,163.0
mech_md75_ppon_r20,mechanism_sweep,1548,control,3,2,0.6123,0,0.2969,38,0,91.5
mech_md75_ppon_r20,mechanism_sweep,1548,control,4,1,0.6597,0,0.0,20,0,90.0
mech_md75_ppon_r20,mechanism_sweep,1548,treatment,0,5,0.613,0,0.2878,88,1,101.9
mech_md75_ppon_r20,mechanism_sweep,1548,treatment,1,2,0.569,0,0.231,32,0,103.25
mech_md75_ppon_r20,mechanism_sweep,1548,treatment,2,6,0.6329,0,0.2914,102,0,135.33
mech_md75_ppon_r20,mechanism_sweep,1548,treatment,3,6,0.6377,0,0.3171,102,3,110.67
mech_md75_ppon_r20,mechanism_sweep,1548,treatment,4,4,0.6204,0,0.2805,62,0,106.94
mech_md75_ppon_r20,mechanism_sweep,1685,control,0,9,0.5849,0,0.2611,161,13,94.44
mech_md75_ppon_r20,mechanism_sweep,1685,control,1,8,0.52,0,0.2823,122,10,112.38
mech_md75_ppon_r20,mechanism_sweep,1685,control,2,3,0.6404,0,0.2859,61,4,104.0
mech_md75_ppon_r20,mechanism_sweep,1685,control,3,22,0.5234,0,0.2203,320,30,113.59
mech_md75_ppon_r20,mechanism_sweep,1685,control,4,2,0.6221,0,0.0329,42,2,110.0
mech_md75_ppon_r20,mechanism_sweep,1685,treatment,0,5,0.6271,0,0.3154,83,1,115.1
mech_md75_ppon_r20,mechanism_sweep,1685,treatment,1,6,0.5145,0,0.1119,80,4,99.62
mech_md75_ppon_r20,mechanism_sweep,1685,treatment,2,9,0.582,0,0.1799,136,6,110.19
mech_md75_ppon_r20,mechanism_sweep,1685,treatment,3,14,0.5497,0,0.1464,190,10,97.21
mech_md75_ppon_r20,mechanism_sweep,1685,treatment,4,10,0.5661,0,0.2297,153,5,110.48
mech_md75_ppon_r20,mechanism_sweep,1822,control,0,6,0.4931,0,0.3026,86,7,93.33
mech_md75_ppon_r20,mechanism_sweep,1822,control,1,4,0.514,0,0.2768,69,0,91.25
mech_md75_ppon_r20,mechanism_sweep,1822,control,2,1,0.5299,0,0.0,20,0,39.0
mech_md75_ppon_r20,mechanism_sweep,1822,control,3,2,0.4952,0,0.1168,31,2,106.5
mech_md75_ppon_r20,mechanism_sweep,1822,control,4,1,0.5699,0,0.0,37,0,119.0
mech_md75_ppon_r20,mechanism_sweep,1822,treatment,0,9,0.5996,0,0.3252,159,5,106.83
mech_md75_ppon_r20,mechanism_sweep,1822,treatment,1,5,0.5886,0,0.3262,80,0,122.5
mech_md75_ppon_r20,mechanism_sweep,1822,treatment,2,3,0.4857,0,0.0494,46,0,62.17
mech_md75_ppon_r20,mechanism_sweep,1822,treatment,3,5,0.512,0,0.2258,76,1,99.9
mech_md75_ppon_r20,mechanism_sweep,1822,treatment,4,5,0.5294,0,0.2346,67,2,112.15
mech_md75_ppon_r20,mechanism_sweep,1959,control,0,6,0.6941,0,0.3686,121,2,117.0
mech_md75_ppon_r20,mechanism_sweep,1959,control,1,6,0.6827,0,0.3155,128,4,92.5
mech_md75_ppon_r20,mechanism_sweep,1959,control,2,5,0.6241,0,0.2926,86,2,110.6
mech_md75_ppon_r20,mechanism_sweep,1959,control,3,15,0.4911,0,0.1667,172,13,107.2
mech_md75_ppon_r20,mechanism_sweep,1959,control,4,10,0.5294,0,0.1686,135,4,117.8
mech_md75_ppon_r20,mechanism_sweep,1959,treatment,0,7,0.6569,0,0.3471,127,2,102.64
mech_md75_ppon_r20,mechanism_sweep,1959,treatment,1,2,0.6071,0,0.1853,34,1,79.0
mech_md75_ppon_r20,mechanism_sweep,1959,treatment,2,6,0.6645,0,0.2478,104,2,120.0
mech_md75_ppon_r20,mechanism_sweep,1959,treatment,3,9,0.5978,0,0.2986,144,4,102.5
mech_md75_ppon_r20,mechanism_sweep,1959,treatment,4,6,0.5594,0,0.25,83,3,96.5
mech_md75_ppon_r20,mechanism_sweep,2096,control,0,6,0.646,0,0.312,119,2,121.0
mech_md75_ppon_r20,mechanism_sweep,2096,control,1,2,0.5221,0,0.2258,32,0,116.5
mech_md75_ppon_r20,mechanism_sweep,2096,control,2,4,0.6416,0,0.2455,81,2,108.5
mech_md75_ppon_r20,mechanism_sweep,2096,control,3,1,0.7051,0,0.0,41,1,60.0
mech_md75_ppon_r20,mechanism_sweep,2096,control,4,3,0.5813,0,0.3595,60,1,61.0
mech_md75_ppon_r20,mechanism_sweep,2096,treatment,0,6,0.6494,0,0.3285,110,2,95.79
mech_md75_ppon_r20,mechanism_sweep,2096,treatment,1,6,0.6006,0,0.2993,103,1,91.08
mech_md75_ppon_r20,mechanism_sweep,2096,treatment,2,13,0.5436,0,0.2865,188,10,90.5
mech_md75_ppon_r20,mechanism_sweep,2096,treatment,3,8,0.5604,0,0.29,127,5,110.06
mech_md75_ppon_r20,mechanism_sweep,2096,treatment,4,19,0.5507,0,0.1847,237,17,110.99
mech_md75_ppon_r20,mechanism_sweep,2233,control,0,3,0.7385,0,0.3217,65,4,115.0
mech_md75_ppon_r20,mechanism_sweep,2233,control,1,0,0,0,0,0,0,0
mech_md75_ppon_r20,mechanism_sweep,2233,control,2,2,0.569,0,0.3142,36,0,108.5
mech_md75_ppon_r20,mechanism_sweep,2233,control,3,9,0.4806,0,0.0825,92,11,93.67
mech_md75_ppon_r20,mechanism_sweep,2233,control,4,11,0.529,0,0.2327,124,7,92.18
mech_md75_ppon_r20,mechanism_sweep,2233,treatment,0,3,0.5528,0,0.2881,46,1,79.5
mech_md75_ppon_r20,mechanism_sweep,2233,treatment,1,11,0.5565,0,0.2527,157,7,92.77
mech_md75_ppon_r20,mechanism_sweep,2233,treatment,2,9,0.603,0,0.274,143,7,116.22
mech_md75_ppon_r20,mechanism_sweep,2233,treatment,3,7,0.64,0,0.2873,110,4,115.93
mech_md75_ppon_r20,mechanism_sweep,2233,treatment,4,1,0.5823,0,0.0,17,0,114.0
mech_md75_ppon_r20,mechanism_sweep,2370,control,0,6,0.6315,0,0.3552,116,3,105.33
mech_md75_ppon_r20,mechanism_sweep,2370,control,1,10,0.5958,0,0.312,183,7,87.7
mech_md75_ppon_r20,mechanism_sweep,2370,control,2,10,0.562,0,0.263,161,9,96.5
mech_md75_ppon_r20,mechanism_sweep,2370,control,3,3,0.6465,0,0.2825,64,1,109.0
mech_md75_ppon_r20,mechanism_sweep,2370,control,4,6,0.5832,0,0.2273,120,2,87.33
mech_md75_ppon_r20,mechanism_sweep,2370,treatment,0,10,0.5986,0,0.307,174,4,124.25
mech_md75_ppon_r20,mechanism_sweep,2370,treatment,1,12,0.593,0,0.3205,199,5,113.29
mech_md75_ppon_r20,mechanism_sweep,2370,treatment,2,7,0.6306,0,0.2503,114,5,121.57
mech_md75_ppon_r20,mechanism_sweep,2370,treatment,3,2,0.6012,0,0.0604,35,1,83.5
mech_md75_ppon_r20,mechanism_sweep,2370,treatment,4,6,0.5621,0,0.2775,89,0,97.75
mech_md75_ppon_r20,mechanism_sweep,2507,control,0,3,0.6603,0,0.315,61,0,107.0
mech_md75_ppon_r20,mechanism_sweep,2507,control,1,4,0.7044,0,0.3092,86,2,139.5
mech_md75_ppon_r20,mechanism_sweep,2507,control,2,6,0.6326,0,0.3592,121,1,106.17
mech_md75_ppon_r20,mechanism_sweep,2507,control,3,8,0.6398,0,0.2785,162,1,100.75
mech_md75_ppon_r20,mechanism_sweep,2507,control,4,1,0.6721,0,0.0,20,0,100.0
mech_md75_ppon_r20,mechanism_sweep,2507,treatment,0,10,0.6259,0,0.3155,177,8,104.2
mech_md75_ppon_r20,mechanism_sweep,2507,treatment,1,7,0.5891,0,0.3065,123,2,110.64
mech_md75_ppon_r20,mechanism_sweep,2507,treatment,2,11,0.5509,0,0.2849,161,9,98.41
mech_md75_ppon_r20,mechanism_sweep,2507,treatment,3,3,0.6101,0,0.2122,50,0,94.17
mech_md75_ppon_r20,mechanism_sweep,2507,treatment,4,3,0.5908,0,0.2694,56,0,68.75
mech_md75_ppon_r20,mechanism_sweep,2644,control,0,2,0.629,0,0.2272,45,1,137.5
mech_md75_ppon_r20,mechanism_sweep,2644,control,1,3,0.6371,0,0.224,60,0,96.67
mech_md75_ppon_r20,mechanism_sweep,2644,control,2,1,0.7188,0,0.0,22,2,120.0
mech_md75_ppon_r20,mechanism_sweep,2644,control,3,2,0.5443,0,0.3107,38,0,76.0
mech_md75_ppon_r20,mechanism_sweep,2644,control,4,0,0,0,0,0,0,0
mech_md75_ppon_r20,mechanism_sweep,2644,treatment,0,9,0.4894,0,0.2971,119,4,85.08
mech_md75_ppon_r20,mechanism_sweep,2644,treatment,1,5,0.5708,0,0.2474,79,1,97.95
mech_md75_ppon_r20,mechanism_sweep,2644,treatment,2,2,0.5963,0,0.2656,30,0,110.75
mech_md75_ppon_r20,mechanism_sweep,2644,treatment,3,2,0.6164,0,0.3352,40,0,100.0
mech_md75_ppon_r20,mechanism_sweep,2644,treatment,4,2,0.3525,0,0.063,15,1,81.0
mech_md75_ppon_r20,mechanism_sweep,2781,control,0,7,0.636,0,0.2764,151,5,103.14
mech_md75_ppon_r20,mechanism_sweep,2781,control,1,8,0.632,0,0.2849,144,3,101.88
mech_md75_ppon_r20,mechanism_sweep,2781,control,2,1,0.8682,0,0.0,22,2,120.0
mech_md75_ppon_r20,mechanism_sweep,2781,control,3,3,0.6979,0,0.2621,62,1,112.33
mech_md75_ppon_r20,mechanism_sweep,2781,control,4,3,0.6628,0,0.3218,59,1,101.33
mech_md75_ppon_r20,mechanism_sweep,2781,treatment,0,6,0.6237,0,0.3206,105,1,122.42
mech_md75_ppon_r20,mechanism_sweep,2781,treatment,1,19,0.6084,0,0.2373,289,13,112.89
mech_md75_ppon_r20,mechanism_sweep,2781,treatment,2,12,0.6446,0,0.2415,194,6,107.19
mech_md75_ppon_r20,mechanism_sweep,2781,treatment,3,46,0.5014,0,0.1609,556,72,108.59
mech_md75_ppon_r20,mechanism_sweep,2781,treatment,4,34,0.4966,0,0.1647,391,40,115.63
mech_md75_ppon_r20,mechanism_sweep,2918,control,0,5,0.6191,0,0.3649,89,0,110.6
mech_md75_ppon_r20,mechanism_sweep,2918,control,1,6,0.5514,0,0.2627,98,4,120.67
mech_md75_ppon_r20,mechanism_sweep,2918,control,2,32,0.4556,0,0.1216,344,42,117.41
mech_md75_ppon_r20,mechanism_sweep,2918,control,3,16,0.3775,0,0.1803,153,17,112.44
mech_md75_ppon_r20,mechanism_sweep,2918,control,4,8,0.588,0,0.0966,117,9,118.0
mech_md75_ppon_r20,mechanism_sweep,2918,treatment,0,9,0.5922,0,0.3619,144,1,113.67
mech_md75_ppon_r20,mechanism_sweep,2918,treatment,1,8,0.4856,0,0.2793,101,4,89.47
mech_md75_ppon_r20,mechanism_sweep,2918,treatment,2,12,0.5642,0,0.2834,188,2,125.44
mech_md75_ppon_r20,mechanism_sweep,2918,treatment,3,9,0.6131,0,0.241,152,4,114.33
mech_md75_ppon_r20,mechanism_sweep,2918,treatment,4,13,0.5347,0,0.2292,188,13,112.52
mech_md75_ppon_r20,mechanism_sweep,3055,control,0,7,0.6098,0,0.3416,143,0,107.14
mech_md75_ppon_r20,mechanism_sweep,3055,control,1,5,0.5451,0,0.2806,77,4,122.0
mech_md75_ppon_r20,mechanism_sweep,3055,control,2,0,0,0,0,0,0,0
mech_md75_ppon_r20,mechanism_sweep,3055,control,3,11,0.4894,0,0.267,157,4,102.73
mech_md75_ppon_r20,mechanism_sweep,3055,control,4,4,0.3841,0,0.2716,45,1,74.5
mech_md75_ppon_r20,mechanism_sweep,3055,treatment,0,6,0.6071,0,0.3339,106,1,103.5
mech_md75_ppon_r20,mechanism_sweep,3055,treatment,1,1,0.7507,0,0.0,24,2,135.0
mech_md75_ppon_r20,mechanism_sweep,3055,treatment,2,8,0.6039,0,0.2852,138,4,116.66
mech_md75_ppon_r20,mechanism_sweep,3055,treatment,3,15,0.5111,0,0.1975,193,14,104.08
mech_md75_ppon_r20,mechanism_sweep,3055,treatment,4,8,0.599,0,0.2082,128,5,106.0
mech_md75_ppon_r20,mechanism_sweep,3192,control,0,2,0.6292,0,0.2497,42,1,112.5
mech_md75_ppon_r20,mechanism_sweep,3192,control,1,4,0.649,0,0.2669,81,2,90.75
mech_md75_ppon_r20,mechanism_sweep,3192,control,2,0,0,0,0,0,0,0
mech_md75_ppon_r20,mechanism_sweep,3192,control,3,3,0.6468,0,0.3146,64,1,139.67
mech_md75_ppon_r20,mechanism_sweep,3192,control,4,4,0.5342,0,0.113,67,7,120.25
mech_md75_ppon_r20,mechanism_sweep,3192,treatment,0,7,0.5413,0,0.3572,106,0,114.79
mech_md75_ppon_r20,mechanism_sweep,3192,treatment,1,4,0.6267,0,0.2928,71,0,83.38
mech_md75_ppon_r20,mechanism_sweep,3192,treatment,2,3,0.6656,0,0.235,52,0,91.67
mech_md75_ppon_r20,mechanism_sweep,3192,treatment,3,7,0.6638,0,0.2387,113,0,100.86
mech_md75_ppon_r20,mechanism_sweep,3192,treatment,4,1,0.626,0,0.0,19,0,123.0
mech_md75_ppon_r20,mechanism_sweep,3329,control,0,5,0.6206,0,0.355,110,0,103.8
mech_md75_ppon_r20,mechanism_sweep,3329,control,1,3,0.6509,0,0.3301,61,0,111.33
mech_md75_ppon_r20,mechanism_sweep,3329,control,2,4,0.6284,0,0.1994,83,4,120.5
mech_md75_ppon_r20,mechanism_sweep,3329,control,3,2,0.5919,0,0.2128,42,0,122.5
mech_md75_ppon_r20,mechanism_sweep,3329,control,4,1,0.6198,0,0.0,21,0,117.0
mech_md75_ppon_r20,mechanism_sweep,3329,treatment,0,13,0.566,0,0.3146,202,3,101.6
mech_md75_ppon_r20,mechanism_sweep,3329,treatment,1,7,0.5715,0,0.237,101,2,98.93
mech_md75_ppon_r20,mechanism_sweep,3329,treatment,2,6,0.6877,0,0.2029,101,1,108.75
mech_md75_ppon_r20,mechanism_sweep,3329,treatment,3,6,0.655,0,0.1573,92,0,118.33
mech_md75_ppon_r20,mechanism_sweep,3329,treatment,4,4,0.7049,0,0.1222,71,1,122.88
mech_md75_ppon_r20,mechanism_sweep,3466,control,0,2,0.6487,0,0.3351,41,1,101.0
mech_md75_ppon_r20,mechanism_sweep,3466,control,1,14,0.5418,0,0.2512,216,17,101.93
mech_md75_ppon_r20,mechanism_sweep,3466,control,2,7,0.4855,0,0.2032,99,3,89.29
mech_md75_ppon_r20,mechanism_sweep,3466,control,3,27,0.4596,0,0.2371,345,36,86.96
mech_md75_ppon_r20,mechanism_sweep,3466,control,4,11,0.4468,0,0.1648,131,19,99.91
mech_md75_ppon_r20,mechanism_sweep,3466,treatment,0,9,0.6134,0,0.3244,149,5,99.72
mech_md75_ppon_r20,mechanism_sweep,3466,treatment,1,12,0.5423,0,0.2872,159,5,118.62
mech_md75_ppon_r20,mechanism_sweep,3466,treatment,2,4,0.5746,0,0.2923,60,4,104.0
mech_md75_ppon_r20,mechanism_sweep,3466,treatment,3,4,0.5726,0,0.2046,64,0,110.88
mech_md75_ppon_r20,mechanism_sweep,3466,treatment,4,7,0.6036,0,0.2596,116,4,124.57
mech_md75_ppon_r20,mechanism_sweep,3603,control,0,7,0.6289,0,0.3026,140,1,93.0
mech_md75_ppon_r20,mechanism_sweep,3603,control,1,2,0.7775,0,0.2689,43,4,91.0
mech_md75_ppon_r20,mechanism_sweep,3603,control,2,1,0.5722,0,0.0,20,0,100.0
mech_md75_ppon_r20,mechanism_sweep,3603,control,3,4,0.5341,0,0.3326,65,1,103.5
mech_md75_ppon_r20,mechanism_sweep,3603,control,4,3,0.7592,0,0.1169,66,5,133.0
mech_md75_ppon_r20,mechanism_sweep,3603,treatment,0,6,0.5648,0,0.3011,103,4,91.83
mech_md75_ppon_r20,mechanism_sweep,3603,treatment,1,7,0.5745,0,0.2859,111,2,125.71
mech_md75_ppon_r20,mechanism_sweep,3603,treatment,2,10,0.5481,0,0.2723,135,4,115.45
mech_md75_ppon_r20,mechanism_sweep,3603,treatment,3,1,0.6434,0,0.0,14,0,130.0
mech_md75_ppon_r20,mechanism_sweep,3603,treatment,4,4,0.6678,0,0.1483,68,2,111.5
mech_md75_ppon_r20,mechanism_sweep,3740,control,0,7,0.6382,0,0.3285,144,2,106.29
mech_md75_ppon_r20,mechanism_sweep,3740,control,1,6,0.5857,0,0.2611,106,2,100.33
mech_md75_ppon_r20,mechanism_sweep,3740,control,2,7,0.6935,0,0.2708,140,4,106.86
mech_md75_ppon_r20,mechanism_sweep,3740,control,3,3,0.7336,0,0.1772,63,0,133.0
mech_md75_ppon_r20,mechanism_sweep,3740,control,4,2,0.8129,0,0.2647,43,3,115.0
mech_md75_ppon_r20,mechanism_sweep,3740,treatment,0,6,0.5662,0,0.2697,96,1,101.67
mech_md75_ppon_r20,mechanism_sweep,3740,treatment,1,12,0.5954,0,0.3061,223,5,119.17
mech_md75_ppon_r20,mechanism_sweep,3740,treatment,2,2,0.6684,0,0.3422,36,2,103.25
mech_md75_ppon_r20,mechanism_sweep,3740,treatment,3,6,0.6862,0,0.2302,101,6,104.25
mech_md75_ppon_r20,mechanism_sweep,3740,treatment,4,9,0.5984,0,0.2566,133,9,104.17
mech_md75_ppon_r20,mechanism_sweep,3877,control,0,5,0.6874,0,0.2605,103,2,97.0
mech_md75_ppon_r20,mechanism_sweep,3877,control,1,3,0.7159,0,0.1595,65,2,135.33
mech_md75_ppon_r20,mechanism_sweep,3877,control,2,3,0.6671,0,0.1778,60,3,132.0
mech_md75_ppon_r20,mechanism_sweep,3877,control,3,9,0.4727,0,0.1487,123,14,110.0
mech_md75_ppon_r20,mechanism_sweep,3877,control,4,3,0.4268,0,0.1318,41,2,109.0
mech_md75_ppon_r20,mechanism_sweep,3877,treatment,0,5,0.5276,0,0.3233,81,0,79.4
mech_md75_ppon_r20,mechanism_sweep,3877,treatment,1,2,0.5514,0,0.335,33,0,105.0
mech_md75_ppon_r20,mechanism_sweep,3877,treatment,2,0,0,0,0,0,0,0
mech_md75_ppon_r20,mechanism_sweep,3877,treatment,3,1,0.6487,0,0.0,14,0,100.0
mech_md75_ppon_r20,mechanism_sweep,3877,treatment,4,0,0,0,0,0,0,0
mech_md75_ppon_r20,mechanism_sweep,4014,control,0,8,0.709,0,0.2891,170,7,107.88
mech_md75_ppon_r20,mechanism_sweep,4014,control,1,9,0.6016,0,0.2537,166,6,108.44
mech_md75_ppon_r20,mechanism_sweep,4014,control,2,8,0.5814,0,0.2115,143,5,112.0
mech_md75_ppon_r20,mechanism_sweep,4014,control,3,50,0.474,0,0.2292,666,81,111.56
mech_md75_ppon_r20,mechanism_sweep,4014,control,4,12,0.5621,0,0.1733,196,13,119.67
mech_md75_ppon_r20,mechanism_sweep,4014,treatment,0,12,0.6329,0,0.2846,223,4,120.62
mech_md75_ppon_r20,mechanism_sweep,4014,treatment,1,7,0.604,0,0.2902,130,4,113.14
mech_md75_ppon_r20,mechanism_sweep,4014,treatment,2,4,0.4682,0,0.2214,55,1,113.38
mech_md75_ppon_r20,mechanism_sweep,4014,treatment,3,5,0.6218,0,0.2516,92,1,104.9
mech_md75_ppon_r20,mechanism_sweep,4014,treatment,4,3,0.5711,0,0.2707,53,0,148.58
mech_md75_ppon_r20,mechanism_sweep,4151,control,0,3,0.5273,0,0.301,49,3,124.67
mech_md75_ppon_r20,mechanism_sweep,4151,control,1,5,0.6562,0,0.3512,102,2,104.0
mech_md75_ppon_r20,mechanism_sweep,4151,control,2,0,0,0,0,0,0,0
mech_md75_ppon_r20,mechanism_sweep,4151,control,3,2,0.7289,0,0.246,41,1,103.5
mech_md75_ppon_r20,mechanism_sweep,4151,control,4,2,0.6521,0,0.2304,37,2,101.0
mech_md75_ppon_r20,mechanism_sweep,4151,treatment,0,16,0.5997,0,0.3198,278,10,104.94
mech_md75_ppon_r20,mechanism_sweep,4151,treatment,1,10,0.5271,0,0.2801,126,9,105.9
mech_md75_ppon_r20,mechanism_sweep,4151,treatment,2,3,0.6345,0,0.2145,47,1,106.17
mech_md75_ppon_r20,mechanism_sweep,4151,treatment,3,2,0.4708,0,0.1964,22,1,99.75
mech_md75_ppon_r20,mechanism_sweep,4151,treatment,4,5,0.6496,0,0.2285,74,2,116.75
mech_md75_ppon_r20,mechanism_sweep,4288,control,0,2,0.6489,0,0.2362,44,1,146.5
mech_md75_ppon_r20,mechanism_sweep,4288,control,1,10,0.6308,0,0.2887,194,12,125.4
mech_md75_ppon_r20,mechanism_sweep,4288,control,2,7,0.5762,0,0.2774,135,1,109.57
mech_md75_ppon_r20,mechanism_sweep,4288,control,3,6,0.6408,0,0.3137,111,2,98.33
mech_md75_ppon_r20,mechanism_sweep,4288,control,4,6,0.6362,0,0.3221,113,0,125.83
mech_md75_ppon_r20,mechanism_sweep,4288,treatment,0,10,0.5896,0,0.2892,179,5,100.1
mech_md75_ppon_r20,mechanism_sweep,4288,treatment,1,10,0.5959,0,0.2886,169,5,103.95
mech_md75_ppon_r20,mechanism_sweep,4288,treatment,2,6,0.6146,0,0.2762,96,3,118.58
mech_md75_ppon_r20,mechanism_sweep,4288,treatment,3,10,0.6144,0,0.3269,166,2,98.0
mech_md75_ppon_r20,mechanism_sweep,4288,treatment,4,6,0.519,0,0.291,77,3,98.21
mech_md75_ppon_r20,mechanism_sweep,4425,control,0,8,0.537,0,0.2318,137,10,108.12
mech_md75_ppon_r20,mechanism_sweep,4425,control,1,1,0.6079,0,0.0,20,0,93.0
mech_md75_ppon_r20,mechanism_sweep,4425,control,2,6,0.599,0,0.246,117,2,110.33
mech_md75_ppon_r20,mechanism_sweep,4425,control,3,2,0.6691,0,0.2327,43,1,141.0
mech_md75_ppon_r20,mechanism_sweep,4425,control,4,13,0.5058,0,0.2041,194,10,111.54
mech_md75_ppon_r20,mechanism_sweep,4425,treatment,0,9,0.6204,0,0.2781,160,4,114.31
mech_md75_ppon_r20,mechanism_sweep,4425,treatment,1,12,0.5621,0,0.2723,201,3,112.31
mech_md75_ppon_r20,mechanism_sweep,4425,treatment,2,16,0.5911,0,0.2413,251,15,100.73
mech_md75_ppon_r20,mechanism_sweep,4425,treatment,3,16,0.5543,0,0.2375,236,16,112.28
mech_md75_ppon_r20,mechanism_sweep,4425,treatment,4,13,0.608,0,0.2183,204,11,92.98
mech_md75_ppon_r20,mechanism_sweep,4562,control,0,4,0.6126,0,0.3073,72,1,86.25
mech_md75_ppon_r20,mechanism_sweep,4562,control,1,1,0.7627,0,0.0,22,1,127.0
mech_md75_ppon_r20,mechanism_sweep,4562,control,2,3,0.7053,0,0.1822,72,2,79.33
mech_md75_ppon_r20,mechanism_sweep,4562,control,3,2,0.5706,0,0.2223,38,0,91.5
mech_md75_ppon_r20,mechanism_sweep,4562,control,4,0,0,0,0,0,0,0
mech_md75_ppon_r20,mechanism_sweep,4562,treatment,0,5,0.5641,0,0.3146,89,0,109.7
mech_md75_ppon_r20,mechanism_sweep,4562,treatment,1,8,0.5864,0,0.2954,126,3,103.09
mech_md75_ppon_r20,mechanism_sweep,4562,treatment,2,10,0.5652,0,0.3147,123,10,93.52
mech_md75_ppon_r20,mechanism_sweep,4562,treatment,3,6,0.5495,0,0.2414,80,2,104.83
mech_md75_ppon_r20,mechanism_sweep,4562,treatment,4,5,0.5044,0,0.2547,61,1,118.4
mech_md75_ppon_r20,mechanism_sweep,4699,control,0,4,0.6815,0,0.2958,79,4,114.75
mech_md75_ppon_r20,mechanism_sweep,4699,control,1,6,0.6021,0,0.2416,117,4,92.33
mech_md75_ppon_r20,mechanism_sweep,4699,control,2,1,0.7476,0,0.0,21,1,105.0
mech_md75_ppon_r20,mechanism_sweep,4699,control,3,1,0.6688,0,0.0,18,1,13.0
mech_md75_ppon_r20,mechanism_sweep,4699,control,4,7,0.4816,0,0.1842,83,4,112.71
mech_md75_ppon_r20,mechanism_sweep,4699,treatment,0,20,0.6394,0,0.2817,370,12,114.98
mech_md75_ppon_r20,mechanism_sweep,4699,treatment,1,10,0.6149,0,0.3,159,3,125.05
mech_md75_ppon_r20,mechanism_sweep,4699,treatment,2,9,0.6021,0,0.3194,138,3,112.61
mech_md75_ppon_r20,mechanism_sweep,4699,treatment,3,8,0.5191,0,0.3057,105,4,113.62
mech_md75_ppon_r20,mechanism_sweep,4699,treatment,4,1,0.5251,0,0.0,14,0,137.5
mech_md75_ppon_r20,mechanism_sweep,4836,control,0,4,0.6456,0,0.3319,83,1,121.75
mech_md75_ppon_r20,mechanism_sweep,4836,control,1,10,0.4659,0,0.27,126,13,111.4
mech_md75_ppon_r20,mechanism_sweep,4836,control,2,2,0.7361,0,0.1719,43,1,113.0
mech_md75_ppon_r20,mechanism_sweep,4836,control,3,0,0,0,0,0,0,0
mech_md75_ppon_r20,mechanism_sweep,4836,control,4,1,0.6983,0,0.0,21,1,110.0
mech_md75_ppon_r20,mechanism_sweep,4836,treatment,0,14,0.6066,0,0.3144,240,7,113.61
mech_md75_ppon_r20,mechanism_sweep,4836,treatment,1,8,0.5854,0,0.3085,136,1,102.09
mech_md75_ppon_r20,mechanism_sweep,4836,treatment,2,12,0.6468,0,0.247,208,1,113.33
mech_md75_ppon_r20,mechanism_sweep,4836,treatment,3,13,0.6138,0,0.2518,215,6,115.58
mech_md75_ppon_r20,mechanism_sweep,4836,treatment,4,7,0.6631,0,0.214,120,3,122.93
mech_md75_ppon_r20,mechanism_sweep,4973,control,0,6,0.5955,0,0.2554,116,1,96.33
mech_md75_ppon_r20,mechanism_sweep,4973,control,1,8,0.6328,0,0.2475,155,8,116.12
mech_md75_ppon_r20,mechanism_sweep,4973,control,2,23,0.4138,0,0.2453,251,19,98.09
mech_md75_ppon_r20,mechanism_sweep,4973,control,3,4,0.5774,0,0.1927,68,2,76.75
mech_md75_ppon_r20,mechanism_sweep,4973,control,4,9,0.569,0,0.2373,144,12,112.0
mech_md75_ppon_r20,mechanism_sweep,4973,treatment,0,11,0.5948,0,0.2853,190,2,112.55
mech_md75_ppon_r20,mechanism_sweep,4973,treatment,1,9,0.6613,0,0.2651,159,4,108.58
mech_md75_ppon_r20,mechanism_sweep,4973,treatment,2,12,0.6281,0,0.2803,209,4,106.27
mech_md75_ppon_r20,mechanism_sweep,4973,treatment,3,16,0.57,0,0.2411,232,19,111.81
mech_md75_ppon_r20,mechanism_sweep,4973,treatment,4,35,0.5609,0,0.2384,503,39,111.01
mech_md75_ppon_r30,mechanism_sweep,1000,control,0,2,0.6167,0,0.2905,36,0,99.5
mech_md75_ppon_r30,mechanism_sweep,1000,control,1,0,0,0,0,0,0,0
mech_md75_ppon_r30,mechanism_sweep,1000,control,2,4,0.6569,0,0.2604,92,0,117.0
mech_md75_ppon_r30,mechanism_sweep,1000,control,3,1,0.6501,0,0.0,22,1,101.0
mech_md75_ppon_r30,mechanism_sweep,1000,control,4,5,0.6024,0,0.1985,92,5,105.0
mech_md75_ppon_r30,mechanism_sweep,1000,treatment,0,20,0.5297,0,0.3106,277,8,111.19
mech_md75_ppon_r30,mechanism_sweep,1000,treatment,1,28,0.448,0,0.2918,290,19,109.35
mech_md75_ppon_r30,mechanism_sweep,1000,treatment,2,10,0.6165,0,0.2512,170,6,104.8
mech_md75_ppon_r30,mechanism_sweep,1000,treatment,3,12,0.5812,0,0.2114,195,2,123.27
mech_md75_ppon_r30,mechanism_sweep,1000,treatment,4,17,0.5759,0,0.2269,246,12,124.0
mech_md75_ppon_r30,mechanism_sweep,1137,control,0,4,0.6478,0,0.3082,83,1,124.0
mech_md75_ppon_r30,mechanism_sweep,1137,control,1,8,0.6582,0,0.2846,162,3,109.62
mech_md75_ppon_r30,mechanism_sweep,1137,control,2,2,0.7375,0,0.2362,43,1,119.5
mech_md75_ppon_r30,mechanism_sweep,1137,control,3,2,0.6401,0,0.2271,42,0,148.5
mech_md75_ppon_r30,mechanism_sweep,1137,control,4,2,0.654,0,0.1709,41,1,105.0
mech_md75_ppon_r30,mechanism_sweep,1137,treatment,0,10,0.6167,0,0.3276,176,5,98.05
mech_md75_ppon_r30,mechanism_sweep,1137,treatment,1,10,0.6043,0,0.3034,164,0,119.38
mech_md75_ppon_r30,mechanism_sweep,1137,treatment,2,13,0.6712,0,0.2228,210,4,112.62
mech_md75_ppon_r30,mechanism_sweep,1137,treatment,3,26,0.6396,0,0.1804,403,19,127.09
mech_md75_ppon_r30,mechanism_sweep,1137,treatment,4,22,0.5927,0,0.1669,309,14,126.64
mech_md75_ppon_r30,mechanism_sweep,1274,control,0,3,0.6672,0,0.2438,56,2,71.67
mech_md75_ppon_r30,mechanism_sweep,1274,control,1,1,0.7799,0,0.0,20,1,103.0
mech_md75_ppon_r30,mechanism_sweep,1274,control,2,3,0.4704,0,0.2325,45,1,105.0
mech_md75_ppon_r30,mechanism_sweep,1274,control,3,5,0.6158,0,0.1527,79,2,106.0
mech_md75_ppon_r30,mechanism_sweep,1274,control,4,0,0,0,0,0,0,0
mech_md75_ppon_r30,mechanism_sweep,1274,treatment,0,20,0.5798,0,0.3037,313,12,108.22
mech_md75_ppon_r30,mechanism_sweep,1274,treatment,1,27,0.5704,0,0.2978,392,28,116.44
mech_md75_ppon_r30,mechanism_sweep,1274,treatment,2,11,0.6509,0,0.2345,176,9,118.86
mech_md75_ppon_r30,mechanism_sweep,1274,treatment,3,14,0.6347,0,0.1746,213,6,106.11
mech_md75_ppon_r30,mechanism_sweep,1274,treatment,4,18,0.6304,0,0.1655,267,14,119.36
mech_md75_ppon_r30,mechanism_sweep,1411,control,0,5,0.6328,0,0.3204,96,1,82.4
mech_md75_ppon_r30,mechanism_sweep,1411,control,1,4,0.6779,0,0.3459,81,0,100.25
mech_md75_ppon_r30,mechanism_sweep,1411,control,2,1,0.6305,0,0.0,21,0,115.0
mech_md75_ppon_r30,mechanism_sweep,1411,control,3,0,0,0,0,0,0,0
mech_md75_ppon_r30,mechanism_sweep,1411,control,4,1,0.6073,0,0.0,14,0,94.0
mech_md75_ppon_r30,mechanism_sweep,1411,treatment,0,11,0.62,0,0.3159,179,8,101.84
mech_md75_ppon_r30,mechanism_sweep,1411,treatment,1,8,0.5984,0,0.2742,121,4,114.0
mech_md75_ppon_r30,mechanism_sweep,1411,treatment,2,16,0.6261,0,0.2679,241,8,107.09
mech_md75_ppon_r30,mechanism_sweep,1411,treatment,3,6,0.6828,0,0.2996,101,4,109.25
mech_md75_ppon_r30,mechanism_sweep,1411,treatment,4,6,0.6744,0,0.2777,97,5,123.71
mech_md75_ppon_r30,mechanism_sweep,1548,control,0,3,0.653,0,0.2709,66,3,82.0
mech_md75_ppon_r30,mechanism_sweep,1548,control,1,4,0.61,0,0.2659,77,2,112.5
mech_md75_ppon_r30,mechanism_sweep,1548,control,2,1,0.6196,0,0.0,21,0,163.0
mech_md75_ppon_r30,mechanism_sweep,1548,control,3,2,0.6123,0,0.2969,38,0,91.5
mech_md75_ppon_r30,mechanism_sweep,1548,control,4,1,0.6597,0,0.0,20,0,90.0
mech_md75_ppon_r30,mechanism_sweep,1548,treatment,0,8,0.5716,0,0.2902,128,0,106.12
mech_md75_ppon_r30,mechanism_sweep,1548,treatment,1,8,0.5874,0,0.2497,119,1,117.19
mech_md75_ppon_r30,mechanism_sweep,1548,treatment,2,9,0.617,0,0.2429,149,0,116.06
mech_md75_ppon_r30,mechanism_sweep,1548,treatment,3,4,0.6374,0,0.2812,71,0,91.12
mech_md75_ppon_r30,mechanism_sweep,1548,treatment,4,8,0.6112,0,0.263,128,5,130.56
mech_md75_ppon_r30,mechanism_sweep,1685,control,0,9,0.5849,0,0.2611,161,13,94.44
mech_md75_ppon_r30,mechanism_sweep,1685,control,1,8,0.52,0,0.2823,122,10,112.38
mech_md75_ppon_r30,mechanism_sweep,1685,control,2,3,0.6404,0,0.2859,61,4,104.0
mech_md75_ppon_r30,mechanism_sweep,1685,control,3,22,0.5234,0,0.2203,320,30,113.59
mech_md75_ppon_r30,mechanism_sweep,1685,control,4,2,0.6221,0,0.0329,42,2,110.0
mech_md75_ppon_r30,mechanism_sweep,1685,treatment,0,16,0.5596,0,0.3213,254,9,109.34
mech_md75_ppon_r30,mechanism_sweep,1685,treatment,1,8,0.5723,0,0.3357,126,3,122.09
mech_md75_ppon_r30,mechanism_sweep,1685,treatment,2,12,0.5521,0,0.2454,168,4,126.77
mech_md75_ppon_r30,mechanism_sweep,1685,treatment,3,9,0.587,0,0.249,133,1,105.72
mech_md75_ppon_r30,mechanism_sweep,1685,treatment,4,9,0.5884,0,0.2479,133,2,94.89
mech_md75_ppon_r30,mechanism_sweep,1822,control,0,6,0.4931,0,0.3026,86,7,93.33
mech_md75_ppon_r30,mechanism_sweep,1822,control,1,4,0.514,0,0.2768,69,0,91.25
mech_md75_ppon_r30,mechanism_sweep,1822,control,2,1,0.5299,0,0.0,20,0,39.0
mech_md75_ppon_r30,mechanism_sweep,1822,control,3,2,0.4952,0,0.1168,31,2,106.5
mech_md75_ppon_r30,mechanism_sweep,1822,control,4,1,0.5699,0,0.0,37,0,119.0
mech_md75_ppon_r30,mechanism_sweep,1822,treatment,0,8,0.5955,0,0.3302,131,2,135.19
mech_md75_ppon_r30,mechanism_sweep,1822,treatment,1,1,0.6973,0,0.0,19,0,94.0
mech_md75_ppon_r30,mechanism_sweep,1822,treatment,2,9,0.4303,0,0.1819,105,6,102.58
mech_md75_ppon_r30,mechanism_sweep,1822,treatment,3,2,0.5576,0,0.28,33,0,112.5
mech_md75_ppon_r30,mechanism_sweep,1822,treatment,4,2,0.6194,0,0.3587,37,0,107.5
mech_md75_ppon_r30,mechanism_sweep,1959,control,0,6,0.6941,0,0.3686,121,2,117.0
mech_md75_ppon_r30,mechanism_sweep,1959,control,1,6,0.6827,0,0.3155,128,4,92.5
mech_md75_ppon_r30,mechanism_sweep,1959,control,2,5,0.6241,0,0.2926,86,2,110.6
mech_md75_ppon_r30,mechanism_sweep,1959,control,3,15,0.4911,0,0.1667,172,13,107.2
mech_md75_ppon_r30,mechanism_sweep,1959,control,4,10,0.5294,0,0.1686,135,4,117.8
mech_md75_ppon_r30,mechanism_sweep,1959,treatment,0,17,0.5128,0,0.3104,236,7,110.51
mech_md75_ppon_r30,mechanism_sweep,1959,treatment,1,25,0.5361,0,0.2943,359,17,114.94
mech_md75_ppon_r30,mechanism_sweep,1959,treatment,2,13,0.5465,0,0.2953,194,6,125.81
mech_md75_ppon_r30,mechanism_sweep,1959,treatment,3,17,0.5817,0,0.2765,278,10,127.21
mech_md75_ppon_r30,mechanism_sweep,1959,treatment,4,15,0.5097,0,0.2485,184,12,91.02
mech_md75_ppon_r30,mechanism_sweep,2096,control,0,6,0.646,0,0.312,119,2,121.0
mech_md75_ppon_r30,mechanism_sweep,2096,control,1,2,0.5221,0,0.2258,32,0,116.5
mech_md75_ppon_r30,mechanism_sweep,2096,control,2,4,0.6416,0,0.2455,81,2,108.5
mech_md75_ppon_r30,mechanism_sweep,2096,control,3,1,0.7051,0,0.0,41,1,60.0
mech_md75_ppon_r30,mechanism_sweep,2096,control,4,3,0.5813,0,0.3595,60,1,61.0
mech_md75_ppon_r30,mechanism_sweep,2096,treatment,0,12,0.6089,0,0.3122,217,3,108.48
mech_md75_ppon_r30,mechanism_sweep,2096,treatment,1,8,0.6508,0,0.3333,152,4,95.62
mech_md75_ppon_r30,mechanism_sweep,2096,treatment,2,9,0.584,0,0.3338,136,3,106.47
mech_md75_ppon_r30,mechanism_sweep,2096,treatment,3,8,0.6511,0,0.2518,125,3,96.28
mech_md75_ppon_r30,mechanism_sweep,2096,treatment,4,9,0.5933,0,0.2876,137,2,125.92
mech_md75_ppon_r30,mechanism_sweep,2233,control,0,3,0.7385,0,0.3217,65,4,115.0
mech_md75_ppon_r30,mechanism_sweep,2233,control,1,0,0,0,0,0,0,0
mech_md75_ppon_r30,mechanism_sweep,2233,control,2,2,0.569,0,0.3142,36,0,108.5
mech_md75_ppon_r30,mechanism_sweep,2233,control,3,9,0.4806,0,0.0825,92,11,93.67
mech_md75_ppon_r30,mechanism_sweep,2233,control,4,11,0.529,0,0.2327,124,7,92.18
mech_md75_ppon_r30,mechanism_sweep,2233,treatment,0,13,0.5513,0,0.3135,203,2,113.63
mech_md75_ppon_r30,mechanism_sweep,2233,treatment,1,5,0.6511,0,0.3059,84,2,133.15
mech_md75_ppon_r30,mechanism_sweep,2233,treatment,2,5,0.6151,0,0.2411,82,2,90.55
mech_md75_ppon_r30,mechanism_sweep,2233,treatment,3,1,0.5182,0,0.0,13,1,1.0
mech_md75_ppon_r30,mechanism_sweep,2233,treatment,4,6,0.5547,0,0.3149,80,3,109.71
mech_md75_ppon_r30,mechanism_sweep,2370,control,0,6,0.6315,0,0.3552,116,3,105.33
mech_md75_ppon_r30,mechanism_sweep,2370,control,1,10,0.5958,0,0.312,183,7,87.7
mech_md75_ppon_r30,mechanism_sweep,2370,control,2,10,0.562,0,0.263,161,9,96.5
mech_md75_ppon_r30,mechanism_sweep,2370,control,3,3,0.6465,0,0.2825,64,1,109.0
mech_md75_ppon_r30,mechanism_sweep,2370,control,4,6,0.5832,0,0.2273,120,2,87.33
mech_md75_ppon_r30,mechanism_sweep,2370,treatment,0,16,0.5626,0,0.3227,253,11,108.31
mech_md75_ppon_r30,mechanism_sweep,2370,treatment,1,10,0.616,0,0.2692,163,3,115.5
mech_md75_ppon_r30,mechanism_sweep,2370,treatment,2,17,0.6225,0,0.2428,267,16,104.0
mech_md75_ppon_r30,mechanism_sweep,2370,treatment,3,12,0.6934,0,0.2275,206,6,117.12
mech_md75_ppon_r30,mechanism_sweep,2370,treatment,4,4,0.7123,0,0.2021,76,1,112.25
mech_md75_ppon_r30,mechanism_sweep,2507,control,0,3,0.6603,0,0.315,61,0,107.0
mech_md75_ppon_r30,mechanism_sweep,2507,control,1,4,0.7044,0,0.3092,86,2,139.5
mech_md75_ppon_r30,mechanism_sweep,2507,control,2,6,0.6326,0,0.3592,121,1,106.17
mech_md75_ppon_r30,mechanism_sweep,2507,control,3,8,0.6398,0,0.2785,162,1,100.75
mech_md75_ppon_r30,mechanism_sweep,2507,control,4,1,0.6721,0,0.0,20,0,100.0
mech_md75_ppon_r30,mechanism_sweep,2507,treatment,0,11,0.5256,0,0.3226,163,3,106.25
mech_md75_ppon_r30,mechanism_sweep,2507,treatment,1,11,0.653,0,0.2933,199,2,119.73
mech_md75_ppon_r30,mechanism_sweep,2507,treatment,2,9,0.6757,0,0.3088,156,6,125.03
mech_md75_ppon_r30,mechanism_sweep,2507,treatment,3,7,0.6547,0,0.2537,115,3,129.14
mech_md75_ppon_r30,mechanism_sweep,2507,treatment,4,13,0.5547,0,0.2563,179,7,107.73
mech_md75_ppon_r30,mechanism_sweep,2644,control,0,2,0.629,0,0.2272,45,1,137.5
mech_md75_ppon_r30,mechanism_sweep,2644,control,1,3,0.6371,0,0.224,60,0,96.67
mech_md75_ppon_r30,mechanism_sweep,2644,control,2,1,0.7188,0,0.0,22,2,120.0
mech_md75_ppon_r30,mechanism_sweep,2644,control,3,2,0.5443,0,0.3107,38,0,76.0
mech_md75_ppon_r30,mechanism_sweep,2644,control,4,0,0,0,0,0,0,0
mech_md75_ppon_r30,mechanism_sweep,2644,treatment,0,22,0.5188,0,0.297,301,19,116.74
mech_md75_ppon_r30,mechanism_sweep,2644,treatment,1,7,0.5842,0,0.2598,118,2,103.07
mech_md75_ppon_r30,mechanism_sweep,2644,treatment,2,2,0.553,0,0.2992,34,0,99.0
mech_md75_ppon_r30,mechanism_sweep,2644,treatment,3,2,0.6205,0,0.193,26,2,67.0
mech_md75_ppon_r30,mechanism_sweep,2644,treatment,4,2,0.4339,0,0.1805,18,0,108.0
mech_md75_ppon_r30,mechanism_sweep,2781,control,0,7,0.636,0,0.2764,151,5,103.14
mech_md75_ppon_r30,mechanism_sweep,2781,control,1,8,0.632,0,0.2849,144,3,101.88
mech_md75_ppon_r30,mechanism_sweep,2781,control,2,1,0.8682,0,0.0,22,2,120.0
mech_md75_ppon_r30,mechanism_sweep,2781,control,3,3,0.6979,0,0.2621,62,1,112.33
mech_md75_ppon_r30,mechanism_sweep,2781,control,4,3,0.6628,0,0.3218,59,1,101.33
mech_md75_ppon_r30,mechanism_sweep,2781,treatment,0,13,0.623,0,0.3082,221,9,115.67
mech_md75_ppon_r30,mechanism_sweep,2781,treatment,1,6,0.6313,0,0.2842,103,1,117.0
mech_md75_ppon_r30,mechanism_sweep,2781,treatment,2,7,0.6455,0,0.3039,121,1,125.79
mech_md75_ppon_r30,mechanism_sweep,2781,treatment,3,11,0.624,0,0.2892,195,1,98.23
mech_md75_ppon_r30,mechanism_sweep,2781,treatment,4,13,0.7212,0,0.253,253,14,116.08
mech_md75_ppon_r30,mechanism_sweep,2918,control,0,5,0.6191,0,0.3649,89,0,110.6
mech_md75_ppon_r30,mechanism_sweep,2918,control,1,6,0.5514,0,0.2627,98,4,120.67
mech_md75_ppon_r30,mechanism_sweep,2918,control,2,32,0.4556,0,0.1216,344,42,117.41
mech_md75_ppon_r30,mechanism_sweep,2918,control,3,16,0.3775,0,0.1803,153,17,112.44
mech_md75_ppon_r30,mechanism_sweep,2918,control,4,8,0.588,0,0.0966,117,9,118.0
mech_md75_ppon_r30,mechanism_sweep,2918,treatment,0,8,0.5527,0,0.3387,119,3,115.56
mech_md75_ppon_r30,mechanism_sweep,2918,treatment,1,13,0.6114,0,0.3062,220,5,120.08
mech_md75_ppon_r30,mechanism_sweep,2918,treatment,2,19,0.5931,0,0.2708,263,16,114.95
mech_md75_ppon_r30,mechanism_sweep,2918,treatment,3,8,0.5951,0,0.2414,121,8,109.38
mech_md75_ppon_r30,mechanism_sweep,2918,treatment,4,5,0.4942,0,0.2886,69,1,117.0
mech_md75_ppon_r30,mechanism_sweep,3055,control,0,7,0.6098,0,0.3416,143,0,107.14
mech_md75_ppon_r30,mechanism_sweep,3055,control,1,5,0.5451,0,0.2806,77,4,122.0
mech_md75_ppon_r30,mechanism_sweep,3055,control,2,0,0,0,0,0,0,0
mech_md75_ppon_r30,mechanism_sweep,3055,control,3,11,0.4894,0,0.267,157,4,102.73
mech_md75_ppon_r30,mechanism_sweep,3055,control,4,4,0.3841,0,0.2716,45,1,74.5
mech_md75_ppon_r30,mechanism_sweep,3055,treatment,0,9,0.6321,0,0.3407,167,3,118.53
mech_md75_ppon_r30,mechanism_sweep,3055,treatment,1,5,0.6482,0,0.36,89,2,121.55
mech_md75_ppon_r30,mechanism_sweep,3055,treatment,2,11,0.628,0,0.3156,198,2,122.95
mech_md75_ppon_r30,mechanism_sweep,3055,treatment,3,4,0.5867,0,0.3218,71,0,137.31
mech_md75_ppon_r30,mechanism_sweep,3055,treatment,4,10,0.4396,0,0.2886,117,2,118.75
mech_md75_ppon_r30,mechanism_sweep,3192,control,0,2,0.6292,0,0.2497,42,1,112.5
mech_md75_ppon_r30,mechanism_sweep,3192,control,1,4,0.649,0,0.2669,81,2,90.75
mech_md75_ppon_r30,mechanism_sweep,3192,control,2,0,0,0,0,0,0,0
mech_md75_ppon_r30,mechanism_sweep,3192,control,3,3,0.6468,0,0.3146,64,1,139.67
mech_md75_ppon_r30,mechanism_sweep,3192,control,4,4,0.5342,0,0.113,67,7,120.25
mech_md75_ppon_r30,mechanism_sweep,3192,treatment,0,4,0.4679,0,0.2778,53,1,124.5
mech_md75_ppon_r30,mechanism_sweep,3192,treatment,1,10,0.5162,0,0.192,133,10,88.25
mech_md75_ppon_r30,mechanism_sweep,3192,treatment,2,9,0.6335,0,0.3023,164,3,110.97
mech_md75_ppon_r30,mechanism_sweep,3192,treatment,3,1,0.5724,0,0.0,16,0,186.0
mech_md75_ppon_r30,mechanism_sweep,3192,treatment,4,13,0.5071,0,0.2282,152,10,96.73
mech_md75_ppon_r30,mechanism_sweep,3329,control,0,5,0.6206,0,0.355,110,0,103.8
mech_md75_ppon_r30,mechanism_sweep,3329,control,1,3,0.6509,0,0.3301,61,0,111.33
mech_md75_ppon_r30,mechanism_sweep,3329,control,2,4,0.6284,0,0.1994,83,4,120.5
mech_md75_ppon_r30,mechanism_sweep,3329,control,3,2,0.5919,0,0.2128,42,0,122.5
mech_md75_ppon_r30,mechanism_sweep,3329,control,4,1,0.6198,0,0.0,21,0,117.0
mech_md75_ppon_r30,mechanism_sweep,3329,treatment,0,10,0.5825,0,0.2939,153,1,111.02
mech_md75_ppon_r30,mechanism_sweep,3329,treatment,1,10,0.6421,0,0.2693,158,3,123.0
mech_md75_ppon_r30,mechanism_sweep,3329,treatment,2,8,0.6837,0,0.2395,131,2,117.56
mech_md75_ppon_r30,mechanism_sweep,3329,treatment,3,9,0.6697,0,0.2217,153,0,124.72
mech_md75_ppon_r30,mechanism_sweep,3329,treatment,4,8,0.6944,0,0.2514,132,3,124.22
mech_md75_ppon_r30,mechanism_sweep,3466,control,0,2,0.6487,0,0.3351,41,1,101.0
mech_md75_ppon_r30,mechanism_sweep,3466,control,1,14,0.5418,0,0.2512,216,17,101.93
mech_md75_ppon_r30,mechanism_sweep,3466,control,2,7,0.4855,0,0.2032,99,3,89.29
mech_md75_ppon_r30,mechanism_sweep,3466,control,3,27,0.4596,0,0.2371,345,36,86.96
mech_md75_ppon_r30,mechanism_sweep,3466,control,4,11,0.4468,0,0.1648,131,19,99.91
mech_md75_ppon_r30,mechanism_sweep,3466,treatment,0,9,0.602,0,0.2997,148,3,112.83
mech_md75_ppon_r30,mechanism_sweep,3466,treatment,1,8,0.6143,0,0.3,138,1,106.31
mech_md75_ppon_r30,mechanism_sweep,3466,treatment,2,9,0.682,0,0.2702,167,2,134.42
mech_md75_ppon_r30,mechanism_sweep,3466,treatment,3,15,0.6602,0,0.2716,263,11,113.67
mech_md75_ppon_r30,mechanism_sweep,3466,treatment,4,7,0.5446,0,0.349,93,1,104.96
mech_md75_ppon_r30,mechanism_sweep,3603,control,0,7,0.6289,0,0.3026,140,1,93.0
mech_md75_ppon_r30,mechanism_sweep,3603,control,1,2,0.7775,0,0.2689,43,4,91.0
mech_md75_ppon_r30,mechanism_sweep,3603,control,2,1,0.5722,0,0.0,20,0,100.0
mech_md75_ppon_r30,mechanism_sweep,3603,control,3,4,0.5341,0,0.3326,65,1,103.5
mech_md75_ppon_r30,mechanism_sweep,3603,control,4,3,0.7592,0,0.1169,66,5,133.0
mech_md75_ppon_r30,mechanism_sweep,3603,treatment,0,16,0.5524,0,0.3099,240,10,113.47
mech_md75_ppon_r30,mechanism_sweep,3603,treatment,1,14,0.557,0,0.2848,208,9,102.54
mech_md75_ppon_r30,mechanism_sweep,3603,treatment,2,24,0.5182,0,0.2552,297,23,125.76
mech_md75_ppon_r30,mechanism_sweep,3603,treatment,3,21,0.4672,0,0.2347,221,21,123.39
mech_md75_ppon_r30,mechanism_sweep,3603,treatment,4,35,0.4715,0,0.2502,393,32,117.3
mech_md75_ppon_r30,mechanism_sweep,3740,control,0,7,0.6382,0,0.3285,144,2,106.29
mech_md75_ppon_r30,mechanism_sweep,3740,control,1,6,0.5857,0,0.2611,106,2,100.33
mech_md75_ppon_r30,mechanism_sweep,3740,control,2,7,0.6935,0,0.2708,140,4,106.86
mech_md75_ppon_r30,mechanism_sweep,3740,control,3,3,0.7336,0,0.1772,63,0,133.0
mech_md75_ppon_r30,mechanism_sweep,3740,control,4,2,0.8129,0,0.2647,43,3,115.0
mech_md75_ppon_r30,mechanism_sweep,3740,treatment,0,9,0.5932,0,0.3139,150,1,112.28
mech_md75_ppon_r30,mechanism_sweep,3740,treatment,1,8,0.6043,0,0.3347,127,3,105.38
mech_md75_ppon_r30,mechanism_sweep,3740,treatment,2,17,0.5846,0,0.2694,259,11,107.99
mech_md75_ppon_r30,mechanism_sweep,3740,treatment,3,23,0.5982,0,0.2767,341,23,114.77
mech_md75_ppon_r30,mechanism_sweep,3740,treatment,4,30,0.528,0,0.2386,402,23,109.62
mech_md75_ppon_r30,mechanism_sweep,3877,control,0,5,0.6874,0,0.2605,103,2,97.0
mech_md75_ppon_r30,mechanism_sweep,3877,control,1,3,0.7159,0,0.1595,65,2,135.33
mech_md75_ppon_r30,mechanism_sweep,3877,control,2,3,0.6671,0,0.1778,60,3,132.0
mech_md75_ppon_r30,mechanism_sweep,3877,control,3,9,0.4727,0,0.1487,123,14,110.0
mech_md75_ppon_r30,mechanism_sweep,3877,control,4,3,0.4268,0,0.1318,41,2,109.0
mech_md75_ppon_r30,mechanism_sweep,3877,treatment,0,6,0.5349,0,0.3327,93,0,110.08
mech_md75_ppon_r30,mechanism_sweep,3877,treatment,1,1,0.4614,0,0.0,13,0,57.5
mech_md75_ppon_r30,mechanism_sweep,3877,treatment,2,1,0.6408,0,0.0,16,0,97.0
mech_md75_ppon_r30,mechanism_sweep,3877,treatment,3,1,0.6276,0,0.0,18,0,98.0
mech_md75_ppon_r30,mechanism_sweep,3877,treatment,4,12,0.559,0,0.2242,156,16,120.54
mech_md75_ppon_r30,mechanism_sweep,4014,control,0,8,0.709,0,0.2891,170,7,107.88
mech_md75_ppon_r30,mechanism_sweep,4014,control,1,9,0.6016,0,0.2537,166,6,108.44
mech_md75_ppon_r30,mechanism_sweep,4014,control,2,8,0.5814,0,0.2115,143,5,112.0
mech_md75_ppon_r30,mechanism_sweep,4014,control,3,50,0.474,0,0.2292,666,81,111.56
mech_md75_ppon_r30,mechanism_sweep,4014,control,4,12,0.5621,0,0.1733,196,13,119.67
mech_md75_ppon_r30,mechanism_sweep,4014,treatment,0,15,0.5398,0,0.3061,227,5,118.63
mech_md75_ppon_r30,mechanism_sweep,4014,treatment,1,2,0.6027,0,0.3149,37,0,119.0
mech_md75_ppon_r30,mechanism_sweep,4014,treatment,2,2,0.6064,0,0.0788,27,0,132.25
mech_md75_ppon_r30,mechanism_sweep,4014,treatment,3,0,0,0,0,0,0,0
mech_md75_ppon_r30,mechanism_sweep,4014,treatment,4,0,0,0,0,0,0,0
mech_md75_ppon_r30,mechanism_sweep,4151,control,0,3,0.5273,0,0.301,49,3,124.67
mech_md75_ppon_r30,mechanism_sweep,4151,control,1,5,0.6562,0,0.3512,102,2,104.0
mech_md75_ppon_r30,mechanism_sweep,4151,control,2,0,0,0,0,0,0,0
mech_md75_ppon_r30,mechanism_sweep,4151,control,3,2,0.7289,0,0.246,41,1,103.5
mech_md75_ppon_r30,mechanism_sweep,4151,control,4,2,0.6521,0,0.2304,37,2,101.0
mech_md75_ppon_r30,mechanism_sweep,4151,treatment,0,15,0.5492,0,0.3143,240,8,95.7
mech_md75_ppon_r30,mechanism_sweep,4151,treatment,1,17,0.5182,0,0.2806,218,12,104.44
mech_md75_ppon_r30,mechanism_sweep,4151,treatment,2,14,0.6333,0,0.2826,219,9,113.82
mech_md75_ppon_r30,mechanism_sweep,4151,treatment,3,15,0.5025,0,0.2755,190,4,106.75
mech_md75_ppon_r30,mechanism_sweep,4151,treatment,4,20,0.5916,0,0.2259,297,15,117.69
mech_md75_ppon_r30,mechanism_sweep,4288,control,0,2,0.6489,0,0.2362,44,1,146.5
mech_md75_ppon_r30,mechanism_sweep,4288,control,1,10,0.6308,0,0.2887,194,12,125.4
mech_md75_ppon_r30,mechanism_sweep,4288,control,2,7,0.5762,0,0.2774,135,1,109.57
mech_md75_ppon_r30,mechanism_sweep,4288,control,3,6,0.6408,0,0.3137,111,2,98.33
mech_md75_ppon_r30,mechanism_sweep,4288,control,4,6,0.6362,0,0.3221,113,0,125.83
mech_md75_ppon_r30,mechanism_sweep,4288,treatment,0,18,0.5696,0,0.2899,290,8,115.93
mech_md75_ppon_r30,mechanism_sweep,4288,treatment,1,13,0.5139,0,0.2247,180,9,121.69
mech_md75_ppon_r30,mechanism_sweep,4288,treatment,2,10,0.6168,0,0.2283,164,9,130.57
mech_md75_ppon_r30,mechanism_sweep,4288,treatment,3,20,0.5431,0,0.2029,286,20,120.41
mech_md75_ppon_r30,mechanism_sweep,4288,treatment,4,9,0.6709,0,0.1434,143,6,126.03
mech_md75_ppon_r30,mechanism_sweep,4425,control,0,8,0.537,0,0.2318,137,10,108.12
mech_md75_ppon_r30,mechanism_sweep,4425,control,1,1,0.6079,0,0.0,20,0,93.0
mech_md75_ppon_r30,mechanism_sweep,4425,control,2,6,0.599,0,0.246,117,2,110.33
mech_md75_ppon_r30,mechanism_sweep,4425,control,3,2,0.6691,0,0.2327,43,1,141.0
mech_md75_ppon_r30,mechanism_sweep,4425,control,4,13,0.5058,0,0.2041,194,10,111.54
mech_md75_ppon_r30,mechanism_sweep,4425,treatment,0,10,0.5887,0,0.2739,169,3,136.3
mech_md75_ppon_r30,mechanism_sweep,4425,treatment,1,9,0.5698,0,0.2708,148,1,115.94
mech_md75_ppon_r30,mechanism_sweep,4425,treatment,2,15,0.6408,0,0.2614,245,13,121.88
mech_md75_ppon_r30,mechanism_sweep,4425,treatment,3,24,0.5618,0,0.2056,307,32,103.06
mech_md75_ppon_r30,mechanism_sweep,4425,treatment,4,18,0.5791,0,0.1971,234,18,97.57
mech_md75_ppon_r30,mechanism_sweep,4562,control,0,4,0.6126,0,0.3073,72,1,86.25
mech_md75_ppon_r30,mechanism_sweep,4562,control,1,1,0.7627,0,0.0,22,1,127.0
mech_md75_ppon_r30,mechanism_sweep,4562,control,2,3,0.7053,0,0.1822,72,2,79.33
mech_md75_ppon_r30,mechanism_sweep,4562,control,3,2,0.5706,0,0.2223,38,0,91.5
mech_md75_ppon_r30,mechanism_sweep,4562,control,4,0,0,0,0,0,0,0
mech_md75_ppon_r30,mechanism_sweep,4562,treatment,0,12,0.5125,0,0.2752,170,6,106.46
mech_md75_ppon_r30,mechanism_sweep,4562,treatment,1,6,0.6299,0,0.3105,104,2,98.08
mech_md75_ppon_r30,mechanism_sweep,4562,treatment,2,3,0.5498,0,0.2497,43,0,106.17
mech_md75_ppon_r30,mechanism_sweep,4562,treatment,3,2,0.5454,0,0.1109,28,0,69.25
mech_md75_ppon_r30,mechanism_sweep,4562,treatment,4,4,0.6473,0,0.2298,65,0,100.75
mech_md75_ppon_r30,mechanism_sweep,4699,control,0,4,0.6815,0,0.2958,79,4,114.75
mech_md75_ppon_r30,mechanism_sweep,4699,control,1,6,0.6021,0,0.2416,117,4,92.33
mech_md75_ppon_r30,mechanism_sweep,4699,control,2,1,0.7476,0,0.0,21,1,105.0
mech_md75_ppon_r30,mechanism_sweep,4699,control,3,1,0.6688,0,0.0,18,1,13.0
mech_md75_ppon_r30,mechanism_sweep,4699,control,4,7,0.4816,0,0.1842,83,4,112.71
mech_md75_ppon_r30,mechanism_sweep,4699,treatment,0,14,0.6017,0,0.3018,227,4,109.41
mech_md75_ppon_r30,mechanism_sweep,4699,treatment,1,12,0.6826,0,0.2507,211,4,119.08
mech_md75_ppon_r30,mechanism_sweep,4699,treatment,2,9,0.6566,0,0.2128,143,4,100.56
mech_md75_ppon_r30,mechanism_sweep,4699,treatment,3,10,0.6661,0,0.2509,166,9,99.95
mech_md75_ppon_r30,mechanism_sweep,4699,treatment,4,7,0.5812,0,0.2816,102,0,100.75
mech_md75_ppon_r30,mechanism_sweep,4836,control,0,4,0.6456,0,0.3319,83,1,121.75
mech_md75_ppon_r30,mechanism_sweep,4836,control,1,10,0.4659,0,0.27,126,13,111.4
mech_md75_ppon_r30,mechanism_sweep,4836,control,2,2,0.7361,0,0.1719,43,1,113.0
mech_md75_ppon_r30,mechanism_sweep,4836,control,3,0,0,0,0,0,0,0
mech_md75_ppon_r30,mechanism_sweep,4836,control,4,1,0.6983,0,0.0,21,1,110.0
mech_md75_ppon_r30,mechanism_sweep,4836,treatment,0,14,0.564,0,0.3036,226,2,131.11
mech_md75_ppon_r30,mechanism_sweep,4836,treatment,1,16,0.5597,0,0.2509,239,9,125.83
mech_md75_ppon_r30,mechanism_sweep,4836,treatment,2,20,0.5938,0,0.2571,314,11,119.98
mech_md75_ppon_r30,mechanism_sweep,4836,treatment,3,19,0.6155,0,0.2813,292,16,113.53
mech_md75_ppon_r30,mechanism_sweep,4836,treatment,4,14,0.5056,0,0.2736,180,6,138.3
mech_md75_ppon_r30,mechanism_sweep,4973,control,0,6,0.5955,0,0.2554,116,1,96.33
mech_md75_ppon_r30,mechanism_sweep,4973,control,1,8,0.6328,0,0.2475,155,8,116.12
mech_md75_ppon_r30,mechanism_sweep,4973,control,2,23,0.4138,0,0.2453,251,19,98.09
mech_md75_ppon_r30,mechanism_sweep,4973,control,3,4,0.5774,0,0.1927,68,2,76.75
mech_md75_ppon_r30,mechanism_sweep,4973,control,4,9,0.569,0,0.2373,144,12,112.0
mech_md75_ppon_r30,mechanism_sweep,4973,treatment,0,15,0.5391,0,0.3226,218,10,107.63
mech_md75_ppon_r30,mechanism_sweep,4973,treatment,1,14,0.5815,0,0.2794,224,4,118.38
mech_md75_ppon_r30,mechanism_sweep,4973,treatment,2,9,0.6048,0,0.2564,158,2,103.69
mech_md75_ppon_r30,mechanism_sweep,4973,treatment,3,16,0.5692,0,0.2529,242,4,126.09
mech_md75_ppon_r30,mechanism_sweep,4973,treatment,4,23,0.5721,0,0.2733,363,9,111.75
